observation_id,date,time,species_guess,scientific_name,rank,taxon_id,coordinates,place,lat_lon,grade,user
286916398,6/1/2025,2025-06-01T09:51:00-06:00,Rose Flower Urchin,Toxopneustes roseus,species,195811,"[-85.9626765465, 10.8533998942]","Islas Murciélago, Costa Rica","10.8533998942,-85.9626765465",research,d_gonzalez
286916396,6/1/2025,2025-06-01T09:50:00-06:00,Ashy Pink Sea Cucumber,Holothuria fuscocinerea,species,195764,"[-85.9626765465, 10.8533998942]","Islas Murciélago, Costa Rica","10.8533998942,-85.9626765465",needs_id,d_gonzalez
286916394,6/1/2025,2025-06-01T09:48:00-06:00,Scorpaena,Scorpaena,genus,47648,"[-85.9626765465, 10.8533998942]","Islas Murciélago, Costa Rica","10.8533998942,-85.9626765465",needs_id,d_gonzalez
286916393,6/1/2025,2025-06-01T09:46:00-06:00,Hourglass Moray,Muraena clepsydra,species,106237,"[-85.9626765465, 10.8533998942]","Islas Murciélago, Costa Rica","10.8533998942,-85.9626765465",research,d_gonzalez
286916392,6/1/2025,2025-06-01T09:45:00-06:00,Leptogorgia alba,Leptogorgia alba,species,195546,"[-85.9626765465, 10.8533998942]","Islas Murciélago, Costa Rica","10.8533998942,-85.9626765465",needs_id,d_gonzalez
286916391,6/1/2025,2025-06-01T09:45:00-06:00,Longnose Hawkfish,Oxycirrhites typus,species,121197,"[-85.9626765465, 10.8533998942]","Islas Murciélago, Costa Rica","10.8533998942,-85.9626765465",research,d_gonzalez
286916389,6/1/2025,2025-06-01T09:41:00-06:00,Oceanic Manta Ray,Mobula birostris,species,623966,"[-85.9071246536, 10.950762864]",Costa Rica,"10.950762864,-85.9071246536",research,d_gonzalez
286916387,6/1/2025,2025-06-01T09:32:00-06:00,Blue-spotted Cornetfish,Fistularia commersonii,species,57399,"[-85.9626765465, 10.8533998942]","Islas Murciélago, Costa Rica","10.8533998942,-85.9626765465",research,d_gonzalez
286916386,6/1/2025,2025-06-01T09:28:00-06:00,Oceanic Manta Ray,Mobula birostris,species,623966,"[-85.9160435596, 10.9221597333]",Costa Rica,"10.9221597333,-85.9160435596",research,d_gonzalez
286916384,6/1/2025,2025-06-01T08:23:00-06:00,Bull Shark,Carcharhinus leucas,species,84996,"[-85.999393133, 10.9991540885]",Costa Rica,"10.9991540885,-85.999393133",research,d_gonzalez
286916383,6/1/2025,2025-06-01T08:20:00-06:00,King Angelfish,Holacanthus passer,species,56797,"[-85.9626765465, 10.8533998942]","Islas Murciélago, Costa Rica","10.8533998942,-85.9626765465",research,d_gonzalez
286916382,6/1/2025,2025-06-01T09:27:00-06:00,Giant Hawkfish,Cirrhitus rivulatus,species,97880,"[-85.9626765465, 10.8533998942]","Islas Murciélago, Costa Rica","10.8533998942,-85.9626765465",research,d_gonzalez
286916375,6/1/2025,2025-06-01T08:20:00-06:00,Fine-spotted moray,Gymnothorax dovii,species,101897,"[-85.9626765465, 10.8533998942]","Islas Murciélago, Costa Rica","10.8533998942,-85.9626765465",research,d_gonzalez
286916374,6/1/2025,2025-06-01T08:19:00-06:00,Jewel Moray,Muraena lentiginosa,species,85111,"[-85.9626765465, 10.8533998942]","Islas Murciélago, Costa Rica","10.8533998942,-85.9626765465",research,d_gonzalez
286916373,6/1/2025,2025-06-01T08:18:00-06:00,Leptogorgia alba,Leptogorgia alba,species,195546,"[-85.9626765465, 10.8533998942]","Islas Murciélago, Costa Rica","10.8533998942,-85.9626765465",needs_id,d_gonzalez
286916371,6/1/2025,2025-06-01T08:17:00-06:00,Scorpaena,Scorpaena,genus,47648,"[-85.9626765465, 10.8533998942]","Islas Murciélago, Costa Rica","10.8533998942,-85.9626765465",needs_id,d_gonzalez
286916370,6/1/2025,2025-06-01T08:14:00-06:00,Flagtail Blanquillo,Malacanthus brevirostris,species,121424,"[-85.9626765465, 10.8533998942]","Islas Murciélago, Costa Rica","10.8533998942,-85.9626765465",research,d_gonzalez
286916369,6/1/2025,2025-06-01T08:12:00-06:00,Bull Shark,Carcharhinus leucas,species,84996,"[-85.8601700554, 10.8782589231]",Costa Rica,"10.8782589231,-85.8601700554",research,d_gonzalez
286916363,6/1/2025,2025-06-01T08:12:00-06:00,Bull Shark,Carcharhinus leucas,species,84996,"[-85.9488771563, 10.967090654]",Costa Rica,"10.967090654,-85.9488771563",research,d_gonzalez
286916362,6/1/2025,2025-06-01T08:12:00-06:00,Spinster Wrasse,Halichoeres nicholsi,species,56919,"[-85.9626765465, 10.8533998942]","Islas Murciélago, Costa Rica","10.8533998942,-85.9626765465",research,d_gonzalez
286916360,6/1/2025,2025-06-01T08:08:00-06:00,Cornetfishes,Fistularia,genus,47248,"[-85.9626765465, 10.8533998942]","Islas Murciélago, Costa Rica","10.8533998942,-85.9626765465",needs_id,d_gonzalez
286916357,5/31/2025,2025-05-31T09:56:00-06:00,King Angelfish,Holacanthus passer,species,56797,"[-85.9626765465, 10.8533998942]","Islas Murciélago, Costa Rica","10.8533998942,-85.9626765465",research,d_gonzalez
286916355,5/31/2025,2025-05-31T09:56:00-06:00,Blue-barred Parrotfish,Scarus ghobban,species,84175,"[-85.9626765465, 10.8533998942]","Islas Murciélago, Costa Rica","10.8533998942,-85.9626765465",needs_id,d_gonzalez
286916353,5/31/2025,2025-05-31T09:55:00-06:00,Spotted Sharpnose Puffer,Canthigaster punctatissima,species,96714,"[-85.9626765465, 10.8533998942]","Islas Murciélago, Costa Rica","10.8533998942,-85.9626765465",research,d_gonzalez
286916351,5/31/2025,2025-05-31T09:52:00-06:00,Periglypta multicostata,Periglypta multicostata,species,328442,"[-85.9626765465, 10.8533998942]","Islas Murciélago, Costa Rica","10.8533998942,-85.9626765465",research,d_gonzalez
286916350,5/31/2025,2025-05-31T09:52:00-06:00,Pacific Graysby,Cephalopholis panamensis,species,97000,"[-85.9626765465, 10.8533998942]","Islas Murciélago, Costa Rica","10.8533998942,-85.9626765465",needs_id,d_gonzalez
286916347,5/31/2025,2025-05-31T09:50:00-06:00,Leptogorgia alba,Leptogorgia alba,species,195546,"[-85.9626765465, 10.8533998942]","Islas Murciélago, Costa Rica","10.8533998942,-85.9626765465",needs_id,d_gonzalez
286916345,5/31/2025,2025-05-31T09:50:00-06:00,Longnose Hawkfish,Oxycirrhites typus,species,121197,"[-85.9626765465, 10.8533998942]","Islas Murciélago, Costa Rica","10.8533998942,-85.9626765465",research,d_gonzalez
286916344,5/31/2025,2025-05-31T09:46:00-06:00,Jewel Moray,Muraena lentiginosa,species,85111,"[-85.9626765465, 10.8533998942]","Islas Murciélago, Costa Rica","10.8533998942,-85.9626765465",research,d_gonzalez
286916341,5/31/2025,2025-05-31T09:46:00-06:00,Leptogorgia alba,Leptogorgia alba,species,195546,"[-85.9626765465, 10.8533998942]","Islas Murciélago, Costa Rica","10.8533998942,-85.9626765465",needs_id,d_gonzalez
286916340,5/31/2025,2025-05-31T09:45:00-06:00,Leptogorgia,Leptogorgia,genus,195584,"[-85.9626765465, 10.8533998942]","Islas Murciélago, Costa Rica","10.8533998942,-85.9626765465",needs_id,d_gonzalez
286916339,5/31/2025,2025-05-31T09:43:00-06:00,King Angelfish,Holacanthus passer,species,56797,"[-85.9626765465, 10.8533998942]","Islas Murciélago, Costa Rica","10.8533998942,-85.9626765465",research,d_gonzalez
286916338,5/31/2025,2025-05-31T09:42:00-06:00,Hourglass Moray,Muraena clepsydra,species,106237,"[-85.9626765465, 10.8533998942]","Islas Murciélago, Costa Rica","10.8533998942,-85.9626765465",research,d_gonzalez
286916336,5/31/2025,2025-05-31T09:42:00-06:00,Bluntspine Blenny,Acanthemblemaria exilispinus,species,93031,"[-85.9626765465, 10.8533998942]","Islas Murciélago, Costa Rica","10.8533998942,-85.9626765465",needs_id,d_gonzalez
286916334,5/31/2025,2025-05-31T09:40:00-06:00,Cauliflower Corals,Pocillopora,genus,60547,"[-85.9626765465, 10.8533998942]","Islas Murciélago, Costa Rica","10.8533998942,-85.9626765465",needs_id,d_gonzalez
286916330,5/31/2025,2025-05-31T09:37:00-06:00,Spinster Wrasse,Halichoeres nicholsi,species,56919,"[-85.9626765465, 10.8533998942]","Islas Murciélago, Costa Rica","10.8533998942,-85.9626765465",needs_id,d_gonzalez
286916329,5/31/2025,2025-05-31T09:35:00-06:00,King Angelfish,Holacanthus passer,species,56797,"[-85.9626765465, 10.8533998942]","Islas Murciélago, Costa Rica","10.8533998942,-85.9626765465",research,d_gonzalez
286916326,5/31/2025,2025-05-31T09:33:00-06:00,Cauliflower Corals,Pocillopora,genus,60547,"[-85.9626765465, 10.8533998942]","Islas Murciélago, Costa Rica","10.8533998942,-85.9626765465",needs_id,d_gonzalez
286916324,5/31/2025,2025-05-31T09:33:00-06:00,Microspathodon,Microspathodon,genus,49754,"[-85.9626765465, 10.8533998942]","Islas Murciélago, Costa Rica","10.8533998942,-85.9626765465",needs_id,d_gonzalez
286916323,5/31/2025,2025-05-31T08:36:00-06:00,Gafftopsail Pompano,Trachinotus rhodopus,species,85122,"[-85.9626765465, 10.8533998942]","Islas Murciélago, Costa Rica","10.8533998942,-85.9626765465",needs_id,d_gonzalez
286916321,5/31/2025,2025-05-31T08:29:00-06:00,Rose Flower Urchin,Toxopneustes roseus,species,195811,"[-85.9626765465, 10.8533998942]","Islas Murciélago, Costa Rica","10.8533998942,-85.9626765465",research,d_gonzalez
286916320,5/31/2025,2025-05-31T08:25:00-06:00,Bluefin Trevally,Caranx melampygus,species,123690,"[-85.9626765465, 10.8533998942]","Islas Murciélago, Costa Rica","10.8533998942,-85.9626765465",research,d_gonzalez
286916318,5/31/2025,2025-05-31T08:23:00-06:00,Hexaplex,Hexaplex,genus,244554,"[-85.9626765465, 10.8533998942]","Islas Murciélago, Costa Rica","10.8533998942,-85.9626765465",needs_id,d_gonzalez
286916317,5/31/2025,2025-05-31T08:22:00-06:00,Spinster Wrasse,Halichoeres nicholsi,species,56919,"[-85.9626765465, 10.8533998942]","Islas Murciélago, Costa Rica","10.8533998942,-85.9626765465",needs_id,d_gonzalez
286916316,5/31/2025,2025-05-31T08:20:00-06:00,Ashy Pink Sea Cucumber,Holothuria fuscocinerea,species,195764,"[-85.9626765465, 10.8533998942]","Islas Murciélago, Costa Rica","10.8533998942,-85.9626765465",needs_id,d_gonzalez
286916315,5/31/2025,2025-05-31T08:19:00-06:00,Rose Flower Urchin,Toxopneustes roseus,species,195811,"[-85.9626765465, 10.8533998942]","Islas Murciélago, Costa Rica","10.8533998942,-85.9626765465",research,d_gonzalez
286916314,5/31/2025,2025-05-31T08:17:00-06:00,Starry Grouper,Epinephelus labriformis,species,67529,"[-85.9626765465, 10.8533998942]","Islas Murciélago, Costa Rica","10.8533998942,-85.9626765465",needs_id,d_gonzalez
286916313,5/31/2025,2025-05-31T08:15:00-06:00,Leptogorgia alba,Leptogorgia alba,species,195546,"[-85.9626765465, 10.8533998942]","Islas Murciélago, Costa Rica","10.8533998942,-85.9626765465",needs_id,d_gonzalez
286916312,5/31/2025,2025-05-31T08:13:00-06:00,Leptogorgia alba,Leptogorgia alba,species,195546,"[-85.9626765465, 10.8533998942]","Islas Murciélago, Costa Rica","10.8533998942,-85.9626765465",needs_id,d_gonzalez
286916310,5/31/2025,2025-05-31T08:15:00-06:00,Longnose Hawkfish,Oxycirrhites typus,species,121197,"[-85.9626765465, 10.8533998942]","Islas Murciélago, Costa Rica","10.8533998942,-85.9626765465",research,d_gonzalez
286916307,5/31/2025,2025-05-31T08:13:00-06:00,Pacific Graysby,Cephalopholis panamensis,species,97000,"[-85.9626765465, 10.8533998942]","Islas Murciélago, Costa Rica","10.8533998942,-85.9626765465",needs_id,d_gonzalez
286916305,5/31/2025,2025-05-31T08:09:00-06:00,Hourglass Moray,Muraena clepsydra,species,106237,"[-85.9626765465, 10.8533998942]","Islas Murciélago, Costa Rica","10.8533998942,-85.9626765465",research,d_gonzalez
286916301,5/31/2025,2025-05-31T08:09:00-06:00,King Angelfish,Holacanthus passer,species,56797,"[-85.9626765465, 10.8533998942]","Islas Murciélago, Costa Rica","10.8533998942,-85.9626765465",research,d_gonzalez
286916300,5/31/2025,2025-05-31T08:08:00-06:00,Bluntspine Blenny,Acanthemblemaria exilispinus,species,93031,"[-85.9626765465, 10.8533998942]","Islas Murciélago, Costa Rica","10.8533998942,-85.9626765465",research,d_gonzalez
286916298,5/31/2025,2025-05-31T08:07:00-06:00,Hourglass Moray,Muraena clepsydra,species,106237,"[-85.9626765465, 10.8533998942]","Islas Murciélago, Costa Rica","10.8533998942,-85.9626765465",research,d_gonzalez
286916296,5/31/2025,2025-05-31T08:06:00-06:00,Starry Grouper,Epinephelus labriformis,species,67529,"[-85.9626765465, 10.8533998942]","Islas Murciélago, Costa Rica","10.8533998942,-85.9626765465",research,d_gonzalez
286916295,5/31/2025,2025-05-31T08:07:00-06:00,Heart Urchins,Spatangoida,order,152898,"[-85.9626765465, 10.8533998942]","Islas Murciélago, Costa Rica","10.8533998942,-85.9626765465",needs_id,d_gonzalez
286916293,5/31/2025,2025-05-31T08:06:00-06:00,Mexican Hogfish,Bodianus diplotaenia,species,57333,"[-85.9626765465, 10.8533998942]","Islas Murciélago, Costa Rica","10.8533998942,-85.9626765465",research,d_gonzalez
286916291,5/31/2025,2025-05-31T08:05:00-06:00,King Angelfish,Holacanthus passer,species,56797,"[-85.9626765465, 10.8533998942]","Islas Murciélago, Costa Rica","10.8533998942,-85.9626765465",research,d_gonzalez
286916289,5/31/2025,2025-05-31T08:05:00-06:00,Spinster Wrasse,Halichoeres nicholsi,species,56919,"[-85.9626765465, 10.8533998942]","Islas Murciélago, Costa Rica","10.8533998942,-85.9626765465",research,d_gonzalez
286916287,5/31/2025,2025-05-31T08:03:00-06:00,Rose Flower Urchin,Toxopneustes roseus,species,195811,"[-85.9626765465, 10.8533998942]","Islas Murciélago, Costa Rica","10.8533998942,-85.9626765465",research,d_gonzalez
282465382,5/4/2025,2025-05-04T11:14:00-06:00,Orangespotted Filefish,Cantherhines pullus,species,49275,"[-82.6944956837, 9.6428193444]","Limón Province, Punta Uva, Costa Rica","9.6428193444,-82.6944956837",research,d_gonzalez
282465381,5/4/2025,2025-05-04T11:14:00-06:00,Yellowtail Parrotfish,Sparisoma rubripinne,species,112864,"[-82.6944956837, 9.6428193444]","Limón Province, Punta Uva, Costa Rica","9.6428193444,-82.6944956837",needs_id,d_gonzalez
282465377,5/4/2025,2025-05-04T11:13:00-06:00,Haemulon,Haemulon,genus,49264,"[-82.6944956837, 9.6428193444]","Limón Province, Punta Uva, Costa Rica","9.6428193444,-82.6944956837",needs_id,d_gonzalez
282465376,5/4/2025,2025-05-04T11:10:00-06:00,Haemulon,Haemulon,genus,49264,"[-82.6944956837, 9.6428193444]","Limón Province, Punta Uva, Costa Rica","9.6428193444,-82.6944956837",needs_id,d_gonzalez
282465375,5/4/2025,2025-05-04T11:07:00-06:00,Reef Urchin,Echinometra viridis,species,128200,"[-82.6944956837, 9.6428193444]","Limón Province, Punta Uva, Costa Rica","9.6428193444,-82.6944956837",needs_id,d_gonzalez
282465372,5/4/2025,2025-05-04T11:03:00-06:00,Caribbean Spiny Lobster,Panulirus argus,species,47299,"[-82.6944956837, 9.6428193444]","Limón Province, Punta Uva, Costa Rica","9.6428193444,-82.6944956837",needs_id,d_gonzalez
282465371,5/4/2025,2025-05-04T10:53:00-06:00,Branching Anemone,Lebrunia neglecta,species,764666,"[-82.6944956837, 9.6428193444]","Limón Province, Punta Uva, Costa Rica","9.6428193444,-82.6944956837",needs_id,d_gonzalez
282465370,5/4/2025,2025-05-04T10:50:00-06:00,Orangespotted Filefish,Cantherhines pullus,species,49275,"[-82.6944956837, 9.6428193444]","Limón Province, Punta Uva, Costa Rica","9.6428193444,-82.6944956837",research,d_gonzalez
282465369,5/4/2025,2025-05-04T10:49:00-06:00,Yellowtail Parrotfish,Sparisoma rubripinne,species,112864,"[-82.6944956837, 9.6428193444]","Limón Province, Punta Uva, Costa Rica","9.6428193444,-82.6944956837",needs_id,d_gonzalez
282465366,5/4/2025,2025-05-04T10:43:00-06:00,Branching Anemone,Lebrunia neglecta,species,764666,"[-82.6944956837, 9.6428193444]","Limón Province, Punta Uva, Costa Rica","9.6428193444,-82.6944956837",research,d_gonzalez
282465365,5/4/2025,2025-05-04T10:41:00-06:00,Goldentail Moray,Gymnothorax miliaris,species,49256,"[-82.6944956837, 9.6428193444]","Limón Province, Punta Uva, Costa Rica","9.6428193444,-82.6944956837",research,d_gonzalez
282465364,5/4/2025,2025-05-04T10:37:00-06:00,Yellowtail Damselfish,Microspathodon chrysurus,species,49753,"[-82.6944956837, 9.6428193444]","Limón Province, Punta Uva, Costa Rica","9.6428193444,-82.6944956837",research,d_gonzalez
282465363,5/4/2025,2025-05-04T10:37:00-06:00,Fire Corals,Millepora,genus,89967,"[-82.6944956837, 9.6428193444]","Limón Province, Punta Uva, Costa Rica","9.6428193444,-82.6944956837",needs_id,d_gonzalez
282465360,5/4/2025,2025-05-04T10:33:00-06:00,Doctorfish,Acanthurus chirurgus,species,121195,"[-82.6944956837, 9.6428193444]","Limón Province, Punta Uva, Costa Rica","9.6428193444,-82.6944956837",research,d_gonzalez
282465359,5/4/2025,2025-05-04T10:33:00-06:00,Caribbean Bluehead Wrasse,Thalassoma bifasciatum,species,49491,"[-82.6944956837, 9.6428193444]","Limón Province, Punta Uva, Costa Rica","9.6428193444,-82.6944956837",research,d_gonzalez
282465358,5/4/2025,2025-05-04T10:33:00-06:00,Orangespotted Filefish,Cantherhines pullus,species,49275,"[-82.6944956837, 9.6428193444]","Limón Province, Punta Uva, Costa Rica","9.6428193444,-82.6944956837",research,d_gonzalez
282465355,5/4/2025,2025-05-04T10:32:00-06:00,Ridged Cactus Coral,Mycetophyllia lamarckiana,species,106302,"[-82.6944956837, 9.6428193444]","Limón Province, Punta Uva, Costa Rica","9.6428193444,-82.6944956837",needs_id,d_gonzalez
282465352,5/4/2025,2025-05-04T10:32:00-06:00,Caribbean Sea Mat,Palythoa caribaeorum,species,324157,"[-82.6944956837, 9.6428193444]","Limón Province, Punta Uva, Costa Rica","9.6428193444,-82.6944956837",needs_id,d_gonzalez
282465351,5/4/2025,2025-05-04T10:24:00-06:00,Rose Lace Coral,Stylaster roseus,species,131856,"[-82.6944956837, 9.6428193444]","Limón Province, Punta Uva, Costa Rica","9.6428193444,-82.6944956837",needs_id,d_gonzalez
282465350,5/4/2025,2025-05-04T10:24:00-06:00,Stony Corals,Scleractinia,order,47532,"[-82.6944956837, 9.6428193444]","Limón Province, Punta Uva, Costa Rica","9.6428193444,-82.6944956837",needs_id,d_gonzalez
282465346,5/4/2025,2025-05-04T10:23:00-06:00,Mountainous Star Coral,Orbicella faveolata,species,503516,"[-82.7631759401, 9.7941421342]",,"9.7941421342,-82.7631759401",needs_id,d_gonzalez
282465345,5/4/2025,2025-05-04T10:22:00-06:00,Rose Lace Coral,Stylaster roseus,species,131856,"[-82.6944956837, 9.6428193444]","Limón Province, Punta Uva, Costa Rica","9.6428193444,-82.6944956837",needs_id,d_gonzalez
282465344,5/4/2025,2025-05-04T10:20:00-06:00,Purple Sea Fan,Gorgonia ventalina,species,120130,"[-82.6944956837, 9.6428193444]","Limón Province, Punta Uva, Costa Rica","9.6428193444,-82.6944956837",research,d_gonzalez
282465336,5/4/2025,2025-05-04T10:15:00-06:00,Mat Zoanthid,Zoanthus pulchellus,species,132482,"[-82.6944956837, 9.6428193444]","Limón Province, Punta Uva, Costa Rica","9.6428193444,-82.6944956837",needs_id,d_gonzalez
282465335,5/4/2025,2025-05-04T10:12:00-06:00,Atlantic Rock-boring Urchin,Echinometra lucunter,species,194691,"[-82.6944956837, 9.6428193444]","Limón Province, Punta Uva, Costa Rica","9.6428193444,-82.6944956837",needs_id,d_gonzalez
282465334,5/4/2025,2025-05-04T10:11:00-06:00,Golf Ball Coral,Favia fragum,species,503811,"[-82.6944956837, 9.6428193444]","Limón Province, Punta Uva, Costa Rica","9.6428193444,-82.6944956837",research,d_gonzalez
282465330,5/4/2025,2025-05-04T10:10:00-06:00,Caribbean Sea Mat,Palythoa caribaeorum,species,324157,"[-82.6944956837, 9.6428193444]","Limón Province, Punta Uva, Costa Rica","9.6428193444,-82.6944956837",needs_id,d_gonzalez
282465326,5/4/2025,2025-05-04T10:09:00-06:00,Lettuce Sea Slug,Elysia crispata,species,119875,"[-82.6944956837, 9.6428193444]","Limón Province, Punta Uva, Costa Rica","9.6428193444,-82.6944956837",research,d_gonzalez
282465325,5/4/2025,2025-05-04T10:08:00-06:00,Brittle Stars,Ophiuroidea,class,48836,"[-82.6944956837, 9.6428193444]","Limón Province, Punta Uva, Costa Rica","9.6428193444,-82.6944956837",needs_id,d_gonzalez
282465321,5/4/2025,2025-05-04T10:07:00-06:00,Slate Pencil Urchin,Eucidaris tribuloides,species,47836,"[-82.6944956837, 9.6428193444]","Limón Province, Punta Uva, Costa Rica","9.6428193444,-82.6944956837",needs_id,d_gonzalez
282465318,5/4/2025,2025-05-04T10:02:00-06:00,Agaricia,Agaricia,genus,86272,"[-82.6944956837, 9.6428193444]","Limón Province, Punta Uva, Costa Rica","9.6428193444,-82.6944956837",needs_id,d_gonzalez
282465316,5/4/2025,2025-05-04T10:00:00-06:00,Pennaria,Pennaria,genus,191218,"[-82.6944956837, 9.6428193444]","Limón Province, Punta Uva, Costa Rica","9.6428193444,-82.6944956837",needs_id,d_gonzalez
282465315,5/4/2025,2025-05-04T09:59:00-06:00,Acanthurus,Acanthurus,genus,55382,"[-82.6944956837, 9.6428193444]","Limón Province, Punta Uva, Costa Rica","9.6428193444,-82.6944956837",needs_id,d_gonzalez
282465312,5/4/2025,2025-05-04T09:59:00-06:00,Atlantic Blue Tang,Acanthurus coeruleus,species,121196,"[-82.6944956837, 9.6428193444]","Limón Province, Punta Uva, Costa Rica","9.6428193444,-82.6944956837",research,d_gonzalez
282465307,5/4/2025,2025-05-04T09:59:00-06:00,Graysby,Cephalopholis cruentata,species,96991,"[-82.6944956837, 9.6428193444]","Limón Province, Punta Uva, Costa Rica","9.6428193444,-82.6944956837",needs_id,d_gonzalez
282465306,5/4/2025,2025-05-04T09:58:00-06:00,Plexaurid Sea Fans,Plexauridae,family,85999,"[-82.6944956837, 9.6428193444]","Limón Province, Punta Uva, Costa Rica","9.6428193444,-82.6944956837",needs_id,d_gonzalez
282465305,5/4/2025,2025-05-04T09:59:00-06:00,Caribbean Sea Mat,Palythoa caribaeorum,species,324157,"[-82.6944956837, 9.6428193444]","Limón Province, Punta Uva, Costa Rica","9.6428193444,-82.6944956837",needs_id,d_gonzalez
282465297,5/4/2025,2025-05-04T09:52:00-06:00,Stony Corals,Scleractinia,order,47532,"[-82.6944956837, 9.6428193444]","Limón Province, Punta Uva, Costa Rica","9.6428193444,-82.6944956837",needs_id,d_gonzalez
282465296,5/4/2025,2025-05-04T09:49:00-06:00,Plexaurid Sea Fans,Plexauridae,family,85999,"[-82.6944956837, 9.6428193444]","Limón Province, Punta Uva, Costa Rica","9.6428193444,-82.6944956837",needs_id,d_gonzalez
282465295,5/4/2025,2025-05-04T09:48:00-06:00,Slate Pencil Urchin,Eucidaris tribuloides,species,47836,"[-82.6944956837, 9.6428193444]","Limón Province, Punta Uva, Costa Rica","9.6428193444,-82.6944956837",needs_id,d_gonzalez
282465294,5/4/2025,2025-05-04T09:44:00-06:00,Lettuce Sea Slug,Elysia crispata,species,119875,"[-82.6944956837, 9.6428193444]","Limón Province, Punta Uva, Costa Rica","9.6428193444,-82.6944956837",research,d_gonzalez
282465293,5/4/2025,2025-05-04T09:46:00-06:00,Bearded Fireworm,Hermodice carunculata,species,49520,"[-82.6944956837, 9.6428193444]","Limón Province, Punta Uva, Costa Rica","9.6428193444,-82.6944956837",research,d_gonzalez
282465292,5/4/2025,2025-05-04T09:40:00-06:00,Labrisomus,Labrisomus,genus,89289,"[-82.6944956837, 9.6428193444]","Limón Province, Punta Uva, Costa Rica","9.6428193444,-82.6944956837",needs_id,d_gonzalez
282465289,5/4/2025,2025-05-04T09:39:00-06:00,Atlantic Rock-boring Urchin,Echinometra lucunter,species,194691,"[-82.6944956837, 9.6428193444]","Limón Province, Punta Uva, Costa Rica","9.6428193444,-82.6944956837",needs_id,d_gonzalez
282465288,5/4/2025,2025-05-04T09:36:00-06:00,Slate Pencil Urchin,Eucidaris tribuloides,species,47836,"[-82.6944956837, 9.6428193444]","Limón Province, Punta Uva, Costa Rica","9.6428193444,-82.6944956837",needs_id,d_gonzalez
282465287,5/4/2025,2025-05-04T10:24:00-06:00,Mustard Hill Coral,Porites astreoides,species,110084,"[-82.6944956837, 9.6428193444]","Limón Province, Punta Uva, Costa Rica","9.6428193444,-82.6944956837",needs_id,d_gonzalez
282465283,5/4/2025,2025-05-04T11:12:00-06:00,Knobby Brain Coral,Pseudodiploria clivosa,species,504640,"[-82.6944956837, 9.6428193444]","Limón Province, Punta Uva, Costa Rica","9.6428193444,-82.6944956837",needs_id,d_gonzalez
282465277,5/4/2025,2025-05-04T09:34:00-06:00,Pore Corals,Porites,genus,47530,"[-82.6944956837, 9.6428193444]","Limón Province, Punta Uva, Costa Rica","9.6428193444,-82.6944956837",needs_id,d_gonzalez
282465276,5/4/2025,2025-05-04T09:33:00-06:00,Massive Starlet Coral,Siderastrea siderea,species,112557,"[-82.6944956837, 9.6428193444]","Limón Province, Punta Uva, Costa Rica","9.6428193444,-82.6944956837",needs_id,d_gonzalez
282465275,5/4/2025,2025-05-04T10:10:00-06:00,Stony Corals,Scleractinia,order,47532,"[-82.6944956837, 9.6428193444]","Limón Province, Punta Uva, Costa Rica","9.6428193444,-82.6944956837",needs_id,d_gonzalez
282465269,5/4/2025,2025-05-04T09:30:00-06:00,Stony Corals,Scleractinia,order,47532,"[-82.6944956837, 9.6428193444]","Limón Province, Punta Uva, Costa Rica","9.6428193444,-82.6944956837",needs_id,d_gonzalez
282465263,5/4/2025,2025-05-04T09:39:00-06:00,Knobby Brain Coral,Pseudodiploria clivosa,species,504640,"[-82.6944956837, 9.6428193444]","Limón Province, Punta Uva, Costa Rica","9.6428193444,-82.6944956837",needs_id,d_gonzalez
282465262,5/4/2025,2025-05-04T09:29:00-06:00,"Pike-Blennies, Tube-Blennies, and Flagblennies",Chaenopsidae,family,85674,"[-82.6944956837, 9.6428193444]","Limón Province, Punta Uva, Costa Rica","9.6428193444,-82.6944956837",needs_id,d_gonzalez
282465261,5/4/2025,2025-05-04T09:33:00-06:00,Boulder Brain Coral,Colpophyllia natans,species,98317,"[-82.6944956837, 9.6428193444]","Limón Province, Punta Uva, Costa Rica","9.6428193444,-82.6944956837",needs_id,d_gonzalez
282465255,5/4/2025,2025-05-04T09:29:00-06:00,Knobby Brain Coral,Pseudodiploria clivosa,species,504640,"[-82.6944956837, 9.6428193444]","Limón Province, Punta Uva, Costa Rica","9.6428193444,-82.6944956837",needs_id,d_gonzalez
282465249,5/4/2025,2025-05-04T09:56:00-06:00,Knobby Brain Coral,Pseudodiploria clivosa,species,504640,"[-82.6944956837, 9.6428193444]","Limón Province, Punta Uva, Costa Rica","9.6428193444,-82.6944956837",needs_id,d_gonzalez
282465248,5/3/2025,2025-05-03T13:21:00-06:00,Haemulon,Haemulon,genus,49264,"[-82.8245257863, 9.7456766122]","Limón Province, Cahuita, Costa Rica","9.7456766122,-82.8245257863",needs_id,d_gonzalez
282465247,5/3/2025,2025-05-03T13:18:00-06:00,Malacostracans,Malacostraca,class,47187,"[-82.8245257863, 9.7456766122]","Limón Province, Cahuita, Costa Rica","9.7456766122,-82.8245257863",needs_id,d_gonzalez
282465243,5/3/2025,2025-05-03T13:18:00-06:00,Lesser Starlet Coral,Siderastrea radians,species,112555,"[-82.8245257863, 9.7456766122]","Limón Province, Cahuita, Costa Rica","9.7456766122,-82.8245257863",needs_id,d_gonzalez
282465241,5/3/2025,2025-05-03T13:14:00-06:00,Atlantic Long-spined Sea Urchin,Diadema antillarum,species,52290,"[-82.8245257863, 9.7456766122]","Limón Province, Cahuita, Costa Rica","9.7456766122,-82.8245257863",needs_id,d_gonzalez
282465238,5/3/2025,2025-05-03T13:17:00-06:00,Common Lionfish,Pterois volitans,species,47280,"[-82.8245257863, 9.7456766122]","Limón Province, Cahuita, Costa Rica","9.7456766122,-82.8245257863",research,d_gonzalez
281375281,4/30/2025,2025-04-30T19:54:00-05:00,Yellowbanded Coral Shrimp,Stenopus scutellatus,species,295428,"[-82.2408032, 9.3407804]","Bocas del Toro, Bocas del Toro Province, Panama","9.3407804,-82.2408032",research,d_gonzalez
281375280,4/30/2025,2025-04-30T19:54:00-05:00,Spotted Moray,Gymnothorax moringa,species,128105,"[-82.2408032, 9.3407804]","Bocas del Toro, Bocas del Toro Province, Panama","9.3407804,-82.2408032",research,d_gonzalez
281375277,4/30/2025,2025-04-30T19:52:00-05:00,Calamus,Calamus,genus,49239,"[-82.2408032, 9.3407804]","Bocas del Toro, Bocas del Toro Province, Panama","9.3407804,-82.2408032",needs_id,d_gonzalez
281375275,4/30/2025,2025-04-30T19:50:00-05:00,Grooved Brain Coral,Diploria labyrinthiformis,species,504638,"[-82.2408032, 9.3407804]","Bocas del Toro, Bocas del Toro Province, Panama","9.3407804,-82.2408032",research,d_gonzalez
281375274,4/30/2025,2025-04-30T19:35:00-05:00,Spotted Porcupinefish,Diodon hystrix,species,52313,"[-82.2408032, 9.3407804]","Bocas del Toro, Bocas del Toro Province, Panama","9.3407804,-82.2408032",research,d_gonzalez
281375272,4/30/2025,2025-04-30T19:33:00-05:00,Giant Basket Star,Astrophyton muricatum,species,128117,"[-82.2408032, 9.3407804]","Bocas del Toro, Bocas del Toro Province, Panama","9.3407804,-82.2408032",research,d_gonzalez
281375270,4/30/2025,2025-04-30T19:29:00-05:00,Spotted Drum,Equetus punctatus,species,1316037,"[-82.2408032, 9.3407804]","Bocas del Toro, Bocas del Toro Province, Panama","9.3407804,-82.2408032",research,d_gonzalez
281375269,4/30/2025,2025-04-30T19:27:00-05:00,Banded Coral Shrimp,Stenopus hispidus,species,121669,"[-82.2408032, 9.3407804]","Bocas del Toro, Bocas del Toro Province, Panama","9.3407804,-82.2408032",research,d_gonzalez
281375267,4/30/2025,2025-04-30T19:25:00-05:00,Giant Basket Star,Astrophyton muricatum,species,128117,"[-82.2408032, 9.3407804]","Bocas del Toro, Bocas del Toro Province, Panama","9.3407804,-82.2408032",research,d_gonzalez
281375266,4/30/2025,2025-04-30T19:25:00-05:00,Giant Basket Star,Astrophyton muricatum,species,128117,"[-82.2408032, 9.3407804]","Bocas del Toro, Bocas del Toro Province, Panama","9.3407804,-82.2408032",research,d_gonzalez
281375265,4/30/2025,2025-04-30T19:24:00-05:00,Giant Basket Star,Astrophyton muricatum,species,128117,"[-82.2408032, 9.3407804]","Bocas del Toro, Bocas del Toro Province, Panama","9.3407804,-82.2408032",research,d_gonzalez
281375262,4/30/2025,2025-04-30T19:23:00-05:00,Spotted Drum,Equetus punctatus,species,1316037,"[-82.2408032, 9.3407804]","Bocas del Toro, Bocas del Toro Province, Panama","9.3407804,-82.2408032",research,d_gonzalez
281375260,4/30/2025,2025-04-30T19:21:00-05:00,West Indian spider crab,Maguimithrax spinosissimus,species,951390,"[-82.2408032, 9.3407804]","Bocas del Toro, Bocas del Toro Province, Panama","9.3407804,-82.2408032",needs_id,d_gonzalez
281375259,4/30/2025,2025-04-30T19:21:00-05:00,Knobby Anemone,Laviactis lucida,species,569548,"[-82.2408032, 9.3407804]","Bocas del Toro, Bocas del Toro Province, Panama","9.3407804,-82.2408032",research,d_gonzalez
281375258,4/30/2025,2025-04-30T19:21:00-05:00,Pederson Cleaner Shrimp,Ancylomenes pedersoni,species,495701,"[-82.2408032, 9.3407804]","Bocas del Toro, Bocas del Toro Province, Panama","9.3407804,-82.2408032",research,d_gonzalez
281375256,4/30/2025,2025-04-30T19:20:00-05:00,Knobby Anemone,Laviactis lucida,species,569548,"[-82.2408032, 9.3407804]","Bocas del Toro, Bocas del Toro Province, Panama","9.3407804,-82.2408032",research,d_gonzalez
281375254,4/30/2025,2025-04-30T19:20:00-05:00,Spotted Porcupinefish,Diodon hystrix,species,52313,"[-82.2408032, 9.3407804]","Bocas del Toro, Bocas del Toro Province, Panama","9.3407804,-82.2408032",research,d_gonzalez
281375253,4/30/2025,2025-04-30T19:19:00-05:00,Sea Anemones,Actiniaria,order,47797,"[-82.2408032, 9.3407804]","Bocas del Toro, Bocas del Toro Province, Panama","9.3407804,-82.2408032",needs_id,d_gonzalez
281375251,4/30/2025,2025-04-30T19:14:00-05:00,Spotfin Butterflyfish,Chaetodon ocellatus,species,49273,"[-82.2408032, 9.3407804]","Bocas del Toro, Bocas del Toro Province, Panama","9.3407804,-82.2408032",research,d_gonzalez
281375249,4/30/2025,2025-04-30T19:13:00-05:00,Mithracidae,Mithracidae,family,132529,"[-82.2408032, 9.3407804]","Bocas del Toro, Bocas del Toro Province, Panama","9.3407804,-82.2408032",needs_id,d_gonzalez
281375247,4/30/2025,2025-04-30T19:13:00-05:00,Giant Basket Star,Astrophyton muricatum,species,128117,"[-82.2408032, 9.3407804]","Bocas del Toro, Bocas del Toro Province, Panama","9.3407804,-82.2408032",research,d_gonzalez
281375245,4/30/2025,2025-04-30T19:12:00-05:00,Atlantic Long-spined Sea Urchin,Diadema antillarum,species,52290,"[-82.2408032, 9.3407804]","Bocas del Toro, Bocas del Toro Province, Panama","9.3407804,-82.2408032",research,d_gonzalez
281375244,4/30/2025,2025-04-30T12:43:00-05:00,Great Barracuda,Sphyraena barracuda,species,47251,"[-82.2367872298, 9.3387546824]","Isla Carenero, Provincia de Bocas del Toro, Panama","9.3387546824,-82.2367872298",research,d_gonzalez
281375243,4/30/2025,2025-04-30T12:42:00-05:00,Donkey Dung Sea Cucumber,Holothuria mexicana,species,82512,"[-82.2367872298, 9.3387546824]","Isla Carenero, Provincia de Bocas del Toro, Panama","9.3387546824,-82.2367872298",research,d_gonzalez
281375240,4/30/2025,2025-04-30T12:39:00-05:00,Red Cushion Sea Star,Oreaster reticulatus,species,49500,"[-82.2367872298, 9.3387546824]","Isla Carenero, Provincia de Bocas del Toro, Panama","9.3387546824,-82.2367872298",research,d_gonzalez
281375239,4/30/2025,2025-04-30T12:41:00-05:00,Red Cushion Sea Star,Oreaster reticulatus,species,49500,"[-82.2367872298, 9.3387546824]","Isla Carenero, Provincia de Bocas del Toro, Panama","9.3387546824,-82.2367872298",research,d_gonzalez
281375238,4/30/2025,2025-04-30T12:38:00-05:00,Scrawled Cowfish,Acanthostracion quadricornis,species,49925,"[-82.2367872298, 9.3387546824]","Isla Carenero, Provincia de Bocas del Toro, Panama","9.3387546824,-82.2367872298",research,d_gonzalez
281375235,4/30/2025,2025-04-30T12:38:00-05:00,Red Cushion Sea Star,Oreaster reticulatus,species,49500,"[-82.2367872298, 9.3387546824]","Isla Carenero, Provincia de Bocas del Toro, Panama","9.3387546824,-82.2367872298",research,d_gonzalez
281375234,4/30/2025,2025-04-30T12:36:00-05:00,Rough File Clam,Ctenoides scaber,species,984479,"[-82.2367872298, 9.3387546824]","Isla Carenero, Provincia de Bocas del Toro, Panama","9.3387546824,-82.2367872298",research,d_gonzalez
281375233,4/30/2025,2025-04-30T12:36:00-05:00,Swimming Crabs,Portunidae,family,49506,"[-82.2367872298, 9.3387546824]","Isla Carenero, Provincia de Bocas del Toro, Panama","9.3387546824,-82.2367872298",needs_id,d_gonzalez
281375230,4/30/2025,2025-04-30T12:35:00-05:00,Chocolate Chip Sea Cucumber,Isostichopus badionotus,species,128128,"[-82.2367872298, 9.3387546824]","Isla Carenero, Provincia de Bocas del Toro, Panama","9.3387546824,-82.2367872298",research,d_gonzalez
281375229,4/30/2025,2025-04-30T12:34:00-05:00,Yellowline Arrow Crab,Stenorhynchus seticornis,species,128121,"[-82.2367872298, 9.3387546824]","Isla Carenero, Provincia de Bocas del Toro, Panama","9.3387546824,-82.2367872298",research,d_gonzalez
281375228,4/30/2025,2025-04-30T12:34:00-05:00,Chocolate Chip Sea Cucumber,Isostichopus badionotus,species,128128,"[-82.2367872298, 9.3387546824]","Isla Carenero, Provincia de Bocas del Toro, Panama","9.3387546824,-82.2367872298",research,d_gonzalez
281375223,4/30/2025,2025-04-30T12:34:00-05:00,Sea Cucumbers,Holothuroidea,class,47720,"[-82.2367872298, 9.3387546824]","Isla Carenero, Provincia de Bocas del Toro, Panama","9.3387546824,-82.2367872298",needs_id,d_gonzalez
281375221,4/30/2025,2025-04-30T12:33:00-05:00,Red Cushion Sea Star,Oreaster reticulatus,species,49500,"[-82.2367872298, 9.3387546824]","Isla Carenero, Provincia de Bocas del Toro, Panama","9.3387546824,-82.2367872298",research,d_gonzalez
281375219,4/30/2025,2025-04-30T12:32:00-05:00,Sponge Zoanthid,Umimayanthus parasiticus,species,937290,"[-82.2367872298, 9.3387546824]","Isla Carenero, Provincia de Bocas del Toro, Panama","9.3387546824,-82.2367872298",research,d_gonzalez
281375216,4/30/2025,2025-04-30T12:30:00-05:00,Red Cushion Sea Star,Oreaster reticulatus,species,49500,"[-82.2367872298, 9.3387546824]","Isla Carenero, Provincia de Bocas del Toro, Panama","9.3387546824,-82.2367872298",research,d_gonzalez
281375215,4/30/2025,2025-04-30T12:32:00-05:00,Rough File Clam,Ctenoides scaber,species,984479,"[-82.2367872298, 9.3387546824]","Isla Carenero, Provincia de Bocas del Toro, Panama","9.3387546824,-82.2367872298",research,d_gonzalez
281375214,4/30/2025,2025-04-30T12:29:00-05:00,Red Cushion Sea Star,Oreaster reticulatus,species,49500,"[-82.2367872298, 9.3387546824]","Isla Carenero, Provincia de Bocas del Toro, Panama","9.3387546824,-82.2367872298",research,d_gonzalez
281375207,4/30/2025,2025-04-30T11:52:00-05:00,Stoplight Parrotfish,Sparisoma viride,species,112867,"[-82.2408032, 9.3407804]","Bocas del Toro, Bocas del Toro Province, Panama","9.3407804,-82.2408032",research,d_gonzalez
281375206,4/30/2025,2025-04-30T11:51:00-05:00,Sponges,Porifera,phylum,48824,"[-82.2408032, 9.3407804]","Bocas del Toro, Bocas del Toro Province, Panama","9.3407804,-82.2408032",needs_id,d_gonzalez
281375205,4/30/2025,2025-04-30T11:50:00-05:00,Coryphopterus,Coryphopterus,genus,62596,"[-82.2408032, 9.3407804]","Bocas del Toro, Bocas del Toro Province, Panama","9.3407804,-82.2408032",needs_id,d_gonzalez
281375203,4/30/2025,2025-04-30T11:50:00-05:00,Octocorals,Octocorallia,subclass,340493,"[-82.2408032, 9.3407804]","Bocas del Toro, Bocas del Toro Province, Panama","9.3407804,-82.2408032",needs_id,d_gonzalez
281375201,4/30/2025,2025-04-30T11:48:00-05:00,Frond Oyster,Dendostrea frons,species,133988,"[-82.2408032, 9.3407804]","Bocas del Toro, Bocas del Toro Province, Panama","9.3407804,-82.2408032",needs_id,d_gonzalez
281375200,4/30/2025,2025-04-30T11:45:00-05:00,Yellowline Arrow Crab,Stenorhynchus seticornis,species,128121,"[-82.2408032, 9.3407804]","Bocas del Toro, Bocas del Toro Province, Panama","9.3407804,-82.2408032",research,d_gonzalez
281375199,4/30/2025,2025-04-30T11:35:00-05:00,Stoplight Parrotfish,Sparisoma viride,species,112867,"[-82.2408032, 9.3407804]","Bocas del Toro, Bocas del Toro Province, Panama","9.3407804,-82.2408032",research,d_gonzalez
281375198,4/30/2025,2025-04-30T11:32:00-05:00,Atlantic Spadefish,Chaetodipterus faber,species,49316,"[-82.2408032, 9.3407804]","Bocas del Toro, Bocas del Toro Province, Panama","9.3407804,-82.2408032",research,d_gonzalez
281375197,4/30/2025,2025-04-30T11:31:00-05:00,Epinephelus,Epinephelus,genus,49497,"[-82.2408032, 9.3407804]","Bocas del Toro, Bocas del Toro Province, Panama","9.3407804,-82.2408032",needs_id,d_gonzalez
281375195,4/30/2025,2025-04-30T11:31:00-05:00,Tomtate,Haemulon aurolineatum,species,49950,"[-82.2408032, 9.3407804]","Bocas del Toro, Bocas del Toro Province, Panama","9.3407804,-82.2408032",needs_id,d_gonzalez
281375194,4/30/2025,2025-04-30T11:30:00-05:00,Bearded Fireworm,Hermodice carunculata,species,49520,"[-82.2408032, 9.3407804]","Bocas del Toro, Bocas del Toro Province, Panama","9.3407804,-82.2408032",research,d_gonzalez
281375193,4/30/2025,2025-04-30T11:27:00-05:00,Pederson Cleaner Shrimp,Ancylomenes pedersoni,species,495701,"[-82.2408032, 9.3407804]","Bocas del Toro, Bocas del Toro Province, Panama","9.3407804,-82.2408032",research,d_gonzalez
281375189,4/30/2025,2025-04-30T11:27:00-05:00,Graysby,Cephalopholis cruentata,species,96991,"[-82.2408032, 9.3407804]","Bocas del Toro, Bocas del Toro Province, Panama","9.3407804,-82.2408032",research,d_gonzalez
281375188,4/30/2025,2025-04-30T11:25:00-05:00,Yellow Stingray,Urobatis jamaicensis,species,49199,"[-82.2408032, 9.3407804]","Bocas del Toro, Bocas del Toro Province, Panama","9.3407804,-82.2408032",research,d_gonzalez
281375187,4/30/2025,2025-04-30T11:24:00-05:00,Doctorfish,Acanthurus chirurgus,species,121195,"[-82.2408032, 9.3407804]","Bocas del Toro, Bocas del Toro Province, Panama","9.3407804,-82.2408032",research,d_gonzalez
281375186,4/30/2025,2025-04-30T11:24:00-05:00,Atlantic Blue Tang,Acanthurus coeruleus,species,121196,"[-82.2408032, 9.3407804]","Bocas del Toro, Bocas del Toro Province, Panama","9.3407804,-82.2408032",research,d_gonzalez
281375184,4/30/2025,2025-04-30T11:23:00-05:00,Octocorals,Octocorallia,subclass,340493,"[-82.2408032, 9.3407804]","Bocas del Toro, Bocas del Toro Province, Panama","9.3407804,-82.2408032",needs_id,d_gonzalez
281375185,4/30/2025,2025-04-30T11:22:00-05:00,Caribbean Reef Squid,Sepioteuthis sepioidea,species,49440,"[-82.2408032, 9.3407804]","Bocas del Toro, Bocas del Toro Province, Panama","9.3407804,-82.2408032",research,d_gonzalez
281375180,4/30/2025,2025-04-30T11:21:00-05:00,Atlantic Sergeant Major,Abudefduf saxatilis,species,49402,"[-82.2408032, 9.3407804]","Bocas del Toro, Bocas del Toro Province, Panama","9.3407804,-82.2408032",research,d_gonzalez
281375178,4/30/2025,2025-04-30T11:20:00-05:00,Scarus,Scarus,genus,49693,"[-82.2408032, 9.3407804]","Bocas del Toro, Bocas del Toro Province, Panama","9.3407804,-82.2408032",needs_id,d_gonzalez
281375177,4/30/2025,2025-04-30T11:18:00-05:00,Caribbean Reef Squid,Sepioteuthis sepioidea,species,49440,"[-82.2408032, 9.3407804]","Bocas del Toro, Bocas del Toro Province, Panama","9.3407804,-82.2408032",research,d_gonzalez
281375174,4/30/2025,2025-04-30T11:16:00-05:00,Yellowtail Snapper,Ocyurus chrysurus,species,47292,"[-82.2408032, 9.3407804]","Bocas del Toro, Bocas del Toro Province, Panama","9.3407804,-82.2408032",needs_id,d_gonzalez
281375173,4/30/2025,2025-04-30T11:16:00-05:00,Southern Stingray,Hypanus americanus,species,623850,"[-82.2408032, 9.3407804]","Bocas del Toro, Bocas del Toro Province, Panama","9.3407804,-82.2408032",research,d_gonzalez
281375172,4/30/2025,2025-04-30T11:15:00-05:00,Stoplight Parrotfish,Sparisoma viride,species,112867,"[-82.2408032, 9.3407804]","Bocas del Toro, Bocas del Toro Province, Panama","9.3407804,-82.2408032",research,d_gonzalez
281375171,4/30/2025,2025-04-30T11:14:00-05:00,Scoly Corals,Scolymia,genus,57577,"[-82.2408032, 9.3407804]","Bocas del Toro, Bocas del Toro Province, Panama","9.3407804,-82.2408032",needs_id,d_gonzalez
281375170,4/30/2025,2025-04-30T11:13:00-05:00,Atlantic Long-spined Sea Urchin,Diadema antillarum,species,52290,"[-82.2408032, 9.3407804]","Bocas del Toro, Bocas del Toro Province, Panama","9.3407804,-82.2408032",research,d_gonzalez
281375169,4/30/2025,2025-04-30T11:13:00-05:00,Striped Parrotfish,Scarus iseri,species,49690,"[-82.2408032, 9.3407804]","Bocas del Toro, Bocas del Toro Province, Panama","9.3407804,-82.2408032",needs_id,d_gonzalez
281375167,4/30/2025,2025-04-30T11:13:00-05:00,Schoolmaster Snapper,Lutjanus apodus,species,81989,"[-82.2408032, 9.3407804]","Bocas del Toro, Bocas del Toro Province, Panama","9.3407804,-82.2408032",needs_id,d_gonzalez
281375166,4/30/2025,2025-04-30T11:13:00-05:00,Agaricia,Agaricia,genus,86272,"[-82.2408032, 9.3407804]","Bocas del Toro, Bocas del Toro Province, Panama","9.3407804,-82.2408032",needs_id,d_gonzalez
281375165,4/30/2025,2025-04-30T11:12:00-05:00,Yellowtail Snapper,Ocyurus chrysurus,species,47292,"[-82.2408032, 9.3407804]","Bocas del Toro, Bocas del Toro Province, Panama","9.3407804,-82.2408032",research,d_gonzalez
281375159,4/30/2025,2025-04-30T10:19:00-05:00,Sparisoma,Sparisoma,genus,49931,"[-82.2408032, 9.3407804]","Bocas del Toro, Bocas del Toro Province, Panama","9.3407804,-82.2408032",needs_id,d_gonzalez
281375158,4/30/2025,2025-04-30T10:20:00-05:00,White Grunt,Haemulon plumierii,species,49951,"[-82.2408032, 9.3407804]","Bocas del Toro, Bocas del Toro Province, Panama","9.3407804,-82.2408032",research,d_gonzalez
281375156,4/30/2025,2025-04-30T10:18:00-05:00,Branching Fire Coral,Millepora alcicornis,species,105877,"[-82.2408032, 9.3407804]","Bocas del Toro, Bocas del Toro Province, Panama","9.3407804,-82.2408032",needs_id,d_gonzalez
281375152,4/30/2025,2025-04-30T10:17:00-05:00,White Grunt,Haemulon plumierii,species,49951,"[-82.2408032, 9.3407804]","Bocas del Toro, Bocas del Toro Province, Panama","9.3407804,-82.2408032",research,d_gonzalez
281375151,4/30/2025,2025-04-30T10:16:00-05:00,White Grunt,Haemulon plumierii,species,49951,"[-82.2408032, 9.3407804]","Bocas del Toro, Bocas del Toro Province, Panama","9.3407804,-82.2408032",research,d_gonzalez
281375150,4/30/2025,2025-04-30T10:16:00-05:00,Donkey Dung Sea Cucumber,Holothuria mexicana,species,82512,"[-82.2408032, 9.3407804]","Bocas del Toro, Bocas del Toro Province, Panama","9.3407804,-82.2408032",needs_id,d_gonzalez
281375148,4/30/2025,2025-04-30T10:14:00-05:00,Furry Sea Cucumber,Astichopus multifidus,species,135311,"[-82.2408032, 9.3407804]","Bocas del Toro, Bocas del Toro Province, Panama","9.3407804,-82.2408032",needs_id,d_gonzalez
281375147,4/30/2025,2025-04-30T10:13:00-05:00,Brittle Stars,Ophiuroidea,class,48836,"[-82.2408032, 9.3407804]","Bocas del Toro, Bocas del Toro Province, Panama","9.3407804,-82.2408032",needs_id,d_gonzalez
281375146,4/30/2025,2025-04-30T10:13:00-05:00,Donkey Dung Sea Cucumber,Holothuria mexicana,species,82512,"[-82.2408032, 9.3407804]","Bocas del Toro, Bocas del Toro Province, Panama","9.3407804,-82.2408032",research,d_gonzalez
281375145,4/30/2025,2025-04-30T10:11:00-05:00,Bar Jack,Caranx ruber,species,82330,"[-82.2408032, 9.3407804]","Bocas del Toro, Bocas del Toro Province, Panama","9.3407804,-82.2408032",needs_id,d_gonzalez
281375143,4/30/2025,2025-04-30T10:09:00-05:00,Four-eyed Butterflyfish,Chaetodon capistratus,species,52956,"[-82.2408032, 9.3407804]","Bocas del Toro, Bocas del Toro Province, Panama","9.3407804,-82.2408032",research,d_gonzalez
281375142,4/30/2025,2025-04-30T10:10:00-05:00,Schoolmaster Snapper,Lutjanus apodus,species,81989,"[-82.2408032, 9.3407804]","Bocas del Toro, Bocas del Toro Province, Panama","9.3407804,-82.2408032",needs_id,d_gonzalez
281375139,4/30/2025,2025-04-30T10:09:00-05:00,Stoplight Parrotfish,Sparisoma viride,species,112867,"[-82.2408032, 9.3407804]","Bocas del Toro, Bocas del Toro Province, Panama","9.3407804,-82.2408032",research,d_gonzalez
281375138,4/30/2025,2025-04-30T10:09:00-05:00,Striped Parrotfish,Scarus iseri,species,49690,"[-82.2408032, 9.3407804]","Bocas del Toro, Bocas del Toro Province, Panama","9.3407804,-82.2408032",needs_id,d_gonzalez
281375136,4/30/2025,2025-04-30T10:08:00-05:00,Graysby,Cephalopholis cruentata,species,96991,"[-82.2408032, 9.3407804]","Bocas del Toro, Bocas del Toro Province, Panama","9.3407804,-82.2408032",research,d_gonzalez
281375128,4/30/2025,2025-04-30T10:06:00-05:00,Lamarck's Sheet Coral,Agaricia lamarcki,species,93527,"[-82.20648665, 9.3564833136]",Panama,"9.3564833136,-82.20648665",needs_id,d_gonzalez
281375127,4/30/2025,2025-04-30T10:06:00-05:00,Stoplight Parrotfish,Sparisoma viride,species,112867,"[-82.2408032, 9.3407804]","Bocas del Toro, Bocas del Toro Province, Panama","9.3407804,-82.2408032",research,d_gonzalez
281375126,4/30/2025,2025-04-30T10:06:00-05:00,Acanthurus,Acanthurus,genus,55382,"[-82.2408032, 9.3407804]","Bocas del Toro, Bocas del Toro Province, Panama","9.3407804,-82.2408032",needs_id,d_gonzalez
281375119,4/30/2025,2025-04-30T10:06:00-05:00,Graysby,Cephalopholis cruentata,species,96991,"[-82.2408032, 9.3407804]","Bocas del Toro, Bocas del Toro Province, Panama","9.3407804,-82.2408032",research,d_gonzalez
281375117,4/30/2025,2025-04-30T10:06:00-05:00,Atlantic Blue Tang,Acanthurus coeruleus,species,121196,"[-82.2408032, 9.3407804]","Bocas del Toro, Bocas del Toro Province, Panama","9.3407804,-82.2408032",research,d_gonzalez
281375115,4/30/2025,2025-04-30T10:05:00-05:00,Giant Barrel Sponge,Xestospongia muta,species,130046,"[-82.2408032, 9.3407804]","Bocas del Toro, Bocas del Toro Province, Panama","9.3407804,-82.2408032",research,d_gonzalez
281375107,4/30/2025,2025-04-30T10:05:00-05:00,Mahogany Snapper,Lutjanus mahogoni,species,131387,"[-82.2408032, 9.3407804]","Bocas del Toro, Bocas del Toro Province, Panama","9.3407804,-82.2408032",research,d_gonzalez
281375103,4/30/2025,2025-04-30T10:00:00-05:00,Barred Hamlet,Hypoplectrus puella,species,130051,"[-82.2408032, 9.3407804]","Bocas del Toro, Bocas del Toro Province, Panama","9.3407804,-82.2408032",research,d_gonzalez
281375102,4/30/2025,2025-04-30T10:02:00-05:00,Chocolate Chip Sea Cucumber,Isostichopus badionotus,species,128128,"[-82.2408032, 9.3407804]","Bocas del Toro, Bocas del Toro Province, Panama","9.3407804,-82.2408032",research,d_gonzalez
281375100,4/30/2025,2025-04-30T09:57:00-05:00,Hypanus,Hypanus,genus,554357,"[-82.2408032, 9.3407804]","Bocas del Toro, Bocas del Toro Province, Panama","9.3407804,-82.2408032",needs_id,d_gonzalez
281375091,4/30/2025,2025-04-30T09:56:00-05:00,Graysby,Cephalopholis cruentata,species,96991,"[-82.2408032, 9.3407804]","Bocas del Toro, Bocas del Toro Province, Panama","9.3407804,-82.2408032",research,d_gonzalez
281375090,4/30/2025,2025-04-30T09:55:00-05:00,Caribbean Spiny Lobster,Panulirus argus,species,47299,"[-82.2408032, 9.3407804]","Bocas del Toro, Bocas del Toro Province, Panama","9.3407804,-82.2408032",research,d_gonzalez
281375085,4/30/2025,2025-04-30T09:54:00-05:00,Scrawled Cowfish,Acanthostracion quadricornis,species,49925,"[-82.2408032, 9.3407804]","Bocas del Toro, Bocas del Toro Province, Panama","9.3407804,-82.2408032",research,d_gonzalez
281375081,4/30/2025,2025-04-30T09:53:00-05:00,Atlantic Spadefish,Chaetodipterus faber,species,49316,"[-82.2408032, 9.3407804]","Bocas del Toro, Bocas del Toro Province, Panama","9.3407804,-82.2408032",research,d_gonzalez
281375077,4/30/2025,2025-04-30T09:50:00-05:00,Coryphopterus,Coryphopterus,genus,62596,"[-82.2408032, 9.3407804]","Bocas del Toro, Bocas del Toro Province, Panama","9.3407804,-82.2408032",needs_id,d_gonzalez
281375071,4/30/2025,2025-04-30T09:50:00-05:00,Magnificent Feather Duster Worm,Sabellastarte magnifica,species,131132,"[-82.2408032, 9.3407804]","Bocas del Toro, Bocas del Toro Province, Panama","9.3407804,-82.2408032",needs_id,d_gonzalez
281375067,4/30/2025,2025-04-30T09:50:00-05:00,Boulder Brain Coral,Colpophyllia natans,species,98317,"[-82.2408032, 9.3407804]","Bocas del Toro, Bocas del Toro Province, Panama","9.3407804,-82.2408032",research,d_gonzalez
281375063,4/30/2025,2025-04-30T09:49:00-05:00,Striped Parrotfish,Scarus iseri,species,49690,"[-82.2408032, 9.3407804]","Bocas del Toro, Bocas del Toro Province, Panama","9.3407804,-82.2408032",research,d_gonzalez
281375057,4/30/2025,2025-04-30T09:45:00-05:00,Pederson Cleaner Shrimp,Ancylomenes pedersoni,species,495701,"[-82.2408032, 9.3407804]","Bocas del Toro, Bocas del Toro Province, Panama","9.3407804,-82.2408032",research,d_gonzalez
281375051,4/30/2025,2025-04-30T09:44:00-05:00,Grey Angelfish,Pomacanthus arcuatus,species,49427,"[-82.2408032, 9.3407804]","Bocas del Toro, Bocas del Toro Province, Panama","9.3407804,-82.2408032",research,d_gonzalez
281375049,4/30/2025,2025-04-30T09:44:00-05:00,Pederson Cleaner Shrimp,Ancylomenes pedersoni,species,495701,"[-82.2408032, 9.3407804]","Bocas del Toro, Bocas del Toro Province, Panama","9.3407804,-82.2408032",research,d_gonzalez
281375043,4/30/2025,2025-04-30T09:44:00-05:00,Atlantic Blue Tang,Acanthurus coeruleus,species,121196,"[-82.2408032, 9.3407804]","Bocas del Toro, Bocas del Toro Province, Panama","9.3407804,-82.2408032",research,d_gonzalez
281375041,4/30/2025,2025-04-30T09:44:00-05:00,West Indian spider crab,Maguimithrax spinosissimus,species,951390,"[-82.2408032, 9.3407804]","Bocas del Toro, Bocas del Toro Province, Panama","9.3407804,-82.2408032",needs_id,d_gonzalez
281375036,4/30/2025,2025-04-30T09:42:00-05:00,Sponge Brittle Star,Ophiothrix suensonii,species,128860,"[-82.2408032, 9.3407804]","Bocas del Toro, Bocas del Toro Province, Panama","9.3407804,-82.2408032",research,d_gonzalez
281375034,4/30/2025,2025-04-30T09:41:00-05:00,Sand Diver,Synodus intermedius,species,49404,"[-82.2408032, 9.3407804]","Bocas del Toro, Bocas del Toro Province, Panama","9.3407804,-82.2408032",research,d_gonzalez
281375032,4/30/2025,2025-04-30T09:40:00-05:00,Sponges,Porifera,phylum,48824,"[-82.2408032, 9.3407804]","Bocas del Toro, Bocas del Toro Province, Panama","9.3407804,-82.2408032",needs_id,d_gonzalez
281375025,4/30/2025,2025-04-30T09:40:00-05:00,Atlantic Spadefish,Chaetodipterus faber,species,49316,"[-82.2408032, 9.3407804]","Bocas del Toro, Bocas del Toro Province, Panama","9.3407804,-82.2408032",research,d_gonzalez
281375022,4/30/2025,2025-04-30T09:39:00-05:00,Stoplight Parrotfish,Sparisoma viride,species,112867,"[-82.2408032, 9.3407804]","Bocas del Toro, Bocas del Toro Province, Panama","9.3407804,-82.2408032",research,d_gonzalez
281375020,4/30/2025,2025-04-30T09:39:00-05:00,Spotfin Butterflyfish,Chaetodon ocellatus,species,49273,"[-82.2408032, 9.3407804]","Bocas del Toro, Bocas del Toro Province, Panama","9.3407804,-82.2408032",research,d_gonzalez
281375009,4/30/2025,2025-04-30T09:38:00-05:00,Longspine Squirrelfish,Holocentrus rufus,species,49625,"[-82.2408032, 9.3407804]","Bocas del Toro, Bocas del Toro Province, Panama","9.3407804,-82.2408032",research,d_gonzalez
281375007,4/30/2025,2025-04-30T09:38:00-05:00,Bluestriped Grunt,Haemulon sciurus,species,49262,"[-82.2408032, 9.3407804]","Bocas del Toro, Bocas del Toro Province, Panama","9.3407804,-82.2408032",research,d_gonzalez
281375006,4/30/2025,2025-04-30T09:37:00-05:00,Mithracidae,Mithracidae,family,132529,"[-82.2408032, 9.3407804]","Bocas del Toro, Bocas del Toro Province, Panama","9.3407804,-82.2408032",needs_id,d_gonzalez
281374999,4/30/2025,2025-04-30T09:36:00-05:00,Donkey Dung Sea Cucumber,Holothuria mexicana,species,82512,"[-82.2408032, 9.3407804]","Bocas del Toro, Bocas del Toro Province, Panama","9.3407804,-82.2408032",research,d_gonzalez
281374995,4/30/2025,2025-04-30T09:35:00-05:00,Greater Star Coral,Montastraea cavernosa,species,106051,"[-82.2408032, 9.3407804]","Bocas del Toro, Bocas del Toro Province, Panama","9.3407804,-82.2408032",research,d_gonzalez
281374994,4/30/2025,2025-04-30T09:34:00-05:00,Atlantic Sea Plumes,Antillogorgia,genus,496338,"[-82.2408032, 9.3407804]","Bocas del Toro, Bocas del Toro Province, Panama","9.3407804,-82.2408032",needs_id,d_gonzalez
281374986,4/30/2025,2025-04-30T09:34:00-05:00,Gorgonia,Gorgonia,genus,120132,"[-82.2408032, 9.3407804]","Bocas del Toro, Bocas del Toro Province, Panama","9.3407804,-82.2408032",needs_id,d_gonzalez
281374981,4/30/2025,2025-04-30T09:34:00-05:00,Giant Anemone,Condylactis gigantea,species,128110,"[-82.2408032, 9.3407804]","Bocas del Toro, Bocas del Toro Province, Panama","9.3407804,-82.2408032",research,d_gonzalez
281374979,4/30/2025,2025-04-30T09:34:00-05:00,Boulder Brain Coral,Colpophyllia natans,species,98317,"[-82.2408032, 9.3407804]","Bocas del Toro, Bocas del Toro Province, Panama","9.3407804,-82.2408032",research,d_gonzalez
281374968,4/30/2025,2025-04-30T09:32:00-05:00,Four-eyed Butterflyfish,Chaetodon capistratus,species,52956,"[-82.2408032, 9.3407804]","Bocas del Toro, Bocas del Toro Province, Panama","9.3407804,-82.2408032",research,d_gonzalez
281374966,4/30/2025,2025-04-30T09:32:00-05:00,Corky Sea Finger,Briareum asbestinum,species,132288,"[-82.2408032, 9.3407804]","Bocas del Toro, Bocas del Toro Province, Panama","9.3407804,-82.2408032",needs_id,d_gonzalez
281374959,4/30/2025,2025-04-30T09:30:00-05:00,Magnificent Feather Duster Worm,Sabellastarte magnifica,species,131132,"[-82.2408032, 9.3407804]","Bocas del Toro, Bocas del Toro Province, Panama","9.3407804,-82.2408032",needs_id,d_gonzalez
281374958,4/30/2025,2025-04-30T09:30:00-05:00,White Grunt,Haemulon plumierii,species,49951,"[-82.2408032, 9.3407804]","Bocas del Toro, Bocas del Toro Province, Panama","9.3407804,-82.2408032",research,d_gonzalez
281374956,4/30/2025,2025-04-30T09:30:00-05:00,White Grunt,Haemulon plumierii,species,49951,"[-82.2408032, 9.3407804]","Bocas del Toro, Bocas del Toro Province, Panama","9.3407804,-82.2408032",research,d_gonzalez
281374952,4/30/2025,2025-04-30T09:29:00-05:00,Octocorals,Octocorallia,subclass,340493,"[-82.2408032, 9.3407804]","Bocas del Toro, Bocas del Toro Province, Panama","9.3407804,-82.2408032",needs_id,d_gonzalez
281278247,4/29/2025,2025-04-29T20:02:00-05:00,Beaded Sea Cucumber,Euapta lappa,species,255692,"[-82.2408032, 9.3407804]","Bocas del Toro, Bocas del Toro Province, Panama","9.3407804,-82.2408032",research,d_gonzalez
281278246,4/29/2025,2025-04-29T19:56:00-05:00,Sphoeroides,Sphoeroides,genus,49267,"[-82.2408032, 9.3407804]","Bocas del Toro, Bocas del Toro Province, Panama","9.3407804,-82.2408032",needs_id,d_gonzalez
281278244,4/29/2025,2025-04-29T19:53:00-05:00,Bridled Burrfish,Chilomycterus antennatus,species,196857,"[-82.2408032, 9.3407804]","Bocas del Toro, Bocas del Toro Province, Panama","9.3407804,-82.2408032",research,d_gonzalez
281278243,4/29/2025,2025-04-29T19:52:00-05:00,Tiger Tail Sea Cucumber,Holothuria (Thymiosycia) thomasi,species,255689,"[-82.2408032, 9.3407804]","Bocas del Toro, Bocas del Toro Province, Panama","9.3407804,-82.2408032",research,d_gonzalez
281278242,4/29/2025,2025-04-29T19:51:00-05:00,Spanish Lobster,Scyllarides aequinoctialis,species,112385,"[-82.2408032, 9.3407804]","Bocas del Toro, Bocas del Toro Province, Panama","9.3407804,-82.2408032",research,d_gonzalez
281278236,4/29/2025,2025-04-29T19:50:00-05:00,Drums,Sciaenidae,family,49172,"[-82.2408032, 9.3407804]","Bocas del Toro, Bocas del Toro Province, Panama","9.3407804,-82.2408032",needs_id,d_gonzalez
281278235,4/29/2025,2025-04-29T19:49:00-05:00,Atlantic Long-spined Sea Urchin,Diadema antillarum,species,52290,"[-82.2408032, 9.3407804]","Bocas del Toro, Bocas del Toro Province, Panama","9.3407804,-82.2408032",research,d_gonzalez
281278234,4/29/2025,2025-04-29T19:47:00-05:00,Caribbean Reef Squid,Sepioteuthis sepioidea,species,49440,"[-82.2408032, 9.3407804]","Bocas del Toro, Bocas del Toro Province, Panama","9.3407804,-82.2408032",research,d_gonzalez
281278228,4/29/2025,2025-04-29T19:41:00-05:00,Giant Hermit Crab,Petrochirus diogenes,species,260326,"[-82.2408032, 9.3407804]","Bocas del Toro, Bocas del Toro Province, Panama","9.3407804,-82.2408032",research,d_gonzalez
281278226,4/29/2025,2025-04-29T19:41:00-05:00,Macrocypraea,Macrocypraea,genus,246644,"[-82.2408032, 9.3407804]","Bocas del Toro, Bocas del Toro Province, Panama","9.3407804,-82.2408032",needs_id,d_gonzalez
281278223,4/29/2025,2025-04-29T19:40:00-05:00,Mithracidae,Mithracidae,family,132529,"[-82.2408032, 9.3407804]","Bocas del Toro, Bocas del Toro Province, Panama","9.3407804,-82.2408032",needs_id,d_gonzalez
281278218,4/29/2025,2025-04-29T19:36:00-05:00,Porkfish,Anisotremus virginicus,species,49947,"[-82.2408032, 9.3407804]","Bocas del Toro, Bocas del Toro Province, Panama","9.3407804,-82.2408032",research,d_gonzalez
281278217,4/29/2025,2025-04-29T19:35:00-05:00,Chocolate Chip Sea Cucumber,Isostichopus badionotus,species,128128,"[-82.2408032, 9.3407804]","Bocas del Toro, Bocas del Toro Province, Panama","9.3407804,-82.2408032",research,d_gonzalez
281278216,4/29/2025,2025-04-29T19:35:00-05:00,Caribbean Spiny Lobster,Panulirus argus,species,47299,"[-82.2408032, 9.3407804]","Bocas del Toro, Bocas del Toro Province, Panama","9.3407804,-82.2408032",research,d_gonzalez
281278209,4/29/2025,2025-04-29T19:34:00-05:00,Greater Star Coral,Montastraea cavernosa,species,106051,"[-82.2408032, 9.3407804]","Bocas del Toro, Bocas del Toro Province, Panama","9.3407804,-82.2408032",research,d_gonzalez
281278208,4/29/2025,2025-04-29T19:33:00-05:00,Atlantic Long-spined Sea Urchin,Diadema antillarum,species,52290,"[-82.2408032, 9.3407804]","Bocas del Toro, Bocas del Toro Province, Panama","9.3407804,-82.2408032",research,d_gonzalez
281278207,4/29/2025,2025-04-29T19:33:00-05:00,Reef Urchin,Echinometra viridis,species,128200,"[-82.2408032, 9.3407804]","Bocas del Toro, Bocas del Toro Province, Panama","9.3407804,-82.2408032",research,d_gonzalez
281278202,4/29/2025,2025-04-29T19:31:00-05:00,Atlantic Long-spined Sea Urchin,Diadema antillarum,species,52290,"[-82.2408032, 9.3407804]","Bocas del Toro, Bocas del Toro Province, Panama","9.3407804,-82.2408032",needs_id,d_gonzalez
281278201,4/29/2025,2025-04-29T19:28:00-05:00,Schoolmaster Snapper,Lutjanus apodus,species,81989,"[-82.2408032, 9.3407804]","Bocas del Toro, Bocas del Toro Province, Panama","9.3407804,-82.2408032",needs_id,d_gonzalez
281278200,4/29/2025,2025-04-29T19:27:00-05:00,Reef Urchin,Echinometra viridis,species,128200,"[-82.2408032, 9.3407804]","Bocas del Toro, Bocas del Toro Province, Panama","9.3407804,-82.2408032",research,d_gonzalez
281278196,4/29/2025,2025-04-29T19:25:00-05:00,Scrawled Cowfish,Acanthostracion quadricornis,species,49925,"[-82.2408032, 9.3407804]","Bocas del Toro, Bocas del Toro Province, Panama","9.3407804,-82.2408032",research,d_gonzalez
281278195,4/29/2025,2025-04-29T19:23:00-05:00,Greater Star Coral,Montastraea cavernosa,species,106051,"[-82.2408032, 9.3407804]","Bocas del Toro, Bocas del Toro Province, Panama","9.3407804,-82.2408032",research,d_gonzalez
281278194,4/29/2025,2025-04-29T19:21:00-05:00,Moon Jellies,Aurelia,genus,48329,"[-82.2408032, 9.3407804]","Bocas del Toro, Bocas del Toro Province, Panama","9.3407804,-82.2408032",needs_id,d_gonzalez
281278193,4/29/2025,2025-04-29T16:57:00-05:00,Western Atlantic Trumpetfish,Aulostomus maculatus,species,47238,"[-82.2408032, 9.3407804]","Bocas del Toro, Bocas del Toro Province, Panama","9.3407804,-82.2408032",research,d_gonzalez
281278187,4/29/2025,2025-04-29T16:53:00-05:00,Hypanus,Hypanus,genus,554357,"[-82.2408032, 9.3407804]","Bocas del Toro, Bocas del Toro Province, Panama","9.3407804,-82.2408032",needs_id,d_gonzalez
281278186,4/29/2025,2025-04-29T16:44:00-05:00,Chocolate Chip Sea Cucumber,Isostichopus badionotus,species,128128,"[-82.2408032, 9.3407804]","Bocas del Toro, Bocas del Toro Province, Panama","9.3407804,-82.2408032",needs_id,d_gonzalez
281278185,4/29/2025,2025-04-29T16:45:00-05:00,Scrawled Cowfish,Acanthostracion quadricornis,species,49925,"[-82.2408032, 9.3407804]","Bocas del Toro, Bocas del Toro Province, Panama","9.3407804,-82.2408032",research,d_gonzalez
281278182,4/29/2025,2025-04-29T16:33:00-05:00,Schoolmaster Snapper,Lutjanus apodus,species,81989,"[-82.2408032, 9.3407804]","Bocas del Toro, Bocas del Toro Province, Panama","9.3407804,-82.2408032",needs_id,d_gonzalez
281278181,4/29/2025,2025-04-29T16:33:00-05:00,Scoly Corals,Scolymia,genus,57577,"[-82.2408032, 9.3407804]","Bocas del Toro, Bocas del Toro Province, Panama","9.3407804,-82.2408032",needs_id,d_gonzalez
281278178,4/29/2025,2025-04-29T16:33:00-05:00,Coryphopterus,Coryphopterus,genus,62596,"[-82.2408032, 9.3407804]","Bocas del Toro, Bocas del Toro Province, Panama","9.3407804,-82.2408032",needs_id,d_gonzalez
281278177,4/29/2025,2025-04-29T16:32:00-05:00,Chocolate Chip Sea Cucumber,Isostichopus badionotus,species,128128,"[-82.2408032, 9.3407804]","Bocas del Toro, Bocas del Toro Province, Panama","9.3407804,-82.2408032",needs_id,d_gonzalez
281278176,4/29/2025,2025-04-29T16:31:00-05:00,Thorny Oysters,Spondylus,genus,123464,"[-82.2408032, 9.3407804]","Bocas del Toro, Bocas del Toro Province, Panama","9.3407804,-82.2408032",needs_id,d_gonzalez
281278171,4/29/2025,2025-04-29T16:29:00-05:00,Phyllangia americana,Phyllangia americana,species,324980,"[-82.2408032, 9.3407804]","Bocas del Toro, Bocas del Toro Province, Panama","9.3407804,-82.2408032",needs_id,d_gonzalez
281278169,4/29/2025,2025-04-29T16:28:00-05:00,Yellowline Arrow Crab,Stenorhynchus seticornis,species,128121,"[-82.2408032, 9.3407804]","Bocas del Toro, Bocas del Toro Province, Panama","9.3407804,-82.2408032",research,d_gonzalez
281278168,4/29/2025,2025-04-29T16:27:00-05:00,Thorny Oysters,Spondylus,genus,123464,"[-82.2408032, 9.3407804]","Bocas del Toro, Bocas del Toro Province, Panama","9.3407804,-82.2408032",needs_id,d_gonzalez
281278164,4/29/2025,2025-04-29T16:25:00-05:00,Reef Urchin,Echinometra viridis,species,128200,"[-82.2408032, 9.3407804]","Bocas del Toro, Bocas del Toro Province, Panama","9.3407804,-82.2408032",research,d_gonzalez
281278163,4/29/2025,2025-04-29T16:25:00-05:00,Atlantic Long-spined Sea Urchin,Diadema antillarum,species,52290,"[-82.2408032, 9.3407804]","Bocas del Toro, Bocas del Toro Province, Panama","9.3407804,-82.2408032",research,d_gonzalez
281278162,4/29/2025,2025-04-29T16:22:00-05:00,Feather Duster Worms,Sabellidae,family,49282,"[-82.2408032, 9.3407804]","Bocas del Toro, Bocas del Toro Province, Panama","9.3407804,-82.2408032",needs_id,d_gonzalez
281278159,4/29/2025,2025-04-29T16:21:00-05:00,Pederson Cleaner Shrimp,Ancylomenes pedersoni,species,495701,"[-82.2408032, 9.3407804]","Bocas del Toro, Bocas del Toro Province, Panama","9.3407804,-82.2408032",research,d_gonzalez
281278158,4/29/2025,2025-04-29T16:20:00-05:00,Pederson Cleaner Shrimp,Ancylomenes pedersoni,species,495701,"[-82.2408032, 9.3407804]","Bocas del Toro, Bocas del Toro Province, Panama","9.3407804,-82.2408032",research,d_gonzalez
281278157,4/29/2025,2025-04-29T16:15:00-05:00,Scrawled Cowfish,Acanthostracion quadricornis,species,49925,"[-82.2408032, 9.3407804]","Bocas del Toro, Bocas del Toro Province, Panama","9.3407804,-82.2408032",needs_id,d_gonzalez
281278151,4/29/2025,2025-04-29T16:14:00-05:00,Knobby Sea Rods,Eunicea,genus,132275,"[-82.2408032, 9.3407804]","Bocas del Toro, Bocas del Toro Province, Panama","9.3407804,-82.2408032",needs_id,d_gonzalez
281278150,4/29/2025,2025-04-29T16:13:00-05:00,Spotted Goatfish,Pseudupeneus maculatus,species,131385,"[-82.2408032, 9.3407804]","Bocas del Toro, Bocas del Toro Province, Panama","9.3407804,-82.2408032",research,d_gonzalez
281278145,4/29/2025,2025-04-29T16:12:00-05:00,Atlantic Sea Plumes,Antillogorgia,genus,496338,"[-82.2408032, 9.3407804]","Bocas del Toro, Bocas del Toro Province, Panama","9.3407804,-82.2408032",needs_id,d_gonzalez
281278144,4/29/2025,2025-04-29T16:08:00-05:00,Angular Sea Whip,Pterogorgia anceps,species,134147,"[-82.2408032, 9.3407804]","Bocas del Toro, Bocas del Toro Province, Panama","9.3407804,-82.2408032",research,d_gonzalez
281278142,4/29/2025,2025-04-29T15:14:00-05:00,Banded Coral Shrimp,Stenopus hispidus,species,121669,"[-82.2408032, 9.3407804]","Bocas del Toro, Bocas del Toro Province, Panama","9.3407804,-82.2408032",research,d_gonzalez
281278137,4/29/2025,2025-04-29T15:13:00-05:00,Magnificent Feather Duster Worm,Sabellastarte magnifica,species,131132,"[-82.2408032, 9.3407804]","Bocas del Toro, Bocas del Toro Province, Panama","9.3407804,-82.2408032",needs_id,d_gonzalez
281278136,4/29/2025,2025-04-29T15:12:00-05:00,Chocolate Chip Sea Cucumber,Isostichopus badionotus,species,128128,"[-82.2408032, 9.3407804]","Bocas del Toro, Bocas del Toro Province, Panama","9.3407804,-82.2408032",needs_id,d_gonzalez
281278135,4/29/2025,2025-04-29T15:12:00-05:00,Lamarck's Sheet Coral,Agaricia lamarcki,species,93527,"[-82.2224064967, 9.2175916249]",Panama,"9.2175916249,-82.2224064967",needs_id,d_gonzalez
281278134,4/29/2025,2025-04-29T15:11:00-05:00,Snowflake Coral,Carijoa riisei,species,51012,"[-82.2408032, 9.3407804]","Bocas del Toro, Bocas del Toro Province, Panama","9.3407804,-82.2408032",research,d_gonzalez
281278133,4/29/2025,2025-04-29T15:10:00-05:00,Scrawled Cowfish,Acanthostracion quadricornis,species,49925,"[-82.2408032, 9.3407804]","Bocas del Toro, Bocas del Toro Province, Panama","9.3407804,-82.2408032",research,d_gonzalez
281278132,4/29/2025,2025-04-29T15:09:00-05:00,Grey Angelfish,Pomacanthus arcuatus,species,49427,"[-82.2408032, 9.3407804]","Bocas del Toro, Bocas del Toro Province, Panama","9.3407804,-82.2408032",research,d_gonzalez
281278126,4/29/2025,2025-04-29T15:09:00-05:00,Sponge Brittle Star,Ophiothrix suensonii,species,128860,"[-82.2408032, 9.3407804]","Bocas del Toro, Bocas del Toro Province, Panama","9.3407804,-82.2408032",research,d_gonzalez
281278125,4/29/2025,2025-04-29T15:08:00-05:00,Yellowline Arrow Crab,Stenorhynchus seticornis,species,128121,"[-82.2408032, 9.3407804]","Bocas del Toro, Bocas del Toro Province, Panama","9.3407804,-82.2408032",research,d_gonzalez
281278124,4/29/2025,2025-04-29T15:08:00-05:00,Pederson Cleaner Shrimp,Ancylomenes pedersoni,species,495701,"[-82.2408032, 9.3407804]","Bocas del Toro, Bocas del Toro Province, Panama","9.3407804,-82.2408032",research,d_gonzalez
281278119,4/29/2025,2025-04-29T15:06:00-05:00,Rough File Clam,Ctenoides scaber,species,984479,"[-82.2408032, 9.3407804]","Bocas del Toro, Bocas del Toro Province, Panama","9.3407804,-82.2408032",research,d_gonzalez
281278118,4/29/2025,2025-04-29T15:07:00-05:00,Common Lionfish,Pterois volitans,species,47280,"[-82.2408032, 9.3407804]","Bocas del Toro, Bocas del Toro Province, Panama","9.3407804,-82.2408032",research,d_gonzalez
281278117,4/29/2025,2025-04-29T15:06:00-05:00,Porcelain Crabs,Porcellanidae,family,47805,"[-82.2408032, 9.3407804]","Bocas del Toro, Bocas del Toro Province, Panama","9.3407804,-82.2408032",needs_id,d_gonzalez
281278109,4/29/2025,2025-04-29T15:05:00-05:00,Scrawled Cowfish,Acanthostracion quadricornis,species,49925,"[-82.2408032, 9.3407804]","Bocas del Toro, Bocas del Toro Province, Panama","9.3407804,-82.2408032",research,d_gonzalez
281278108,4/29/2025,2025-04-29T15:04:00-05:00,Mahogany Snapper,Lutjanus mahogoni,species,131387,"[-82.2408032, 9.3407804]","Bocas del Toro, Bocas del Toro Province, Panama","9.3407804,-82.2408032",research,d_gonzalez
281278105,4/29/2025,2025-04-29T15:04:00-05:00,Four-eyed Butterflyfish,Chaetodon capistratus,species,52956,"[-82.2408032, 9.3407804]","Bocas del Toro, Bocas del Toro Province, Panama","9.3407804,-82.2408032",research,d_gonzalez
281278102,4/29/2025,2025-04-29T15:04:00-05:00,Greater Star Coral,Montastraea cavernosa,species,106051,"[-82.2408032, 9.3407804]","Bocas del Toro, Bocas del Toro Province, Panama","9.3407804,-82.2408032",research,d_gonzalez
281278101,4/29/2025,2025-04-29T15:03:00-05:00,Rough File Clam,Ctenoides scaber,species,984479,"[-82.2408032, 9.3407804]","Bocas del Toro, Bocas del Toro Province, Panama","9.3407804,-82.2408032",research,d_gonzalez
281278100,4/29/2025,2025-04-29T15:03:00-05:00,Yellowline Arrow Crab,Stenorhynchus seticornis,species,128121,"[-82.2408032, 9.3407804]","Bocas del Toro, Bocas del Toro Province, Panama","9.3407804,-82.2408032",research,d_gonzalez
281278094,4/29/2025,2025-04-29T15:02:00-05:00,Split-crown Feather Duster,Anamobaea orstedii,species,128113,"[-82.2408032, 9.3407804]","Bocas del Toro, Bocas del Toro Province, Panama","9.3407804,-82.2408032",research,d_gonzalez
281278093,4/29/2025,2025-04-29T15:01:00-05:00,Stoplight Parrotfish,Sparisoma viride,species,112867,"[-82.2408032, 9.3407804]","Bocas del Toro, Bocas del Toro Province, Panama","9.3407804,-82.2408032",research,d_gonzalez
281278092,4/29/2025,2025-04-29T15:02:00-05:00,Corkscrew Anemone,Bartholomea annulata,species,131043,"[-82.2408032, 9.3407804]","Bocas del Toro, Bocas del Toro Province, Panama","9.3407804,-82.2408032",research,d_gonzalez
281278086,4/29/2025,2025-04-29T15:01:00-05:00,Reef Urchin,Echinometra viridis,species,128200,"[-82.2408032, 9.3407804]","Bocas del Toro, Bocas del Toro Province, Panama","9.3407804,-82.2408032",research,d_gonzalez
281278085,4/29/2025,2025-04-29T15:00:00-05:00,Mycetophyllia,Scleractinia,order,47532,"[-82.2408032, 9.3407804]","Bocas del Toro, Bocas del Toro Province, Panama","9.3407804,-82.2408032",needs_id,d_gonzalez
281278083,4/29/2025,2025-04-29T14:58:00-05:00,Toadfishes,Batrachoididae,family,51374,"[-82.2408032, 9.3407804]","Bocas del Toro, Bocas del Toro Province, Panama","9.3407804,-82.2408032",needs_id,d_gonzalez
281278080,4/29/2025,2025-04-29T14:56:00-05:00,Sea Nettles,Chrysaora,genus,48483,"[-82.2408032, 9.3407804]","Bocas del Toro, Bocas del Toro Province, Panama","9.3407804,-82.2408032",needs_id,d_gonzalez
281278079,4/29/2025,2025-04-29T14:57:00-05:00,Scoly Corals,Scolymia,genus,57577,"[-82.2408032, 9.3407804]","Bocas del Toro, Bocas del Toro Province, Panama","9.3407804,-82.2408032",needs_id,d_gonzalez
281278078,4/29/2025,2025-04-29T14:55:00-05:00,Mycetophyllia,Mycetophyllia,genus,90073,"[-82.2408032, 9.3407804]","Bocas del Toro, Bocas del Toro Province, Panama","9.3407804,-82.2408032",needs_id,d_gonzalez
281278074,4/29/2025,2025-04-29T14:54:00-05:00,Hydrozoans,Hydrozoa,class,48921,"[-82.2408032, 9.3407804]","Bocas del Toro, Bocas del Toro Province, Panama","9.3407804,-82.2408032",needs_id,d_gonzalez
281278073,4/29/2025,2025-04-29T14:54:00-05:00,Coryphopterus,Coryphopterus,genus,62596,"[-82.2408032, 9.3407804]","Bocas del Toro, Bocas del Toro Province, Panama","9.3407804,-82.2408032",needs_id,d_gonzalez
281278072,4/29/2025,2025-04-29T14:53:00-05:00,Mycetophyllia,Mycetophyllia,genus,90073,"[-82.2408032, 9.3407804]","Bocas del Toro, Bocas del Toro Province, Panama","9.3407804,-82.2408032",needs_id,d_gonzalez
281278069,4/29/2025,2025-04-29T14:51:00-05:00,Graysby,Cephalopholis cruentata,species,96991,"[-82.2408032, 9.3407804]","Bocas del Toro, Bocas del Toro Province, Panama","9.3407804,-82.2408032",research,d_gonzalez
281278068,4/29/2025,2025-04-29T14:51:00-05:00,Harlequin Bass,Serranus tigrinus,species,49747,"[-82.2408032, 9.3407804]","Bocas del Toro, Bocas del Toro Province, Panama","9.3407804,-82.2408032",research,d_gonzalez
281278062,4/29/2025,2025-04-29T14:49:00-05:00,Blushing Star Coral,Stephanocoenia intersepta,species,113176,"[-82.2408032, 9.3407804]","Bocas del Toro, Bocas del Toro Province, Panama","9.3407804,-82.2408032",needs_id,d_gonzalez
281278060,4/29/2025,2025-04-29T14:50:00-05:00,Serpulid Tubeworms,Serpulidae,family,49518,"[-82.2408032, 9.3407804]","Bocas del Toro, Bocas del Toro Province, Panama","9.3407804,-82.2408032",needs_id,d_gonzalez
281278059,4/29/2025,2025-04-29T14:50:00-05:00,Lissodendoryx colombiensis,Lissodendoryx colombiensis,species,984137,"[-82.2408032, 9.3407804]","Bocas del Toro, Bocas del Toro Province, Panama","9.3407804,-82.2408032",needs_id,d_gonzalez
281278057,4/29/2025,2025-04-29T14:47:00-05:00,Graysby,Cephalopholis cruentata,species,96991,"[-82.2408032, 9.3407804]","Bocas del Toro, Bocas del Toro Province, Panama","9.3407804,-82.2408032",research,d_gonzalez
281278056,4/29/2025,2025-04-29T14:47:00-05:00,Banded Coral Shrimp,Stenopus hispidus,species,121669,"[-82.2408032, 9.3407804]","Bocas del Toro, Bocas del Toro Province, Panama","9.3407804,-82.2408032",research,d_gonzalez
281278054,4/29/2025,2025-04-29T14:46:00-05:00,Sponge Brittle Star,Ophiothrix suensonii,species,128860,"[-82.2408032, 9.3407804]","Bocas del Toro, Bocas del Toro Province, Panama","9.3407804,-82.2408032",research,d_gonzalez
281278050,4/29/2025,2025-04-29T14:45:00-05:00,Banded Coral Shrimp,Stenopus hispidus,species,121669,"[-82.2408032, 9.3407804]","Bocas del Toro, Bocas del Toro Province, Panama","9.3407804,-82.2408032",research,d_gonzalez
281278049,4/29/2025,2025-04-29T14:44:00-05:00,Common Lionfish,Pterois volitans,species,47280,"[-82.2408032, 9.3407804]","Bocas del Toro, Bocas del Toro Province, Panama","9.3407804,-82.2408032",research,d_gonzalez
281278048,4/29/2025,2025-04-29T14:43:00-05:00,Sabellastarte,Sabellastarte,genus,121447,"[-82.2408032, 9.3407804]","Bocas del Toro, Bocas del Toro Province, Panama","9.3407804,-82.2408032",needs_id,d_gonzalez
281278042,4/29/2025,2025-04-29T14:41:00-05:00,Donkey Dung Sea Cucumber,Holothuria mexicana,species,82512,"[-82.2408032, 9.3407804]","Bocas del Toro, Bocas del Toro Province, Panama","9.3407804,-82.2408032",research,d_gonzalez
281278040,4/29/2025,2025-04-29T14:40:00-05:00,Lavender Rope Sponge,Niphates erecta,species,131754,"[-82.2408032, 9.3407804]","Bocas del Toro, Bocas del Toro Province, Panama","9.3407804,-82.2408032",research,d_gonzalez
281278039,4/29/2025,2025-04-29T14:40:00-05:00,Sponge Brittle Star,Ophiothrix suensonii,species,128860,"[-82.2408032, 9.3407804]","Bocas del Toro, Bocas del Toro Province, Panama","9.3407804,-82.2408032",research,d_gonzalez
281278032,4/29/2025,2025-04-29T14:39:00-05:00,Sponge Brittle Star,Ophiothrix suensonii,species,128860,"[-82.2408032, 9.3407804]","Bocas del Toro, Bocas del Toro Province, Panama","9.3407804,-82.2408032",research,d_gonzalez
281278031,4/29/2025,2025-04-29T14:38:00-05:00,Slippery Dick,Halichoeres bivittatus,species,49272,"[-82.2408032, 9.3407804]","Bocas del Toro, Bocas del Toro Province, Panama","9.3407804,-82.2408032",research,d_gonzalez
281278029,4/29/2025,2025-04-29T14:38:00-05:00,Giant Barrel Sponge,Xestospongia muta,species,130046,"[-82.2408032, 9.3407804]","Bocas del Toro, Bocas del Toro Province, Panama","9.3407804,-82.2408032",research,d_gonzalez
281278024,4/29/2025,2025-04-29T14:37:00-05:00,Barred Hamlet,Hypoplectrus puella,species,130051,"[-82.2408032, 9.3407804]","Bocas del Toro, Bocas del Toro Province, Panama","9.3407804,-82.2408032",research,d_gonzalez
281278022,4/29/2025,2025-04-29T14:36:00-05:00,Redband Parrotfish,Sparisoma aurofrenatum,species,112858,"[-82.2408032, 9.3407804]","Bocas del Toro, Bocas del Toro Province, Panama","9.3407804,-82.2408032",research,d_gonzalez
281278020,4/29/2025,2025-04-29T14:35:00-05:00,Greater Star Coral,Montastraea cavernosa,species,106051,"[-82.2408032, 9.3407804]","Bocas del Toro, Bocas del Toro Province, Panama","9.3407804,-82.2408032",research,d_gonzalez
269043870,4/5/2025,2025-04-05T11:17:00-06:00,Stinging Bush Hydroid,Macrorhynchia philippina,species,124345,"[-84.669785659, 9.7037253076]","Provincia de Puntarenas, Garabito, Costa Rica","9.7037253076,-84.669785659",research,d_gonzalez
269043868,4/5/2025,2025-04-05T10:56:00-06:00,Yellow Snapper,Lutjanus argentiventris,species,47293,"[-84.669785659, 9.7037253076]","Provincia de Puntarenas, Garabito, Costa Rica","9.7037253076,-84.669785659",research,d_gonzalez
269043867,4/5/2025,2025-04-05T10:56:00-06:00,Spotted Rose Snapper,Lutjanus guttatus,species,104857,"[-84.669785659, 9.7037253076]","Provincia de Puntarenas, Garabito, Costa Rica","9.7037253076,-84.669785659",research,d_gonzalez
269043864,4/5/2025,2025-04-05T10:03:00-06:00,Hancock's Blenny,Acanthemblemaria hancocki,species,93032,"[-84.669785659, 9.7037253076]","Provincia de Puntarenas, Garabito, Costa Rica","9.7037253076,-84.669785659",research,d_gonzalez
269043863,4/5/2025,2025-04-05T09:52:00-06:00,Filtering sea cucumbers,Dendrochirotida,order,49482,"[-84.669785659, 9.7037253076]","Provincia de Puntarenas, Garabito, Costa Rica","9.7037253076,-84.669785659",needs_id,d_gonzalez
269043862,4/5/2025,2025-04-05T09:47:00-06:00,Cortez Angelfish,Pomacanthus zonipectus,species,110022,"[-84.669785659, 9.7037253076]","Provincia de Puntarenas, Garabito, Costa Rica","9.7037253076,-84.669785659",research,d_gonzalez
269043860,4/5/2025,2025-04-05T09:47:00-06:00,Starry Grouper,Epinephelus labriformis,species,67529,"[-84.669785659, 9.7037253076]","Provincia de Puntarenas, Garabito, Costa Rica","9.7037253076,-84.669785659",research,d_gonzalez
269043858,4/5/2025,2025-04-05T09:45:00-06:00,Blue Sea Star,Phataria unifascialis,species,195833,"[-84.669785659, 9.7037253076]","Provincia de Puntarenas, Garabito, Costa Rica","9.7037253076,-84.669785659",needs_id,d_gonzalez
269043857,4/5/2025,2025-04-05T09:02:00-06:00,Christmas Tree Hydroid,Pennaria disticha,species,195464,"[-84.669785659, 9.7037253076]","Provincia de Puntarenas, Garabito, Costa Rica","9.7037253076,-84.669785659",needs_id,d_gonzalez
269043856,4/5/2025,2025-04-05T09:30:00-06:00,Axinellidae,Axinellidae,family,131769,"[-84.669785659, 9.7037253076]","Provincia de Puntarenas, Garabito, Costa Rica","9.7037253076,-84.669785659",needs_id,d_gonzalez
269043854,4/5/2025,2025-04-05T09:02:00-06:00,Pin Cushion Sea Urchin,Astropyga pulvinata,species,195788,"[-84.669785659, 9.7037253076]","Provincia de Puntarenas, Garabito, Costa Rica","9.7037253076,-84.669785659",needs_id,d_gonzalez
269043850,4/5/2025,2025-04-05T09:02:00-06:00,Stone Scorpionfish,Scorpaena mystes,species,112345,"[-84.669785659, 9.7037253076]","Provincia de Puntarenas, Garabito, Costa Rica","9.7037253076,-84.669785659",research,d_gonzalez
269043849,4/5/2025,2025-04-05T09:02:00-06:00,Christmas Tree Worms,Spirobranchus,genus,49519,"[-84.669785659, 9.7037253076]","Provincia de Puntarenas, Garabito, Costa Rica","9.7037253076,-84.669785659",needs_id,d_gonzalez
269043848,4/5/2025,2025-04-05T09:02:00-06:00,Christmas Tree Worms,Spirobranchus,genus,49519,"[-84.669785659, 9.7037253076]","Provincia de Puntarenas, Garabito, Costa Rica","9.7037253076,-84.669785659",needs_id,d_gonzalez
269043846,4/5/2025,2025-04-05T09:02:00-06:00,Christmas Tree Worms,Spirobranchus,genus,49519,"[-84.669785659, 9.7037253076]","Provincia de Puntarenas, Garabito, Costa Rica","9.7037253076,-84.669785659",needs_id,d_gonzalez
269043845,4/5/2025,2025-04-05T09:02:00-06:00,Sabellastarte,Sabellastarte,genus,121447,"[-84.669785659, 9.7037253076]","Provincia de Puntarenas, Garabito, Costa Rica","9.7037253076,-84.669785659",needs_id,d_gonzalez
269043844,4/5/2025,2025-04-05T09:02:00-06:00,Jewel Moray,Muraena lentiginosa,species,85111,"[-84.669785659, 9.7037253076]","Provincia de Puntarenas, Garabito, Costa Rica","9.7037253076,-84.669785659",research,d_gonzalez
269043840,4/5/2025,2025-04-05T09:02:00-06:00,Cauliflower Corals,Pocillopora,genus,60547,"[-84.669785659, 9.7037253076]","Provincia de Puntarenas, Garabito, Costa Rica","9.7037253076,-84.669785659",needs_id,d_gonzalez
269043839,4/5/2025,2025-04-05T09:02:00-06:00,Caridean Shrimps,Caridea,infraorder,342912,"[-84.669785659, 9.7037253076]","Provincia de Puntarenas, Garabito, Costa Rica","9.7037253076,-84.669785659",needs_id,d_gonzalez
269043838,4/5/2025,2025-04-05T09:02:00-06:00,Pyramid Sea Star,Pharia pyramidata,species,344899,"[-84.669785659, 9.7037253076]","Provincia de Puntarenas, Garabito, Costa Rica","9.7037253076,-84.669785659",needs_id,d_gonzalez
269043834,4/5/2025,2025-04-05T09:02:00-06:00,Snowflake Coral,Carijoa riisei,species,51012,"[-84.669785659, 9.7037253076]","Provincia de Puntarenas, Garabito, Costa Rica","9.7037253076,-84.669785659",needs_id,d_gonzalez
269043833,4/5/2025,2025-04-05T09:02:00-06:00,Muricea,Muricea,genus,132267,"[-84.669785659, 9.7037253076]","Provincia de Puntarenas, Garabito, Costa Rica","9.7037253076,-84.669785659",needs_id,d_gonzalez
269043830,4/5/2025,2025-04-05T09:02:00-06:00,Stony Corals,Scleractinia,order,47532,"[-84.669785659, 9.7037253076]","Provincia de Puntarenas, Garabito, Costa Rica","9.7037253076,-84.669785659",needs_id,d_gonzalez
268166797,3/23/2025,2025-03-23T13:29:00-06:00,Spotted Rose Snapper,Lutjanus guttatus,species,104857,"[-84.6698285746, 9.7052270027]","Provincia de Puntarenas, Garabito, Costa Rica","9.7052270027,-84.6698285746",research,d_gonzalez
268166796,3/23/2025,2025-03-23T13:23:00-06:00,Starry Grouper,Epinephelus labriformis,species,67529,"[-84.6698285746, 9.7052270027]","Provincia de Puntarenas, Garabito, Costa Rica","9.7052270027,-84.6698285746",research,d_gonzalez
268166792,3/23/2025,2025-03-23T13:11:00-06:00,White-spotted Puffer,Arothron hispidus,species,144017,"[-84.6698285746, 9.7052270027]","Provincia de Puntarenas, Garabito, Costa Rica","9.7052270027,-84.6698285746",research,d_gonzalez
268166791,3/23/2025,2025-03-23T12:56:00-06:00,Brittle Stars,Ophiuroidea,class,48836,"[-84.6698285746, 9.7052270027]","Provincia de Puntarenas, Garabito, Costa Rica","9.7052270027,-84.6698285746",needs_id,d_gonzalez
268166790,3/23/2025,2025-03-23T12:56:00-06:00,Axinellidae,Axinellidae,family,131769,"[-84.6698285746, 9.7052270027]","Provincia de Puntarenas, Garabito, Costa Rica","9.7052270027,-84.6698285746",needs_id,d_gonzalez
268166785,3/23/2025,2025-03-23T11:19:00-06:00,Zoantharians,Zoantharia,order,51198,"[-84.6698285746, 9.7052270027]","Provincia de Puntarenas, Garabito, Costa Rica","9.7052270027,-84.6698285746",needs_id,d_gonzalez
268166784,3/23/2025,2025-03-23T11:28:00-06:00,Cortez Angelfish,Pomacanthus zonipectus,species,110022,"[-84.6698285746, 9.7052270027]","Provincia de Puntarenas, Garabito, Costa Rica","9.7052270027,-84.6698285746",research,d_gonzalez
268166783,3/23/2025,2025-03-23T11:19:00-06:00,Filtering Sea Cucumbers,Dendrochirotida,order,49482,"[-84.6698285746, 9.7052270027]","Provincia de Puntarenas, Garabito, Costa Rica","9.7052270027,-84.6698285746",needs_id,d_gonzalez
268166779,3/23/2025,2025-03-23T11:18:00-06:00,Pacifigorgia,Pacifigorgia,genus,195539,"[-84.6698285746, 9.7052270027]","Provincia de Puntarenas, Garabito, Costa Rica","9.7052270027,-84.6698285746",needs_id,d_gonzalez
268166778,3/23/2025,2025-03-23T10:55:00-06:00,Filtering Sea Cucumbers,Dendrochirotida,order,49482,"[-84.6698285746, 9.7052270027]","Provincia de Puntarenas, Garabito, Costa Rica","9.7052270027,-84.6698285746",needs_id,d_gonzalez
268166777,3/23/2025,2025-03-23T10:51:00-06:00,Rose Flower Urchin,Toxopneustes roseus,species,195811,"[-84.6698285746, 9.7052270027]","Provincia de Puntarenas, Garabito, Costa Rica","9.7052270027,-84.6698285746",needs_id,d_gonzalez
268166775,3/23/2025,2025-03-23T10:47:00-06:00,Stony Corals,Scleractinia,order,47532,"[-84.6698285746, 9.7052270027]","Provincia de Puntarenas, Garabito, Costa Rica","9.7052270027,-84.6698285746",needs_id,d_gonzalez
268166774,3/23/2025,2025-03-23T10:45:00-06:00,Tailspot cardinalfish,Apogon dovii,species,94397,"[-84.6698285746, 9.7052270027]","Provincia de Puntarenas, Garabito, Costa Rica","9.7052270027,-84.6698285746",research,d_gonzalez
268166772,3/23/2025,2025-03-23T10:44:00-06:00,Needle Sea Urchin,Diadema mexicanum,species,83298,"[-84.6698285746, 9.7052270027]","Provincia de Puntarenas, Garabito, Costa Rica","9.7052270027,-84.6698285746",needs_id,d_gonzalez
268166768,3/23/2025,2025-03-23T10:44:00-06:00,Panamic Arrow Crab,Stenorhynchus debilis,species,195311,"[-84.6698285746, 9.7052270027]","Provincia de Puntarenas, Garabito, Costa Rica","9.7052270027,-84.6698285746",needs_id,d_gonzalez
268166767,3/23/2025,2025-03-23T10:36:00-06:00,Pavona gigantea,Pavona gigantea,species,108980,"[-84.6698285746, 9.7052270027]","Provincia de Puntarenas, Garabito, Costa Rica","9.7052270027,-84.6698285746",needs_id,d_gonzalez
268166766,3/22/2025,2025-03-22T14:47:00-06:00,Cortez Angelfish,Pomacanthus zonipectus,species,110022,"[-84.6697642016, 9.7030907881]","Provincia de Puntarenas, Garabito, Costa Rica","9.7030907881,-84.6697642016",research,d_gonzalez
268166764,3/22/2025,2025-03-22T14:47:00-06:00,Three-banded Butterflyfish,Chaetodon humeralis,species,55534,"[-84.6697642016, 9.7030907881]","Provincia de Puntarenas, Garabito, Costa Rica","9.7030907881,-84.6697642016",research,d_gonzalez
268166763,3/22/2025,2025-03-22T14:01:00-06:00,Wrasses and Parrotfishes,Labridae,family,49284,"[-84.6697642016, 9.7030907881]","Provincia de Puntarenas, Garabito, Costa Rica","9.7030907881,-84.6697642016",needs_id,d_gonzalez
268166761,3/22/2025,2025-03-22T14:46:00-06:00,Panamic Porkfish,Anisotremus taeniatus,species,94136,"[-84.6697642016, 9.7030907881]","Provincia de Puntarenas, Garabito, Costa Rica","9.7030907881,-84.6697642016",research,d_gonzalez
268166760,3/23/2025,2025-03-23T19:05:00-06:00,Green Spiny Lobster,Panulirus gracilis,species,108357,"[-84.6698665908, 9.7053733722]","Garabito, CR-PU, CR","9.7053733722,-84.6698665908",needs_id,d_gonzalez
268166759,3/23/2025,2025-03-23T19:05:00-06:00,Octocorals,Octocorallia,subclass,340493,"[-84.6697329437, 9.7052754429]","Provincia de Puntarenas, Garabito, Costa Rica","9.7052754429,-84.6697329437",needs_id,d_gonzalez
268166757,3/23/2025,2025-03-23T19:05:00-06:00,Longspined Porcupinefish,Diodon holocanthus,species,49269,"[-84.6697329437, 9.7052754429]","Provincia de Puntarenas, Garabito, Costa Rica","9.7052754429,-84.6697329437",research,d_gonzalez
268166754,3/23/2025,2025-03-23T19:05:00-06:00,Longspined Porcupinefish,Diodon holocanthus,species,49269,"[-84.6697329437, 9.7052754429]","Provincia de Puntarenas, Garabito, Costa Rica","9.7052754429,-84.6697329437",research,d_gonzalez
268166753,3/23/2025,2025-03-23T19:05:00-06:00,Blue-spotted Cornetfish,Fistularia commersonii,species,57399,"[-84.6697329437, 9.7052754429]","Provincia de Puntarenas, Garabito, Costa Rica","9.7052754429,-84.6697329437",research,d_gonzalez
268166752,3/23/2025,2025-03-23T19:05:00-06:00,Bluntspine Blenny,Acanthemblemaria exilispinus,species,93031,"[-84.6697329437, 9.7052754429]","Provincia de Puntarenas, Garabito, Costa Rica","9.7052754429,-84.6697329437",research,d_gonzalez
268166751,3/23/2025,2025-03-23T19:05:00-06:00,Thorny Oysters,Spondylus,genus,123464,"[-84.6697329437, 9.7052754429]","Provincia de Puntarenas, Garabito, Costa Rica","9.7052754429,-84.6697329437",needs_id,d_gonzalez
268166750,3/23/2025,2025-03-23T19:05:00-06:00,Agassiz's Chromodorid,Felimare agassizii,species,437705,"[-84.6697329437, 9.7052754429]","Provincia de Puntarenas, Garabito, Costa Rica","9.7052754429,-84.6697329437",research,d_gonzalez
268166748,3/23/2025,2025-03-23T19:05:00-06:00,Needle Sea Urchin,Diadema mexicanum,species,83298,"[-84.6697329437, 9.7052754429]","Provincia de Puntarenas, Garabito, Costa Rica","9.7052754429,-84.6697329437",needs_id,d_gonzalez
268166747,3/23/2025,2025-03-23T19:05:00-06:00,Thorny Oysters,Spondylus,genus,123464,"[-84.6697329437, 9.7052754429]","Provincia de Puntarenas, Garabito, Costa Rica","9.7052754429,-84.6697329437",needs_id,d_gonzalez
268166746,3/23/2025,2025-03-23T19:05:00-06:00,Thorny Oysters,Spondylus,genus,123464,"[-84.6697329437, 9.7052754429]","Provincia de Puntarenas, Garabito, Costa Rica","9.7052754429,-84.6697329437",needs_id,d_gonzalez
268166745,3/23/2025,2025-03-23T19:05:00-06:00,Brown Gorgonian,Muricea fruticosa,species,485384,"[-84.6697329437, 9.7052754429]","Provincia de Puntarenas, Garabito, Costa Rica","9.7052754429,-84.6697329437",needs_id,d_gonzalez
268166744,3/23/2025,2025-03-23T19:05:00-06:00,Muricea,Muricea,genus,132267,"[-84.6697329437, 9.7052754429]","Provincia de Puntarenas, Garabito, Costa Rica","9.7052754429,-84.6697329437",needs_id,d_gonzalez
268166743,3/23/2025,2025-03-23T19:05:00-06:00,Silver Gray Grunt,Anisotremus caesius,species,94129,"[-84.6697329437, 9.7052754429]","Provincia de Puntarenas, Garabito, Costa Rica","9.7052754429,-84.6697329437",research,d_gonzalez
268166742,3/23/2025,2025-03-23T19:05:00-06:00,Brittle Stars,Ophiuroidea,class,48836,"[-84.6697329437, 9.7052754429]","Provincia de Puntarenas, Garabito, Costa Rica","9.7052754429,-84.6697329437",needs_id,d_gonzalez
268166740,3/23/2025,2025-03-23T19:05:00-06:00,Filtering Sea Cucumbers,Dendrochirotida,order,49482,"[-84.6697329437, 9.7052754429]","Provincia de Puntarenas, Garabito, Costa Rica","9.7052754429,-84.6697329437",needs_id,d_gonzalez
268166739,3/23/2025,2025-03-23T19:05:00-06:00,Mottled Soapfish,Rypticus bicolor,species,111903,"[-84.6697329437, 9.7052754429]","Provincia de Puntarenas, Garabito, Costa Rica","9.7052754429,-84.6697329437",needs_id,d_gonzalez
268166738,3/23/2025,2025-03-23T19:05:00-06:00,Pyramid Sea Star,Pharia pyramidata,species,344899,"[-84.6697329437, 9.7052754429]","Provincia de Puntarenas, Garabito, Costa Rica","9.7052754429,-84.6697329437",research,d_gonzalez
268166736,3/23/2025,2025-03-23T19:05:00-06:00,Blue Sea Star,Phataria unifascialis,species,195833,"[-84.6697329437, 9.7052754429]","Provincia de Puntarenas, Garabito, Costa Rica","9.7052754429,-84.6697329437",needs_id,d_gonzalez
268166735,3/23/2025,2025-03-23T19:05:00-06:00,Green Spiny Lobster,Panulirus gracilis,species,108357,"[-84.6697329437, 9.7052754429]","Provincia de Puntarenas, Garabito, Costa Rica","9.7052754429,-84.6697329437",needs_id,d_gonzalez
268166734,3/23/2025,2025-03-23T19:05:00-06:00,Axinellidae,Axinellidae,family,131769,"[-84.6697329437, 9.7052754429]","Provincia de Puntarenas, Garabito, Costa Rica","9.7052754429,-84.6697329437",needs_id,d_gonzalez
268166733,3/23/2025,2025-03-23T19:05:00-06:00,Thorny Oysters,Spondylus,genus,123464,"[-84.6697329437, 9.7052754429]","Provincia de Puntarenas, Garabito, Costa Rica","9.7052754429,-84.6697329437",needs_id,d_gonzalez
268166732,3/23/2025,2025-03-23T19:05:00-06:00,Stone Scorpionfish,Scorpaena mystes,species,112345,"[-84.6697329437, 9.7052754429]","Provincia de Puntarenas, Garabito, Costa Rica","9.7052754429,-84.6697329437",research,d_gonzalez
268166730,3/23/2025,2025-03-23T19:05:00-06:00,Feather Duster Worms,Sabellidae,family,49282,"[-84.6697329437, 9.7052754429]","Provincia de Puntarenas, Garabito, Costa Rica","9.7052754429,-84.6697329437",needs_id,d_gonzalez
268166727,3/23/2025,2025-03-23T19:05:00-06:00,Pacific Graysby,Cephalopholis panamensis,species,97000,"[-84.6697329437, 9.7052754429]","Provincia de Puntarenas, Garabito, Costa Rica","9.7052754429,-84.6697329437",research,d_gonzalez
268166725,3/23/2025,2025-03-23T19:05:00-06:00,Brown Sea Cucumber,Isostichopus fuscus,species,195747,"[-84.7630297395, 9.6043993705]","Puntarenas, CR","9.6043993705,-84.7630297395",research,d_gonzalez
268166724,3/22/2025,2025-03-22T14:01:00-06:00,Pacific Yellowfin Mojarra,Gerres simillimus,species,187420,"[-84.6697642016, 9.7030907881]","Provincia de Puntarenas, Garabito, Costa Rica","9.7030907881,-84.6697642016",needs_id,d_gonzalez
268166722,3/22/2025,2025-03-22T14:01:00-06:00,Hancock's Blenny,Acanthemblemaria hancocki,species,93032,"[-84.6697642016, 9.7030907881]","Provincia de Puntarenas, Garabito, Costa Rica","9.7030907881,-84.6697642016",research,d_gonzalez
268166721,3/22/2025,2025-03-22T14:01:00-06:00,Zoantharians,Zoantharia,order,51198,"[-84.6697642016, 9.7030907881]","Provincia de Puntarenas, Garabito, Costa Rica","9.7030907881,-84.6697642016",needs_id,d_gonzalez
268166720,3/22/2025,2025-03-22T14:01:00-06:00,Hancock's Blenny,Acanthemblemaria hancocki,species,93032,"[-84.6697642016, 9.7030907881]","Provincia de Puntarenas, Garabito, Costa Rica","9.7030907881,-84.6697642016",research,d_gonzalez
268166719,3/22/2025,2025-03-22T14:01:00-06:00,Demosponges,Demospongiae,class,57736,"[-84.6697642016, 9.7030907881]","Provincia de Puntarenas, Garabito, Costa Rica","9.7030907881,-84.6697642016",needs_id,d_gonzalez
268166718,3/22/2025,2025-03-22T14:01:00-06:00,Snowflake Coral,Carijoa riisei,species,51012,"[-84.6697642016, 9.7030907881]","Provincia de Puntarenas, Garabito, Costa Rica","9.7030907881,-84.6697642016",needs_id,d_gonzalez
268166717,3/22/2025,2025-03-22T14:01:00-06:00,Feather Duster Worms,Sabellidae,family,49282,"[-84.6697642016, 9.7030907881]","Provincia de Puntarenas, Garabito, Costa Rica","9.7030907881,-84.6697642016",needs_id,d_gonzalez
268166716,3/22/2025,2025-03-22T14:01:00-06:00,Needle Sea Urchin,Diadema mexicanum,species,83298,"[-84.6697642016, 9.7030907881]","Provincia de Puntarenas, Garabito, Costa Rica","9.7030907881,-84.6697642016",needs_id,d_gonzalez
268166715,3/22/2025,2025-03-22T14:01:00-06:00,Christmas Tree Hydroid,Pennaria disticha,species,195464,"[-84.6697642016, 9.7030907881]","Provincia de Puntarenas, Garabito, Costa Rica","9.7030907881,-84.6697642016",needs_id,d_gonzalez
268166713,3/22/2025,2025-03-22T14:01:00-06:00,Rhopalaea birkelandi,Rhopalaea birkelandi,species,338499,"[-84.6697642016, 9.7030907881]","Provincia de Puntarenas, Garabito, Costa Rica","9.7030907881,-84.6697642016",needs_id,d_gonzalez
260095268,1/12/2025,2025-01-12T11:52:00-06:00,Bluefin Trevally,Caranx melampygus,species,123690,"[-83.8817571, 8.707268]","Isla del Cano, Costa Rica","8.707268,-83.8817571",research,d_gonzalez
260095267,1/12/2025,2025-01-12T11:53:00-06:00,Feather Duster Worms,Sabellidae,family,49282,"[-83.8817571, 8.707268]","Isla del Cano, Costa Rica","8.707268,-83.8817571",needs_id,d_gonzalez
260095266,1/12/2025,2025-01-12T11:51:00-06:00,Rockmover Wrasse,Novaculichthys taeniourus,species,63597,"[-83.8817571, 8.707268]","Isla del Cano, Costa Rica","8.707268,-83.8817571",research,d_gonzalez
260095265,1/12/2025,2025-01-12T11:49:00-06:00,Yellow Snapper,Lutjanus argentiventris,species,47293,"[-83.8817571, 8.707268]","Isla del Cano, Costa Rica","8.707268,-83.8817571",research,d_gonzalez
260095264,1/12/2025,2025-01-12T11:49:00-06:00,Bluefin Trevally,Caranx melampygus,species,123690,"[-83.8817571, 8.707268]","Isla del Cano, Costa Rica","8.707268,-83.8817571",research,d_gonzalez
260095263,1/12/2025,2025-01-12T11:49:00-06:00,Leather Bass,Dermatolepis dermatolepis,species,83293,"[-83.8817571, 8.707268]","Isla del Cano, Costa Rica","8.707268,-83.8817571",needs_id,d_gonzalez
260095262,1/12/2025,2025-01-12T11:45:00-06:00,Leopard Round Stingray,Urobatis pardalis,species,607552,"[-83.8817571, 8.707268]","Isla del Cano, Costa Rica","8.707268,-83.8817571",research,d_gonzalez
260095261,1/12/2025,2025-01-12T11:35:00-06:00,King Angelfish,Holacanthus passer,species,56797,"[-83.8817571, 8.707268]","Isla del Cano, Costa Rica","8.707268,-83.8817571",research,d_gonzalez
260095260,1/12/2025,2025-01-12T11:34:00-06:00,Redlip Parrotfish,Scarus rubroviolaceus,species,83297,"[-83.8817571, 8.707268]","Isla del Cano, Costa Rica","8.707268,-83.8817571",needs_id,d_gonzalez
260095257,1/12/2025,2025-01-12T11:34:00-06:00,King Angelfish,Holacanthus passer,species,56797,"[-83.8817571, 8.707268]","Isla del Cano, Costa Rica","8.707268,-83.8817571",research,d_gonzalez
260095256,1/12/2025,2025-01-12T11:31:00-06:00,Yellowfin Surgeonfish,Acanthurus xanthopterus,species,132366,"[-83.8817571, 8.707268]","Isla del Cano, Costa Rica","8.707268,-83.8817571",research,d_gonzalez
260095252,1/12/2025,2025-01-12T11:31:00-06:00,Yellowfin Surgeonfish,Acanthurus xanthopterus,species,132366,"[-83.8817571, 8.707268]","Isla del Cano, Costa Rica","8.707268,-83.8817571",research,d_gonzalez
260095250,1/12/2025,2025-01-12T11:31:00-06:00,Blue-barred Parrotfish,Scarus ghobban,species,84175,"[-83.8817571, 8.707268]","Isla del Cano, Costa Rica","8.707268,-83.8817571",research,d_gonzalez
260095249,1/12/2025,2025-01-12T11:31:00-06:00,Yellow Snapper,Lutjanus argentiventris,species,47293,"[-83.8817571, 8.707268]","Isla del Cano, Costa Rica","8.707268,-83.8817571",research,d_gonzalez
260095246,1/12/2025,2025-01-12T11:28:00-06:00,Heteroconger,Heteroconger,genus,88872,"[-83.8817571, 8.707268]","Isla del Cano, Costa Rica","8.707268,-83.8817571",needs_id,d_gonzalez
260095245,1/12/2025,2025-01-12T11:26:00-06:00,Panamic Porkfish,Anisotremus taeniatus,species,94136,"[-83.8817571, 8.707268]","Isla del Cano, Costa Rica","8.707268,-83.8817571",research,d_gonzalez
260095243,1/12/2025,2025-01-12T10:33:00-06:00,Razor Surgeonfish,Prionurus laticlavius,species,56772,"[-83.8817571, 8.707268]","Isla del Cano, Costa Rica","8.707268,-83.8817571",research,d_gonzalez
260095241,1/12/2025,2025-01-12T10:32:00-06:00,Giant Damselfish,Microspathodon dorsalis,species,105832,"[-83.8817571, 8.707268]","Isla del Cano, Costa Rica","8.707268,-83.8817571",research,d_gonzalez
260095240,1/12/2025,2025-01-12T10:32:00-06:00,Spotted Porcupinefish,Diodon hystrix,species,52313,"[-83.8817571, 8.707268]","Isla del Cano, Costa Rica","8.707268,-83.8817571",research,d_gonzalez
260095239,1/12/2025,2025-01-12T10:31:00-06:00,Blue-and-gold Snapper,Lutjanus viridis,species,104862,"[-83.8817571, 8.707268]","Isla del Cano, Costa Rica","8.707268,-83.8817571",research,d_gonzalez
260095238,1/12/2025,2025-01-12T10:31:00-06:00,Razor Surgeonfish,Prionurus laticlavius,species,56772,"[-83.8817571, 8.707268]","Isla del Cano, Costa Rica","8.707268,-83.8817571",research,d_gonzalez
260095237,1/12/2025,2025-01-12T10:29:00-06:00,Spotted Porcupinefish,Diodon hystrix,species,52313,"[-83.8817571, 8.707268]","Isla del Cano, Costa Rica","8.707268,-83.8817571",research,d_gonzalez
260095235,1/12/2025,2025-01-12T10:26:00-06:00,Needle Sea Urchin,Diadema mexicanum,species,83298,"[-83.8817571, 8.707268]","Isla del Cano, Costa Rica","8.707268,-83.8817571",needs_id,d_gonzalez
260095234,1/12/2025,2025-01-12T10:20:00-06:00,Blue-and-gold Snapper,Lutjanus viridis,species,104862,"[-83.8817571, 8.707268]","Isla del Cano, Costa Rica","8.707268,-83.8817571",research,d_gonzalez
260095233,1/12/2025,2025-01-12T10:20:00-06:00,Blue-spotted Bristletooth,Ctenochaetus marginatus,species,123528,"[-83.8817571, 8.707268]","Isla del Cano, Costa Rica","8.707268,-83.8817571",research,d_gonzalez
260095231,1/12/2025,2025-01-12T10:19:00-06:00,Orangeside Triggerfish,Sufflamen verres,species,57295,"[-83.8817571, 8.707268]","Isla del Cano, Costa Rica","8.707268,-83.8817571",research,d_gonzalez
260095230,1/12/2025,2025-01-12T10:18:00-06:00,Mexican Hogfish,Bodianus diplotaenia,species,57333,"[-83.8817571, 8.707268]","Isla del Cano, Costa Rica","8.707268,-83.8817571",research,d_gonzalez
260095229,1/12/2025,2025-01-12T10:15:00-06:00,Yellowfin Surgeonfish,Acanthurus xanthopterus,species,132366,"[-83.8817571, 8.707268]","Isla del Cano, Costa Rica","8.707268,-83.8817571",needs_id,d_gonzalez
260095228,1/12/2025,2025-01-12T10:13:00-06:00,Chestnut Moray,Gymnothorax castaneus,species,85113,"[-83.8817571, 8.707268]","Isla del Cano, Costa Rica","8.707268,-83.8817571",research,d_gonzalez
260095227,1/12/2025,2025-01-12T11:56:00-06:00,Lisa's Mantis Shrimp,Lysiosquilla lisa,species,1474794,"[-83.8817571, 8.707268]","Isla del Cano, Costa Rica","8.707268,-83.8817571",needs_id,d_gonzalez
260095226,1/12/2025,2025-01-12T11:51:00-06:00,Stone Scorpionfish,Scorpaena mystes,species,112345,"[-83.8817571, 8.707268]","Isla del Cano, Costa Rica","8.707268,-83.8817571",needs_id,d_gonzalez
260095224,1/12/2025,2025-01-12T11:41:00-06:00,Octopuses,Octopoda,order,47458,"[-83.8817571, 8.707268]","Isla del Cano, Costa Rica","8.707268,-83.8817571",needs_id,d_gonzalez
260095223,1/12/2025,2025-01-12T11:44:00-06:00,Leopard Round Stingray,Urobatis pardalis,species,607552,"[-83.8817571, 8.707268]","Isla del Cano, Costa Rica","8.707268,-83.8817571",research,d_gonzalez
260095221,1/12/2025,2025-01-12T11:40:00-06:00,Leopard Round Stingray,Urobatis pardalis,species,607552,"[-83.8817571, 8.707268]","Isla del Cano, Costa Rica","8.707268,-83.8817571",research,d_gonzalez
260095220,1/12/2025,2025-01-12T11:37:00-06:00,Tubulariidae,Tubulariidae,family,48920,"[-83.8817571, 8.707268]","Isla del Cano, Costa Rica","8.707268,-83.8817571",needs_id,d_gonzalez
260095219,1/12/2025,2025-01-12T11:35:00-06:00,Yellow Snapper,Lutjanus argentiventris,species,47293,"[-83.8817571, 8.707268]","Isla del Cano, Costa Rica","8.707268,-83.8817571",research,d_gonzalez
260095217,1/12/2025,2025-01-12T11:33:00-06:00,Moorish Idol,Zanclus cornutus,species,83290,"[-83.8817571, 8.707268]","Isla del Cano, Costa Rica","8.707268,-83.8817571",research,d_gonzalez
260095216,1/12/2025,2025-01-12T11:32:00-06:00,Leopard Round Stingray,Urobatis pardalis,species,607552,"[-83.8817571, 8.707268]","Isla del Cano, Costa Rica","8.707268,-83.8817571",research,d_gonzalez
260095215,1/12/2025,2025-01-12T11:29:00-06:00,Stone Scorpionfish,Scorpaena mystes,species,112345,"[-83.8817571, 8.707268]","Isla del Cano, Costa Rica","8.707268,-83.8817571",needs_id,d_gonzalez
260095213,1/12/2025,2025-01-12T10:32:00-06:00,Redlip Parrotfish,Scarus rubroviolaceus,species,83297,"[-83.8817571, 8.707268]","Isla del Cano, Costa Rica","8.707268,-83.8817571",research,d_gonzalez
260095211,1/12/2025,2025-01-12T10:31:00-06:00,"Butterflyfishes, Angelfishes, and Allies",Acanthuriformes,order,1303726,"[-83.8817571, 8.707268]","Isla del Cano, Costa Rica","8.707268,-83.8817571",needs_id,d_gonzalez
260095210,1/12/2025,2025-01-12T10:18:00-06:00,Redlip Parrotfish,Scarus rubroviolaceus,species,83297,"[-83.8817571, 8.707268]","Isla del Cano, Costa Rica","8.707268,-83.8817571",research,d_gonzalez
260095207,1/12/2025,2025-01-12T10:08:00-06:00,Mccoskerichthys,Mccoskerichthys,genus,89786,"[-83.8817571, 8.707268]","Isla del Cano, Costa Rica","8.707268,-83.8817571",needs_id,d_gonzalez
260095206,1/12/2025,2025-01-12T10:12:00-06:00,Rockmover Wrasse,Novaculichthys taeniourus,species,63597,"[-83.8817571, 8.707268]","Isla del Cano, Costa Rica","8.707268,-83.8817571",research,d_gonzalez
260095204,1/11/2025,2025-01-11T13:56:00-06:00,Echinolittorina aspera,Echinolittorina aspera,species,489205,"[-83.6778375537, 9.0866282432]","Playa Ventanas, Provincia de Puntarenas, Osa, Costa Rica","9.0866282432,-83.6778375537",needs_id,d_gonzalez
260095201,1/11/2025,2025-01-11T14:05:00-06:00,Rough-ribbed Nerite,Nerita scabricosta,species,201367,"[-83.6778375537, 9.0866282432]","Playa Ventanas, Provincia de Puntarenas, Osa, Costa Rica","9.0866282432,-83.6778375537",research,d_gonzalez
260095199,1/11/2025,2025-01-11T14:02:00-06:00,Sally Lightfoot Crab,Grapsus grapsus,species,55295,"[-83.6778375537, 9.0866282432]","Playa Ventanas, Provincia de Puntarenas, Osa, Costa Rica","9.0866282432,-83.6778375537",needs_id,d_gonzalez
260095198,1/11/2025,2025-01-11T14:04:00-06:00,Brachidontes,Brachidontes,genus,52174,"[-83.6778375537, 9.0866282432]","Playa Ventanas, Provincia de Puntarenas, Osa, Costa Rica","9.0866282432,-83.6778375537",needs_id,d_gonzalez
260095195,1/11/2025,2025-01-11T14:01:00-06:00,Rough-ribbed Nerite,Nerita scabricosta,species,201367,"[-83.6778375537, 9.0866282432]","Playa Ventanas, Provincia de Puntarenas, Osa, Costa Rica","9.0866282432,-83.6778375537",needs_id,d_gonzalez
260095193,1/11/2025,2025-01-11T14:01:00-06:00,Sally Lightfoot Crab,Grapsus grapsus,species,55295,"[-83.6778375537, 9.0866282432]","Playa Ventanas, Provincia de Puntarenas, Osa, Costa Rica","9.0866282432,-83.6778375537",needs_id,d_gonzalez
260095191,1/11/2025,2025-01-11T13:59:00-06:00,Rough-ribbed Nerite,Nerita scabricosta,species,201367,"[-83.6778375537, 9.0866282432]","Playa Ventanas, Provincia de Puntarenas, Osa, Costa Rica","9.0866282432,-83.6778375537",research,d_gonzalez
260095190,1/11/2025,2025-01-11T13:40:00-06:00,Rough-ribbed Nerite,Nerita scabricosta,species,201367,"[-83.6778375537, 9.0866282432]","Playa Ventanas, Provincia de Puntarenas, Osa, Costa Rica","9.0866282432,-83.6778375537",research,d_gonzalez
260095188,1/11/2025,2025-01-11T13:38:00-06:00,Echinolittorina,Echinolittorina,genus,246650,"[-83.6778375537, 9.0866282432]","Playa Ventanas, Provincia de Puntarenas, Osa, Costa Rica","9.0866282432,-83.6778375537",needs_id,d_gonzalez
260095184,1/11/2025,2025-01-11T13:37:00-06:00,Echinolittorina,Echinolittorina,genus,246650,"[-83.6778375537, 9.0866282432]","Playa Ventanas, Provincia de Puntarenas, Osa, Costa Rica","9.0866282432,-83.6778375537",needs_id,d_gonzalez
257931653,8/4/2024,2024-08-04T13:08:00+01:00,Redbacked Cleaner Shrimp,Lysmata grabhami,species,363940,"[-16.3287769176, 28.3983162338]","Radazul, Santa Cruz de Tenerife, Spain","28.3983162338,-16.3287769176",research,d_gonzalez
257931652,8/4/2024,2024-08-04T13:08:00+01:00,Variable Sea Cucumber,Holothuria sanctori,species,432925,"[-16.3287769176, 28.3983162338]","Radazul, Santa Cruz de Tenerife, Spain","28.3983162338,-16.3287769176",research,d_gonzalez
257931651,8/4/2024,2024-08-04T13:08:00+01:00,Branchiomma,Branchiomma,genus,132543,"[-16.3287769176, 28.3983162338]","Radazul, Santa Cruz de Tenerife, Spain","28.3983162338,-16.3287769176",needs_id,d_gonzalez
257931650,8/4/2024,2024-08-04T13:08:00+01:00,Black-spotted Feather Duster,Branchiomma nigromaculatum,species,132542,"[-16.3287769176, 28.3983162338]","Radazul, Santa Cruz de Tenerife, Spain","28.3983162338,-16.3287769176",research,d_gonzalez
257931649,8/4/2024,2024-08-04T13:08:00+01:00,Mediterranean Red Sea Star,Echinaster sepositus,species,117446,"[-16.3287769176, 28.3983162338]","Radazul, Santa Cruz de Tenerife, Spain","28.3983162338,-16.3287769176",research,d_gonzalez
257931648,8/4/2024,2024-08-04T13:08:00+01:00,Grey Triggerfish,Balistes capriscus,species,49606,"[-16.3287769176, 28.3983162338]","Radazul, Santa Cruz de Tenerife, Spain","28.3983162338,-16.3287769176",research,d_gonzalez
257931647,8/4/2024,2024-08-04T13:08:00+01:00,Spiny Fan Mussel,Pinna rudis,species,292173,"[-16.3287769176, 28.3983162338]","Radazul, Santa Cruz de Tenerife, Spain","28.3983162338,-16.3287769176",research,d_gonzalez
257931646,8/4/2024,2024-08-04T13:08:00+01:00,Atlantic Lizardfish,Synodus saurus,species,113701,"[-16.3287769176, 28.3983162338]","Radazul, Santa Cruz de Tenerife, Spain","28.3983162338,-16.3287769176",research,d_gonzalez
257931645,8/4/2024,2024-08-04T13:08:00+01:00,Red Lizardfish,Synodus synodus,species,131428,"[-16.3287769176, 28.3983162338]","Radazul, Santa Cruz de Tenerife, Spain","28.3983162338,-16.3287769176",research,d_gonzalez
257931644,8/4/2024,2024-08-04T13:08:00+01:00,Planehead Filefish,Stephanolepis hispida,species,132526,"[-16.3287769176, 28.3983162338]","Radazul, Santa Cruz de Tenerife, Spain","28.3983162338,-16.3287769176",research,d_gonzalez
257931643,8/4/2024,2024-08-04T13:08:00+01:00,Ornate Wrasse,Thalassoma pavo,species,50972,"[-16.3287769176, 28.3983162338]","Radazul, Santa Cruz de Tenerife, Spain","28.3983162338,-16.3287769176",research,d_gonzalez
257931642,8/4/2024,2024-08-04T13:08:00+01:00,European Parrotfish,Sparisoma cretense,species,112860,"[-16.3287769176, 28.3983162338]","Radazul, Santa Cruz de Tenerife, Spain","28.3983162338,-16.3287769176",research,d_gonzalez
257931641,8/4/2024,2024-08-04T13:08:00+01:00,Madeira Scorpionfish,Scorpaena maderensis,species,342288,"[-16.3287769176, 28.3983162338]","Radazul, Santa Cruz de Tenerife, Spain","28.3983162338,-16.3287769176",research,d_gonzalez
257931640,8/4/2024,2024-08-04T13:08:00+01:00,Atlantic Purple Sea Urchin,Paracentrotus lividus,species,48032,"[-16.3287769176, 28.3983162338]","Radazul, Santa Cruz de Tenerife, Spain","28.3983162338,-16.3287769176",research,d_gonzalez
257930902,7/24/2024,2024-07-24T18:01:00+01:00,Wide-eyed Flounder,Bothus podas,species,118640,"[-16.3133986415, 28.4048787591]","38190 Bocacangrejo, Santa Cruz de Tenerife, Spain","28.4048787591,-16.3133986415",research,d_gonzalez
257930901,7/24/2024,2024-07-24T18:01:00+01:00,Arrow Crab,Stenorhynchus lanceolatus,species,363949,"[-16.3133986415, 28.4048787591]","38190 Bocacangrejo, Santa Cruz de Tenerife, Spain","28.4048787591,-16.3133986415",research,d_gonzalez
257930899,7/24/2024,2024-07-24T18:01:00+01:00,Violet Sea Urchin,Sphaerechinus granularis,species,118753,"[-16.3133986415, 28.4048787591]","38190 Bocacangrejo, Santa Cruz de Tenerife, Spain","28.4048787591,-16.3133986415",research,d_gonzalez
257930897,7/24/2024,2024-07-24T18:01:00+01:00,Bearded Fireworm,Hermodice carunculata,species,49520,"[-16.3133986415, 28.4048787591]","38190 Bocacangrejo, Santa Cruz de Tenerife, Spain","28.4048787591,-16.3133986415",research,d_gonzalez
257930896,7/24/2024,2024-07-24T18:01:00+01:00,Regal Sea Goddess,Felimare picta,species,469400,"[-16.3133986415, 28.4048787591]","38190 Bocacangrejo, Santa Cruz de Tenerife, Spain","28.4048787591,-16.3133986415",research,d_gonzalez
257930895,7/24/2024,2024-07-24T18:01:00+01:00,Atlantic Damselfish,Chromis limbata,species,342041,"[-16.3133986415, 28.4048787591]","38190 Bocacangrejo, Santa Cruz de Tenerife, Spain","28.4048787591,-16.3133986415",research,d_gonzalez
257930749,8/6/2024,2024-08-06T12:00:00+01:00,Brown Colonial Anemone,Palythoa grandiflora,species,851945,"[-16.3298599408, 28.5759035978]","38240 Punta del Hidalgo, Santa Cruz de Tenerife, Spain","28.5759035978,-16.3298599408",needs_id,d_gonzalez
257930748,8/6/2024,2024-08-06T12:00:00+01:00,Rockpool Prawn,Palaemon elegans,species,153169,"[-16.3298599408, 28.5759035978]","38240 Punta del Hidalgo, Santa Cruz de Tenerife, Spain","28.5759035978,-16.3298599408",research,d_gonzalez
257930747,8/6/2024,2024-08-06T12:00:00+01:00,White Sea Star,Coscinasterias tenuispina,species,255717,"[-16.3298599408, 28.5759035978]","38240 Punta del Hidalgo, Santa Cruz de Tenerife, Spain","28.5759035978,-16.3298599408",research,d_gonzalez
257930745,8/6/2024,2024-08-06T12:00:00+01:00,Clibanarius aequabilis,Clibanarius aequabilis,species,954396,"[-16.3298599408, 28.5759035978]","38240 Punta del Hidalgo, Santa Cruz de Tenerife, Spain","28.5759035978,-16.3298599408",research,d_gonzalez
257930744,8/6/2024,2024-08-06T12:00:00+01:00,Rock-pool Blenny,Parablennius parvicornis,species,108409,"[-16.3298599408, 28.5759035978]","38240 Punta del Hidalgo, Santa Cruz de Tenerife, Spain","28.5759035978,-16.3298599408",research,d_gonzalez
253365827,5/25/2024,2024-05-25T20:32:00-06:00,Guineafowl Puffer,Arothron meleagris,species,83318,"[-85.7128096, 10.942263]","Bahía Cuajiniquil, Costa Rica","10.942263,-85.7128096",research,d_gonzalez
253365826,5/25/2024,2024-05-25T20:32:00-06:00,Gregories,Stegastes,genus,49306,"[-85.7128096, 10.942263]","Bahía Cuajiniquil, Costa Rica","10.942263,-85.7128096",needs_id,d_gonzalez
253365824,5/25/2024,2024-05-25T20:32:00-06:00,Octopus,Octopus,genus,47456,"[-85.7128096, 10.942263]","Bahía Cuajiniquil, Costa Rica","10.942263,-85.7128096",needs_id,d_gonzalez
253365823,5/25/2024,2024-05-25T20:32:00-06:00,Octopuses,Octopoda,order,47458,"[-85.7128096, 10.942263]","Bahía Cuajiniquil, Costa Rica","10.942263,-85.7128096",needs_id,d_gonzalez
253365820,5/25/2024,2024-05-25T20:32:00-06:00,Black-nosed Butterflyfish,Johnrandallia nigrirostris,species,85124,"[-85.7128096, 10.942263]","Bahía Cuajiniquil, Costa Rica","10.942263,-85.7128096",research,d_gonzalez
253365819,5/25/2024,2024-05-25T20:32:00-06:00,Sea Cucumbers,Holothuroidea,class,47720,"[-85.7128096, 10.942263]","Bahía Cuajiniquil, Costa Rica","10.942263,-85.7128096",needs_id,d_gonzalez
253365818,5/25/2024,2024-05-25T20:32:00-06:00,Hexaplex princeps,Hexaplex princeps,species,244527,"[-85.7128096, 10.942263]","Bahía Cuajiniquil, Costa Rica","10.942263,-85.7128096",needs_id,d_gonzalez
253365816,5/25/2024,2024-05-25T20:32:00-06:00,Hexaplex princeps,Hexaplex princeps,species,244527,"[-85.7128096, 10.942263]","Bahía Cuajiniquil, Costa Rica","10.942263,-85.7128096",research,d_gonzalez
253365815,5/25/2024,2024-05-25T20:32:00-06:00,Spinster Wrasse,Halichoeres nicholsi,species,56919,"[-85.7128096, 10.942263]","Bahía Cuajiniquil, Costa Rica","10.942263,-85.7128096",research,d_gonzalez
253365812,5/25/2024,2024-05-25T20:32:00-06:00,Spinster Wrasse,Halichoeres nicholsi,species,56919,"[-85.7128096, 10.942263]","Bahía Cuajiniquil, Costa Rica","10.942263,-85.7128096",research,d_gonzalez
253365811,5/25/2024,2024-05-25T20:32:00-06:00,Spottail Grunt,Haemulon maculicauda,species,101999,"[-85.7128096, 10.942263]","Bahía Cuajiniquil, Costa Rica","10.942263,-85.7128096",needs_id,d_gonzalez
253365810,5/25/2024,2024-05-25T20:32:00-06:00,Chameleon Wrasse,Halichoeres dispilus,species,52555,"[-85.7128096, 10.942263]","Bahía Cuajiniquil, Costa Rica","10.942263,-85.7128096",research,d_gonzalez
253365809,5/25/2024,2024-05-25T20:32:00-06:00,Chameleon Wrasse,Halichoeres dispilus,species,52555,"[-85.7128096, 10.942263]","Bahía Cuajiniquil, Costa Rica","10.942263,-85.7128096",research,d_gonzalez
253365808,5/25/2024,2024-05-25T20:32:00-06:00,Guineafowl Puffer,Arothron meleagris,species,83318,"[-85.7128096, 10.942263]","Bahía Cuajiniquil, Costa Rica","10.942263,-85.7128096",research,d_gonzalez
253365806,5/25/2024,2024-05-25T20:32:00-06:00,Guineafowl Puffer,Arothron meleagris,species,83318,"[-85.7128096, 10.942263]","Bahía Cuajiniquil, Costa Rica","10.942263,-85.7128096",research,d_gonzalez
253357604,3/2/2024,,Leopard Round Stingray,Urobatis pardalis,species,607552,"[-85.7128096, 10.942263]","Bahía Cuajiniquil, Costa Rica","10.942263,-85.7128096",research,d_gonzalez
253357603,3/2/2024,,Black-nosed Butterflyfish,Johnrandallia nigrirostris,species,85124,"[-85.7128096, 10.942263]","Bahía Cuajiniquil, Costa Rica","10.942263,-85.7128096",research,d_gonzalez
253356719,9/7/2024,,Graybar Grunt,Haemulon sexfasciatum,species,102001,"[-83.8817571, 8.707268]","Isla del Cano, Costa Rica","8.707268,-83.8817571",research,d_gonzalez
253356718,9/7/2024,,Graybar Grunt,Haemulon sexfasciatum,species,102001,"[-83.8817571, 8.707268]","Isla del Cano, Costa Rica","8.707268,-83.8817571",research,d_gonzalez
253356717,9/7/2024,,Whitetip Reef Shark,Triaenodon obesus,species,52314,"[-83.8817571, 8.707268]","Isla del Cano, Costa Rica","8.707268,-83.8817571",research,d_gonzalez
253356716,9/7/2024,,Orangeside Triggerfish,Sufflamen verres,species,57295,"[-83.8817571, 8.707268]","Isla del Cano, Costa Rica","8.707268,-83.8817571",research,d_gonzalez
253356714,9/7/2024,,Graybar Grunt,Haemulon sexfasciatum,species,102001,"[-83.8817571, 8.707268]","Isla del Cano, Costa Rica","8.707268,-83.8817571",research,d_gonzalez
253356713,9/7/2024,,Beaubrummel,Stegastes flavilatus,species,113104,"[-83.8817571, 8.707268]","Isla del Cano, Costa Rica","8.707268,-83.8817571",research,d_gonzalez
253356711,9/7/2024,,Starry Grouper,Epinephelus labriformis,species,67529,"[-83.8817571, 8.707268]","Isla del Cano, Costa Rica","8.707268,-83.8817571",research,d_gonzalez
253356710,9/7/2024,,Moorish Idol,Zanclus cornutus,species,83290,"[-83.8817571, 8.707268]","Isla del Cano, Costa Rica","8.707268,-83.8817571",research,d_gonzalez
253356708,9/7/2024,,Blue-barred Parrotfish,Scarus ghobban,species,84175,"[-83.8817571, 8.707268]","Isla del Cano, Costa Rica","8.707268,-83.8817571",research,d_gonzalez
253356707,9/7/2024,,Moorish Idol,Zanclus cornutus,species,83290,"[-83.8817571, 8.707268]","Isla del Cano, Costa Rica","8.707268,-83.8817571",research,d_gonzalez
253356706,9/7/2024,,Stone Triggerfish,Pseudobalistes naufragium,species,110933,"[-83.8817571, 8.707268]","Isla del Cano, Costa Rica","8.707268,-83.8817571",research,d_gonzalez
253356704,9/7/2024,,Green Sea Turtle,Chelonia mydas,species,39659,"[-83.8527784564, 8.7971672682]","Puntarenas, CR","8.7971672682,-83.8527784564",research,d_gonzalez
253356703,9/7/2024,,Hawksbill Sea Turtle,Eretmochelys imbricata,species,39672,"[-83.8849494309, 8.7873358677]","Puntarenas, CR","8.7873358677,-83.8849494309",needs_id,d_gonzalez
253356702,9/7/2024,,Green Sea Turtle,Chelonia mydas,species,39659,"[-83.8628258593, 8.7140343124]","Puntarenas, CR","8.7140343124,-83.8628258593",research,d_gonzalez
253356700,9/7/2024,,Yellowfin Surgeonfish,Acanthurus xanthopterus,species,132366,"[-83.8817571, 8.707268]","Isla del Cano, Costa Rica","8.707268,-83.8817571",research,d_gonzalez
253356699,9/7/2024,,Blue-and-gold Snapper,Lutjanus viridis,species,104862,"[-83.8817571, 8.707268]","Isla del Cano, Costa Rica","8.707268,-83.8817571",research,d_gonzalez
253356698,9/7/2024,,Pacific Creolefish,Cephalopholis colonus,species,1439800,"[-83.8817571, 8.707268]","Isla del Cano, Costa Rica","8.707268,-83.8817571",research,d_gonzalez
253356696,9/7/2024,,Three-banded Butterflyfish,Chaetodon humeralis,species,55534,"[-83.8817571, 8.707268]","Isla del Cano, Costa Rica","8.707268,-83.8817571",research,d_gonzalez
253356695,9/7/2024,,Bluefin Trevally,Caranx melampygus,species,123690,"[-83.8817571, 8.707268]","Isla del Cano, Costa Rica","8.707268,-83.8817571",research,d_gonzalez
253356694,9/7/2024,,Pacific Creolefish,Cephalopholis colonus,species,1439800,"[-83.8817571, 8.707268]","Isla del Cano, Costa Rica","8.707268,-83.8817571",research,d_gonzalez
253356693,9/7/2024,,Green Jack,Caranx caballus,species,96738,"[-83.8817571, 8.707268]","Isla del Cano, Costa Rica","8.707268,-83.8817571",research,d_gonzalez
253356691,9/7/2024,2024-09-07T12:13:00-06:00,Whitecheek Surgeonfish,Acanthurus nigricans,species,121193,"[-83.8817571, 8.707268]","Isla del Cano, Costa Rica","8.707268,-83.8817571",research,d_gonzalez
253356690,9/7/2024,2024-09-07T12:15:00-06:00,Yellowmargin Moray,Gymnothorax flavimarginatus,species,121740,"[-83.8817571, 8.707268]","Isla del Cano, Costa Rica","8.707268,-83.8817571",research,d_gonzalez
253356688,9/7/2024,2024-09-07T12:12:00-06:00,King Angelfish,Holacanthus passer,species,56797,"[-83.8817571, 8.707268]","Isla del Cano, Costa Rica","8.707268,-83.8817571",research,d_gonzalez
253356687,9/7/2024,2024-09-07T12:14:00-06:00,Spottail Grunt,Haemulon maculicauda,species,101999,"[-83.8817571, 8.707268]","Isla del Cano, Costa Rica","8.707268,-83.8817571",research,d_gonzalez
253356686,9/7/2024,2024-09-07T12:11:00-06:00,Guineafowl Puffer,Arothron meleagris,species,83318,"[-83.8817571, 8.707268]","Isla del Cano, Costa Rica","8.707268,-83.8817571",research,d_gonzalez
253356683,9/7/2024,2024-09-07T12:10:00-06:00,Stone Scorpionfish,Scorpaena mystes,species,112345,"[-83.8817571, 8.707268]","Isla del Cano, Costa Rica","8.707268,-83.8817571",research,d_gonzalez
253356682,9/7/2024,2024-09-07T12:07:00-06:00,Pacifigorgia,Pacifigorgia,genus,195539,"[-83.8817571, 8.707268]","Isla del Cano, Costa Rica","8.707268,-83.8817571",needs_id,d_gonzalez
253356681,9/7/2024,2024-09-07T12:07:00-06:00,Orange Cup Coral,Tubastraea coccinea,species,51802,"[-83.8817571, 8.707268]","Isla del Cano, Costa Rica","8.707268,-83.8817571",needs_id,d_gonzalez
253356680,9/7/2024,2024-09-07T12:07:00-06:00,Green Sea Turtle,Chelonia mydas,species,39659,"[-83.9283276902, 8.7967569907]","Puntarenas, CR","8.7967569907,-83.9283276902",research,d_gonzalez
253356679,9/7/2024,2024-09-07T12:04:00-06:00,Pacifigorgia,Pacifigorgia,genus,195539,"[-83.8817571, 8.707268]","Isla del Cano, Costa Rica","8.707268,-83.8817571",needs_id,d_gonzalez
253356678,9/7/2024,2024-09-07T12:05:00-06:00,Yellowmargin Moray,Gymnothorax flavimarginatus,species,121740,"[-83.8817571, 8.707268]","Isla del Cano, Costa Rica","8.707268,-83.8817571",research,d_gonzalez
253356677,9/7/2024,2024-09-07T12:03:00-06:00,Hawksbill Sea Turtle,Eretmochelys imbricata,species,39672,"[-83.9662430933, 8.66389313]","Puntarenas, CR","8.66389313,-83.9662430933",research,d_gonzalez
253356676,9/7/2024,2024-09-07T12:02:00-06:00,Golden Trevally,Gnathanodon speciosus,species,194896,"[-83.8817571, 8.707268]","Isla del Cano, Costa Rica","8.707268,-83.8817571",research,d_gonzalez
253356675,9/7/2024,2024-09-07T12:02:00-06:00,Whitetip Reef Shark,Triaenodon obesus,species,52314,"[-83.8817571, 8.707268]","Isla del Cano, Costa Rica","8.707268,-83.8817571",research,d_gonzalez
253356672,9/7/2024,2024-09-07T11:59:00-06:00,Pacific Graysby,Cephalopholis panamensis,species,97000,"[-83.8817571, 8.707268]","Isla del Cano, Costa Rica","8.707268,-83.8817571",research,d_gonzalez
253356671,9/7/2024,2024-09-07T11:59:00-06:00,Bigscale Soldierfish,Myripristis berndti,species,49622,"[-83.8817571, 8.707268]","Isla del Cano, Costa Rica","8.707268,-83.8817571",research,d_gonzalez
253356670,9/7/2024,2024-09-07T11:57:00-06:00,Leptogorgia alba,Leptogorgia alba,species,195546,"[-83.8817571, 8.707268]","Isla del Cano, Costa Rica","8.707268,-83.8817571",research,d_gonzalez
253356668,9/7/2024,2024-09-07T11:57:00-06:00,Pavona gigantea,Pavona gigantea,species,108980,"[-83.8817571, 8.707268]","Isla del Cano, Costa Rica","8.707268,-83.8817571",needs_id,d_gonzalez
253356667,9/7/2024,2024-09-07T11:57:00-06:00,Black-nosed Butterflyfish,Johnrandallia nigrirostris,species,85124,"[-83.8817571, 8.707268]","Isla del Cano, Costa Rica","8.707268,-83.8817571",research,d_gonzalez
253356666,9/7/2024,2024-09-07T10:51:00-06:00,Pixy Hawkfish,Cirrhitichthys oxycephalus,species,132687,"[-83.8817571, 8.707268]","Isla del Cano, Costa Rica","8.707268,-83.8817571",research,d_gonzalez
253356664,9/7/2024,2024-09-07T10:50:00-06:00,Cauliflower Corals,Pocillopora,genus,60547,"[-83.8817571, 8.707268]","Isla del Cano, Costa Rica","8.707268,-83.8817571",needs_id,d_gonzalez
253356663,9/7/2024,2024-09-07T10:49:00-06:00,Flagtail Blanquillo,Malacanthus brevirostris,species,121424,"[-83.8817571, 8.707268]","Isla del Cano, Costa Rica","8.707268,-83.8817571",research,d_gonzalez
253356662,9/7/2024,2024-09-07T10:49:00-06:00,Thorny Oysters,Spondylus,genus,123464,"[-83.8817571, 8.707268]","Isla del Cano, Costa Rica","8.707268,-83.8817571",needs_id,d_gonzalez
253356659,9/7/2024,2024-09-07T10:50:00-06:00,Redlip Parrotfish,Scarus rubroviolaceus,species,83297,"[-83.8817571, 8.707268]","Isla del Cano, Costa Rica","8.707268,-83.8817571",research,d_gonzalez
253356657,9/7/2024,2024-09-07T10:49:00-06:00,Redlip Parrotfish,Scarus rubroviolaceus,species,83297,"[-83.8817571, 8.707268]","Isla del Cano, Costa Rica","8.707268,-83.8817571",research,d_gonzalez
253356656,9/7/2024,2024-09-07T10:47:00-06:00,Demosponges,Demospongiae,class,57736,"[-83.8817571, 8.707268]","Isla del Cano, Costa Rica","8.707268,-83.8817571",needs_id,d_gonzalez
253356655,9/7/2024,2024-09-07T10:47:00-06:00,Leptogorgia alba,Leptogorgia alba,species,195546,"[-83.8817571, 8.707268]","Isla del Cano, Costa Rica","8.707268,-83.8817571",research,d_gonzalez
253356653,9/7/2024,2024-09-07T10:45:00-06:00,Bluefin Trevally,Caranx melampygus,species,123690,"[-83.8817571, 8.707268]","Isla del Cano, Costa Rica","8.707268,-83.8817571",research,d_gonzalez
253356652,9/7/2024,2024-09-07T10:38:00-06:00,Octopus,Octopus,genus,47456,"[-83.8817571, 8.707268]","Isla del Cano, Costa Rica","8.707268,-83.8817571",needs_id,d_gonzalez
253356651,9/7/2024,2024-09-07T10:40:00-06:00,Graybar Grunt,Haemulon sexfasciatum,species,102001,"[-83.8817571, 8.707268]","Isla del Cano, Costa Rica","8.707268,-83.8817571",research,d_gonzalez
253356649,9/7/2024,2024-09-07T10:36:00-06:00,Green Jack,Caranx caballus,species,96738,"[-83.8817571, 8.707268]","Isla del Cano, Costa Rica","8.707268,-83.8817571",research,d_gonzalez
253356648,9/7/2024,2024-09-07T10:35:00-06:00,Starry Grouper,Epinephelus labriformis,species,67529,"[-83.8817571, 8.707268]","Isla del Cano, Costa Rica","8.707268,-83.8817571",research,d_gonzalez
253356647,9/7/2024,2024-09-07T10:35:00-06:00,Green Sea Turtle,Chelonia mydas,species,39659,"[-83.8222139915, 8.6098446021]","Puntarenas, CR","8.6098446021,-83.8222139915",research,d_gonzalez
253356644,9/7/2024,2024-09-07T10:34:00-06:00,Pacifigorgia,Pacifigorgia,genus,195539,"[-83.8817571, 8.707268]","Isla del Cano, Costa Rica","8.707268,-83.8817571",needs_id,d_gonzalez
253356643,9/7/2024,2024-09-07T10:33:00-06:00,Green Sea Turtle,Chelonia mydas,species,39659,"[-83.8951780241, 8.6856444425]","Puntarenas, CR","8.6856444425,-83.8951780241",research,d_gonzalez
253356641,9/7/2024,2024-09-07T10:28:00-06:00,Longtail Stingray,Hypanus longus,species,623852,"[-83.8817571, 8.707268]","Isla del Cano, Costa Rica","8.707268,-83.8817571",research,d_gonzalez
253356640,9/7/2024,2024-09-07T10:28:00-06:00,White-spotted Puffer,Arothron hispidus,species,144017,"[-83.8817571, 8.707268]","Isla del Cano, Costa Rica","8.707268,-83.8817571",research,d_gonzalez
253356639,9/7/2024,2024-09-07T10:26:00-06:00,Panamic Porkfish,Anisotremus taeniatus,species,94136,"[-83.8817571, 8.707268]","Isla del Cano, Costa Rica","8.707268,-83.8817571",research,d_gonzalez
253356634,9/7/2024,2024-09-07T10:25:00-06:00,Spottail Grunt,Haemulon maculicauda,species,101999,"[-83.8817571, 8.707268]","Isla del Cano, Costa Rica","8.707268,-83.8817571",needs_id,d_gonzalez
253356633,9/7/2024,2024-09-07T10:25:00-06:00,Yellow Snapper,Lutjanus argentiventris,species,47293,"[-83.8817571, 8.707268]","Isla del Cano, Costa Rica","8.707268,-83.8817571",research,d_gonzalez
253356632,9/7/2024,2024-09-07T10:23:00-06:00,Barred Pargo,Hoplopagrus guentherii,species,102938,"[-83.8817571, 8.707268]","Isla del Cano, Costa Rica","8.707268,-83.8817571",research,d_gonzalez
253356631,9/7/2024,2024-09-07T10:22:00-06:00,Pore Corals,Porites,genus,47530,"[-83.8817571, 8.707268]","Isla del Cano, Costa Rica","8.707268,-83.8817571",needs_id,d_gonzalez
253356630,9/7/2024,2024-09-07T10:22:00-06:00,File Clams,Limidae,family,50578,"[-83.8817571, 8.707268]","Isla del Cano, Costa Rica","8.707268,-83.8817571",needs_id,d_gonzalez
253356629,9/7/2024,2024-09-07T10:20:00-06:00,Whitetip Reef Shark,Triaenodon obesus,species,52314,"[-83.8817571, 8.707268]","Isla del Cano, Costa Rica","8.707268,-83.8817571",research,d_gonzalez
253356628,9/7/2024,2024-09-07T10:19:00-06:00,Pixy Hawkfish,Cirrhitichthys oxycephalus,species,132687,"[-83.8817571, 8.707268]","Isla del Cano, Costa Rica","8.707268,-83.8817571",research,d_gonzalez
253356627,9/7/2024,,Frogfishes,Antennariidae,family,63279,"[-83.8817571, 8.707268]","Isla del Cano, Costa Rica","8.707268,-83.8817571",needs_id,d_gonzalez
253136929,6/18/2017,,Cortez Angelfish,Pomacanthus zonipectus,species,110022,"[-83.2666979222, 8.5685573091]","Golfo Dulce, Costa Rica","8.5685573091,-83.2666979222",research,d_gonzalez
253136927,6/18/2017,,Snowflake Moray,Echidna nebulosa,species,54441,"[-83.2666979222, 8.5685573091]","Golfo Dulce, Costa Rica","8.5685573091,-83.2666979222",research,d_gonzalez
253136926,6/18/2017,,Filtering Sea Cucumbers,Dendrochirotida,order,49482,"[-83.2666979222, 8.5685573091]","Golfo Dulce, Costa Rica","8.5685573091,-83.2666979222",needs_id,d_gonzalez
253136925,6/18/2017,,Spottail Grunt,Haemulon maculicauda,species,101999,"[-83.2666979222, 8.5685573091]","Golfo Dulce, Costa Rica","8.5685573091,-83.2666979222",needs_id,d_gonzalez
253136922,6/18/2017,,Placospongia,Placospongia,genus,247178,"[-83.2666979222, 8.5685573091]","Golfo Dulce, Costa Rica","8.5685573091,-83.2666979222",needs_id,d_gonzalez
253136921,6/18/2017,,Barred Pargo,Hoplopagrus guentherii,species,102938,"[-83.2666979222, 8.5685573091]","Golfo Dulce, Costa Rica","8.5685573091,-83.2666979222",research,d_gonzalez
253136920,6/18/2017,,Pacific Crevalle Jack,Caranx caninus,species,96739,"[-83.2666979222, 8.5685573091]","Golfo Dulce, Costa Rica","8.5685573091,-83.2666979222",needs_id,d_gonzalez
253136919,6/18/2017,,Stone Triggerfish,Pseudobalistes naufragium,species,110933,"[-83.2666979222, 8.5685573091]","Golfo Dulce, Costa Rica","8.5685573091,-83.2666979222",needs_id,d_gonzalez
253136918,6/18/2017,,Longfin Salema,Xenichthys xanti,species,115043,"[-83.2666979222, 8.5685573091]","Golfo Dulce, Costa Rica","8.5685573091,-83.2666979222",needs_id,d_gonzalez
253136917,6/18/2017,,Panamic Sergeant Major,Abudefduf troschelii,species,92989,"[-83.2666979222, 8.5685573091]","Golfo Dulce, Costa Rica","8.5685573091,-83.2666979222",research,d_gonzalez
253136914,6/18/2017,,Panama pearl oyster,Pinctada mazatlanica,species,204978,"[-83.2666979222, 8.5685573091]","Golfo Dulce, Costa Rica","8.5685573091,-83.2666979222",research,d_gonzalez
253135452,4/29/2023,2023-04-29T11:08:00-06:00,Tidal Spray Crab,Plagusia depressa,species,295350,"[-82.8090805556, 9.7337]","Parque Nacional Cahuita, Talamanca, Limón, Costa Rica","9.7337,-82.8090805556",research,d_gonzalez
253135449,4/28/2023,2023-04-28T10:56:00-06:00,Atlantic Rock-boring Urchin,Echinometra lucunter,species,194691,"[-82.8538055556, 9.7454472222]","Talamanca, Limón, Costa Rica","9.7454472222,-82.8538055556",needs_id,d_gonzalez
253135448,4/28/2023,2023-04-28T10:36:00-06:00,Sea Anemones,Actiniaria,order,47797,"[-82.8546611111, 9.7444861111]","Limón, Talamanca, Costa Rica","9.7444861111,-82.8546611111",needs_id,d_gonzalez
253135447,4/28/2023,2023-04-28T10:40:00-06:00,Sabellastarte,Sabellastarte,genus,121447,"[-82.8537527778, 9.7453111111]","Talamanca, Limón, Costa Rica","9.7453111111,-82.8537527778",needs_id,d_gonzalez
253135446,4/28/2023,2023-04-28T10:35:00-06:00,Harlequin Sea Cucumber,Holothuria grisea,species,132518,"[-82.8536972222, 9.7452722222]","Talamanca, Limón, Costa Rica","9.7452722222,-82.8536972222",research,d_gonzalez
253135445,4/28/2023,2023-04-28T10:33:00-06:00,Pale Anemone,Exaiptasia diaphana,species,785634,"[-82.8537611111, 9.7452888889]","Talamanca, Limón, Costa Rica","9.7452888889,-82.8537611111",needs_id,d_gonzalez
253135444,4/30/2023,2023-04-30T22:07:00-06:00,Beaded Sea Cucumber,Euapta lappa,species,255692,"[-82.6873418137, 9.6454900767]","Limón Province, Punta Uva, Costa Rica","9.6454900767,-82.6873418137",research,d_gonzalez
253135442,4/30/2023,2023-04-30T22:07:00-06:00,Beaded Sea Cucumber,Euapta lappa,species,255692,"[-82.6873418137, 9.6454900767]","Limón Province, Punta Uva, Costa Rica","9.6454900767,-82.6873418137",needs_id,d_gonzalez
253135441,4/30/2023,2023-04-30T22:07:00-06:00,sun anemone,Stichodactyla helianthus,species,194210,"[-82.6873418137, 9.6454900767]","Limón Province, Punta Uva, Costa Rica","9.6454900767,-82.6873418137",research,d_gonzalez
253135440,4/30/2023,2023-04-30T22:07:00-06:00,Caribbean Sea Mat,Palythoa caribaeorum,species,324157,"[-82.6873418137, 9.6454900767]","Limón Province, Punta Uva, Costa Rica","9.6454900767,-82.6873418137",research,d_gonzalez
253135439,4/30/2023,2023-04-30T22:07:00-06:00,Rock-boring Urchins,Echinometra,genus,128201,"[-82.6873418137, 9.6454900767]","Limón Province, Punta Uva, Costa Rica","9.6454900767,-82.6873418137",needs_id,d_gonzalez
253135437,4/30/2023,2023-04-30T22:07:00-06:00,Brittle Stars,Ophiuroidea,class,48836,"[-82.6873418137, 9.6454900767]","Limón Province, Punta Uva, Costa Rica","9.6454900767,-82.6873418137",needs_id,d_gonzalez
253135436,4/30/2023,2023-04-30T22:07:00-06:00,Caribbean Bluehead Wrasse,Thalassoma bifasciatum,species,49491,"[-82.6873418137, 9.6454900767]","Limón Province, Punta Uva, Costa Rica","9.6454900767,-82.6873418137",research,d_gonzalez
253135435,4/30/2023,2023-04-30T22:07:00-06:00,Fire Corals,Millepora,genus,89967,"[-82.6873418137, 9.6454900767]","Limón Province, Punta Uva, Costa Rica","9.6454900767,-82.6873418137",needs_id,d_gonzalez
253135433,4/30/2023,2023-04-30T22:07:00-06:00,Blade Fire Coral,Millepora complanata,species,105880,"[-82.6873418137, 9.6454900767]","Limón Province, Punta Uva, Costa Rica","9.6454900767,-82.6873418137",needs_id,d_gonzalez
253135432,4/30/2023,2023-04-30T22:07:00-06:00,Slate Pencil Urchin,Eucidaris tribuloides,species,47836,"[-82.6873418137, 9.6454900767]","Limón Province, Punta Uva, Costa Rica","9.6454900767,-82.6873418137",research,d_gonzalez
253135431,4/30/2023,2023-04-30T22:07:00-06:00,Reef Urchin,Echinometra viridis,species,128200,"[-82.6873418137, 9.6454900767]","Limón Province, Punta Uva, Costa Rica","9.6454900767,-82.6873418137",needs_id,d_gonzalez
253135430,4/30/2023,2023-04-30T22:07:00-06:00,Atlantic Long-spined Sea Urchin,Diadema antillarum,species,52290,"[-82.6873418137, 9.6454900767]","Limón Province, Punta Uva, Costa Rica","9.6454900767,-82.6873418137",research,d_gonzalez
253135429,4/30/2023,2023-04-30T22:07:00-06:00,Knobby Brain Coral,Pseudodiploria clivosa,species,504640,"[-82.6873418137, 9.6454900767]","Limón Province, Punta Uva, Costa Rica","9.6454900767,-82.6873418137",needs_id,d_gonzalez
253135428,4/30/2023,2023-04-30T22:07:00-06:00,Atlantic Long-spined Sea Urchin,Diadema antillarum,species,52290,"[-82.6873418137, 9.6454900767]","Limón Province, Punta Uva, Costa Rica","9.6454900767,-82.6873418137",research,d_gonzalez
253135426,4/30/2023,2023-04-30T22:07:00-06:00,Grooved Brain Coral,Diploria labyrinthiformis,species,504638,"[-82.6873418137, 9.6454900767]","Limón Province, Punta Uva, Costa Rica","9.6454900767,-82.6873418137",needs_id,d_gonzalez
253135425,4/30/2023,2023-04-30T22:07:00-06:00,West Indian Sea Egg,Tripneustes ventricosus,species,49955,"[-82.6873418137, 9.6454900767]","Limón Province, Punta Uva, Costa Rica","9.6454900767,-82.6873418137",needs_id,d_gonzalez
253135424,4/30/2023,2023-04-30T22:07:00-06:00,Thin Leaf Lettuce Coral,Agaricia tenuifolia,species,93528,"[-82.6790261697, 9.7877339665]",,"9.7877339665,-82.6790261697",needs_id,d_gonzalez
253135423,4/30/2023,2023-04-30T22:07:00-06:00,West Indian Sea Egg,Tripneustes ventricosus,species,49955,"[-82.6873418137, 9.6454900767]","Limón Province, Punta Uva, Costa Rica","9.6454900767,-82.6873418137",needs_id,d_gonzalez
253135422,4/30/2023,2023-04-30T22:07:00-06:00,Knobby Brain Coral,Pseudodiploria clivosa,species,504640,"[-82.6873418137, 9.6454900767]","Limón Province, Punta Uva, Costa Rica","9.6454900767,-82.6873418137",needs_id,d_gonzalez
253135420,4/30/2023,2023-04-30T22:07:00-06:00,Lesser Starlet Coral,Siderastrea radians,species,112555,"[-82.6873418137, 9.6454900767]","Limón Province, Punta Uva, Costa Rica","9.6454900767,-82.6873418137",needs_id,d_gonzalez
253135419,4/30/2023,2023-04-30T22:07:00-06:00,Arachnactidae,Arachnactidae,family,132477,"[-82.6873418137, 9.6454900767]","Limón Province, Punta Uva, Costa Rica","9.6454900767,-82.6873418137",needs_id,d_gonzalez
253135418,4/30/2023,2023-04-30T22:07:00-06:00,Knobby Brain Coral,Pseudodiploria clivosa,species,504640,"[-82.6873418137, 9.6454900767]","Limón Province, Punta Uva, Costa Rica","9.6454900767,-82.6873418137",needs_id,d_gonzalez
253135417,4/29/2023,2023-04-29T22:07:00-06:00,Blade Fire Coral,Millepora complanata,species,105880,"[-82.8174400058, 9.7395788739]","Limón, Talamanca, Costa Rica","9.7395788739,-82.8174400058",needs_id,d_gonzalez
253135416,4/29/2023,2023-04-29T22:07:00-06:00,Sea Cucumbers,Holothuroidea,class,47720,"[-82.8174400058, 9.7395788739]","Limón, Talamanca, Costa Rica","9.7395788739,-82.8174400058",needs_id,d_gonzalez
253135414,4/29/2023,2023-04-29T22:07:00-06:00,Sea Cucumbers,Holothuroidea,class,47720,"[-82.8174400058, 9.7395788739]","Limón, Talamanca, Costa Rica","9.7395788739,-82.8174400058",needs_id,d_gonzalez
253135412,4/29/2023,2023-04-29T22:07:00-06:00,Sea Cucumbers,Holothuroidea,class,47720,"[-82.8174400058, 9.7395788739]","Limón, Talamanca, Costa Rica","9.7395788739,-82.8174400058",needs_id,d_gonzalez
253135413,4/29/2023,2023-04-29T22:07:00-06:00,Sea Cucumbers,Holothuroidea,class,47720,"[-82.8174400058, 9.7395788739]","Limón, Talamanca, Costa Rica","9.7395788739,-82.8174400058",needs_id,d_gonzalez
253135410,4/29/2023,2023-04-29T22:07:00-06:00,Sea Cucumbers,Holothuroidea,class,47720,"[-82.8174400058, 9.7395788739]","Limón, Talamanca, Costa Rica","9.7395788739,-82.8174400058",needs_id,d_gonzalez
253135409,4/29/2023,2023-04-29T22:07:00-06:00,Sea Cucumbers,Holothuroidea,class,47720,"[-82.8174400058, 9.7395788739]","Limón, Talamanca, Costa Rica","9.7395788739,-82.8174400058",needs_id,d_gonzalez
253135408,4/29/2023,2023-04-29T22:07:00-06:00,Sea Cucumbers,Holothuroidea,class,47720,"[-82.8174400058, 9.7395788739]","Limón, Talamanca, Costa Rica","9.7395788739,-82.8174400058",needs_id,d_gonzalez
253135407,4/29/2023,2023-04-29T22:07:00-06:00,Bar Jack,Caranx ruber,species,82330,"[-82.8174400058, 9.7395788739]","Limón, Talamanca, Costa Rica","9.7395788739,-82.8174400058",research,d_gonzalez
253135406,4/29/2023,2023-04-29T22:07:00-06:00,Bearded Fireworm,Hermodice carunculata,species,49520,"[-82.8174400058, 9.7395788739]","Limón, Talamanca, Costa Rica","9.7395788739,-82.8174400058",research,d_gonzalez
253135405,4/29/2023,2023-04-29T22:07:00-06:00,Sea Cucumbers,Holothuroidea,class,47720,"[-82.8174400058, 9.7395788739]","Limón, Talamanca, Costa Rica","9.7395788739,-82.8174400058",needs_id,d_gonzalez
253135404,4/29/2023,2023-04-29T22:07:00-06:00,Common Lionfish,Pterois volitans,species,47280,"[-82.8174400058, 9.7395788739]","Limón, Talamanca, Costa Rica","9.7395788739,-82.8174400058",research,d_gonzalez
253135403,4/29/2023,2023-04-29T22:07:00-06:00,French Grunt,Haemulon flavolineatum,species,62600,"[-82.8174400058, 9.7395788739]","Limón, Talamanca, Costa Rica","9.7395788739,-82.8174400058",research,d_gonzalez
253135400,4/29/2023,2023-04-29T22:07:00-06:00,Gray Snapper,Lutjanus griseus,species,49509,"[-82.8174400058, 9.7395788739]","Limón, Talamanca, Costa Rica","9.7395788739,-82.8174400058",research,d_gonzalez
253135399,4/29/2023,2023-04-29T22:07:00-06:00,Porkfish,Anisotremus virginicus,species,49947,"[-82.8174400058, 9.7395788739]","Limón, Talamanca, Costa Rica","9.7395788739,-82.8174400058",research,d_gonzalez
253135397,4/29/2023,2023-04-29T22:07:00-06:00,Yellow Jack,Caranx bartholomaei,species,1316792,"[-82.8174400058, 9.7395788739]","Limón, Talamanca, Costa Rica","9.7395788739,-82.8174400058",research,d_gonzalez
253135396,4/29/2023,2023-04-29T22:07:00-06:00,Atlantic Blue Tang,Acanthurus coeruleus,species,121196,"[-82.8174400058, 9.7395788739]","Limón, Talamanca, Costa Rica","9.7395788739,-82.8174400058",needs_id,d_gonzalez
253135395,4/29/2023,2023-04-29T22:07:00-06:00,Sea Chubs,Kyphosidae,family,49688,"[-82.8174400058, 9.7395788739]","Limón, Talamanca, Costa Rica","9.7395788739,-82.8174400058",needs_id,d_gonzalez
253135393,4/29/2023,2023-04-29T22:07:00-06:00,Slate Pencil Urchin,Eucidaris tribuloides,species,47836,"[-82.8174400058, 9.7395788739]","Limón, Talamanca, Costa Rica","9.7395788739,-82.8174400058",needs_id,d_gonzalez
253135392,4/29/2023,2023-04-29T22:07:00-06:00,Atlantic Long-spined Sea Urchin,Diadema antillarum,species,52290,"[-82.8174400058, 9.7395788739]","Limón, Talamanca, Costa Rica","9.7395788739,-82.8174400058",research,d_gonzalez
253135391,4/29/2023,2023-04-29T22:07:00-06:00,Atlantic Long-spined Sea Urchin,Diadema antillarum,species,52290,"[-82.8174400058, 9.7395788739]","Limón, Talamanca, Costa Rica","9.7395788739,-82.8174400058",needs_id,d_gonzalez
253135390,4/29/2023,2023-04-29T22:07:00-06:00,Massive Starlet Coral,Siderastrea siderea,species,112557,"[-82.8174400058, 9.7395788739]","Limón, Talamanca, Costa Rica","9.7395788739,-82.8174400058",research,d_gonzalez
253135389,4/29/2023,2023-04-29T22:07:00-06:00,Slimy Sea Plume,Antillogorgia americana,species,886070,"[-82.8174400058, 9.7395788739]","Limón, Talamanca, Costa Rica","9.7395788739,-82.8174400058",needs_id,d_gonzalez
253135388,4/29/2023,2023-04-29T22:07:00-06:00,Knobby Brain Coral,Pseudodiploria clivosa,species,504640,"[-82.8174400058, 9.7395788739]","Limón, Talamanca, Costa Rica","9.7395788739,-82.8174400058",needs_id,d_gonzalez
253135387,4/29/2023,2023-04-29T22:07:00-06:00,Massive Starlet Coral,Siderastrea siderea,species,112557,"[-82.8174400058, 9.7395788739]","Limón, Talamanca, Costa Rica","9.7395788739,-82.8174400058",research,d_gonzalez
253135386,4/29/2023,2023-04-29T22:07:00-06:00,Plexaurid Sea Fans,Plexauridae,family,85999,"[-82.8174400058, 9.7395788739]","Limón, Talamanca, Costa Rica","9.7395788739,-82.8174400058",needs_id,d_gonzalez
253135385,4/29/2023,2023-04-29T22:07:00-06:00,Elkhorn Coral,Acropora palmata,species,93312,"[-82.8450940607, 9.7912710479]","Limón, CR","9.7912710479,-82.8450940607",research,d_gonzalez
252649106,3/24/2018,,Green Ormer,Haliotis tuberculata,species,210285,"[-16.329363585, 28.5766924755]","Santa Cruz de Tenerife, España","28.5766924755,-16.329363585",research,d_gonzalez
252649104,3/24/2018,,Balanophyllia regia,Balanophyllia regia,species,637404,"[-16.329363585, 28.5766924755]","Santa Cruz de Tenerife, España","28.5766924755,-16.329363585",research,d_gonzalez
252649100,3/24/2018,,Estrella de brazos multiples,Coscinasterias tenuispina,species,255717,"[-16.329363585, 28.5766924755]","Santa Cruz de Tenerife, España","28.5766924755,-16.329363585",research,d_gonzalez
252649096,3/24/2018,,Barriguda,Parablennius parvicornis,species,108409,"[-16.329363585, 28.5766924755]","Santa Cruz de Tenerife, España","28.5766924755,-16.329363585",research,d_gonzalez
252649095,3/24/2018,,Estrella de brazos multiples,Coscinasterias tenuispina,species,255717,"[-16.329363585, 28.5766924755]","Santa Cruz de Tenerife, España","28.5766924755,-16.329363585",research,d_gonzalez
252649094,3/24/2018,,Pez verde,Thalassoma pavo,species,50972,"[-16.329363585, 28.5766924755]","Santa Cruz de Tenerife, España","28.5766924755,-16.329363585",research,d_gonzalez
252649090,3/24/2018,,Echinacea,Echinacea,subterclass,774993,"[-16.329363585, 28.5766924755]","Santa Cruz de Tenerife, España","28.5766924755,-16.329363585",needs_id,d_gonzalez
252649089,3/24/2018,,Atlantic Purple Sea Urchin,Paracentrotus lividus,species,48032,"[-16.329363585, 28.5766924755]","Santa Cruz de Tenerife, España","28.5766924755,-16.329363585",research,d_gonzalez
252649088,3/24/2018,,Enthemonae,Enthemonae,suborder,813978,"[-16.329363585, 28.5766924755]","Santa Cruz de Tenerife, España","28.5766924755,-16.329363585",needs_id,d_gonzalez
252649086,3/24/2018,,Anémona Común de Mar,Anemonia viridis,species,118895,"[-16.329363585, 28.5766924755]","Santa Cruz de Tenerife, España","28.5766924755,-16.329363585",research,d_gonzalez
252649085,3/24/2018,,Fragata portuguesa,Physalia physalis,species,117302,"[-16.329363585, 28.5766924755]","Santa Cruz de Tenerife, España","28.5766924755,-16.329363585",research,d_gonzalez
252649084,3/24/2018,,erizo de mar,Paracentrotus lividus,species,48032,"[-16.329363585, 28.5766924755]","Santa Cruz de Tenerife, España","28.5766924755,-16.329363585",research,d_gonzalez
252649083,3/24/2018,,erizo de mar,Paracentrotus lividus,species,48032,"[-16.329363585, 28.5766924755]","Santa Cruz de Tenerife, España","28.5766924755,-16.329363585",research,d_gonzalez
252649081,3/24/2018,,Aplysia punctata,Aplysia punctata,species,57663,"[-16.329363585, 28.5766924755]","Santa Cruz de Tenerife, España","28.5766924755,-16.329363585",needs_id,d_gonzalez
252649080,3/24/2018,,Estrella de brazos multiples,Coscinasterias tenuispina,species,255717,"[-16.329363585, 28.5766924755]","Santa Cruz de Tenerife, España","28.5766924755,-16.329363585",research,d_gonzalez
252649079,3/24/2018,,Anémona Común de Mar,Anemonia viridis,species,118895,"[-16.329363585, 28.5766924755]","Santa Cruz de Tenerife, España","28.5766924755,-16.329363585",research,d_gonzalez
252649078,3/24/2018,,Fula,Similiparma lurida,species,1256672,"[-16.329363585, 28.5766924755]","Santa Cruz de Tenerife, España","28.5766924755,-16.329363585",research,d_gonzalez
252649076,3/24/2018,,Estrella de brazos multiples,Coscinasterias tenuispina,species,255717,"[-16.329363585, 28.5766924755]","Santa Cruz de Tenerife, España","28.5766924755,-16.329363585",research,d_gonzalez
252649075,3/24/2018,,Balanophyllia regia,Balanophyllia regia,species,637404,"[-16.329363585, 28.5766924755]","Santa Cruz de Tenerife, España","28.5766924755,-16.329363585",research,d_gonzalez
252649074,3/24/2018,,spotted seahare,Aplysia dactylomela,species,50543,"[-16.329363585, 28.5766924755]","Santa Cruz de Tenerife, España","28.5766924755,-16.329363585",research,d_gonzalez
252574569,7/30/2019,2019-07-30T00:33:00-07:00,Anémonas Plumosas,Metridium,genus,49069,"[-123.0130950756, 48.5455569954]","Condado de San Juan, Washington, EE. UU.","48.5455569954,-123.0130950756",needs_id,d_gonzalez
252574568,7/31/2019,,Haliclystus sanjuanensis,Haliclystus sanjuanensis,species,502902,"[-122.9621361111, 48.4509722222]","Condado de San Juan, Washington, EE. UU.","48.4509722222,-122.9621361111",research,d_gonzalez
252574567,7/22/2019,2019-07-22T10:19:00-07:00,Armina,Armina californica,species,47499,"[-123.0134416667, 48.5455027778]","Condado de San Juan, Washington, EE. UU.","48.5455027778,-123.0134416667",research,d_gonzalez
252574566,8/12/2019,2019-08-12T10:50:00-07:00,Urticina eques,Urticina eques,species,461075,"[-123.0135416667, 48.5456194444]","Condado de San Juan, Washington, EE. UU.","48.5456194444,-123.0135416667",needs_id,d_gonzalez
252574565,8/11/2019,2019-08-11T16:52:00-07:00,Caracol Burbuja de Cristal,Haminoea vesicula,species,49812,"[-123.0129916667, 48.5457916667]","Condado de San Juan, Washington, EE. UU.","48.5457916667,-123.0129916667",needs_id,d_gonzalez
252574564,7/31/2019,2019-07-31T10:52:00-07:00,Microcionidae,Microcionidae,family,63668,"[-122.9624472222, 48.4507305556]","Condado de San Juan, Washington, EE. UU.","48.4507305556,-122.9624472222",needs_id,d_gonzalez
252574563,7/31/2019,2019-07-31T10:43:00-07:00,Leptasterias hexactis,Leptasterias hexactis,species,117691,"[-122.9621361111, 48.4509722222]","Condado de San Juan, Washington, EE. UU.","48.4509722222,-122.9621361111",needs_id,d_gonzalez
252574562,7/31/2019,2019-07-31T10:41:00-07:00,Aggregating Anemone,Anthopleura elegantissima,species,52564,"[-122.9620361111, 48.4509472222]","Condado de San Juan, Washington, EE. UU.","48.4509472222,-122.9620361111",research,d_gonzalez
252574561,7/31/2019,2019-07-31T10:40:00-07:00,Evasterias troschelii,Evasterias troschelii,species,84265,"[-122.9620277778, 48.4509666667]","Condado de San Juan, Washington, EE. UU.","48.4509666667,-122.9620277778",research,d_gonzalez
252574560,7/31/2019,2019-07-31T10:35:00-07:00,Aggregating Anemone,Anthopleura elegantissima,species,52564,"[-122.9619305556, 48.4507777778]","Condado de San Juan, Washington, EE. UU.","48.4507777778,-122.9619305556",research,d_gonzalez
252574558,7/31/2019,2019-07-31T10:23:00-07:00,Gooseneck Barnacle,Pollicipes polymerus,species,48786,"[-122.9620972222, 48.4514888889]","Condado de San Juan, Washington, EE. UU.","48.4514888889,-122.9620972222",research,d_gonzalez
252574557,7/31/2019,2019-07-31T10:31:00-07:00,Cryptochiton stelleri,Cryptochiton stelleri,species,49053,"[-122.9618694444, 48.4508944444]","Condado de San Juan, Washington, EE. UU.","48.4508944444,-122.9618694444",research,d_gonzalez
252574554,7/31/2019,2019-07-31T10:14:00-07:00,Haliclona,Haliclona,genus,129864,"[-122.9621361111, 48.4514916667]","Condado de San Juan, Washington, EE. UU.","48.4514916667,-122.9621361111",needs_id,d_gonzalez
252574553,7/31/2019,2019-07-31T10:14:00-07:00,Esponja Mija de Pan,Halichondria panicea,species,186854,"[-122.9620444444, 48.4515]","Condado de San Juan, Washington, EE. UU.","48.4515,-122.9620444444",needs_id,d_gonzalez
252574552,7/31/2019,2019-07-31T10:12:00-07:00,Actiniaria,Actiniaria,order,47797,"[-122.9618916667, 48.4501833333]","Condado de San Juan, Washington, EE. UU.","48.4501833333,-122.9618916667",needs_id,d_gonzalez
252574551,7/31/2019,2019-07-31T10:09:00-07:00,Aggregating Anemone,Anthopleura elegantissima,species,52564,"[-122.9619138889, 48.4516805556]","Condado de San Juan, Washington, EE. UU.","48.4516805556,-122.9619138889",research,d_gonzalez
252574548,7/31/2019,2019-07-31T10:07:00-07:00,Actiniaria,Actiniaria,order,47797,"[-122.9619916667, 48.4518611111]","Condado de San Juan, Washington, EE. UU.","48.4518611111,-122.9619916667",needs_id,d_gonzalez
252574547,7/31/2019,2019-07-31T10:06:00-07:00,Actiniaria,Actiniaria,order,47797,"[-122.9620583333, 48.45165]","Condado de San Juan, Washington, EE. UU.","48.45165,-122.9620583333",needs_id,d_gonzalez
252574546,7/31/2019,2019-07-31T10:03:00-07:00,Leptasterias hexactis,Leptasterias hexactis,species,117691,"[-122.9618833333, 48.4517777778]","Condado de San Juan, Washington, EE. UU.","48.4517777778,-122.9618833333",needs_id,d_gonzalez
252574544,7/31/2019,2019-07-31T10:03:00-07:00,Pepino de Mar Cinco Senderos,Eupentacta quinquesemita,species,51695,"[-122.9618833333, 48.4517777778]","Condado de San Juan, Washington, EE. UU.","48.4517777778,-122.9618833333",needs_id,d_gonzalez
252574543,7/31/2019,2019-07-31T10:03:00-07:00,Leptasterias hexactis,Leptasterias hexactis,species,117691,"[-122.9618833333, 48.4517777778]","Condado de San Juan, Washington, EE. UU.","48.4517777778,-122.9618833333",needs_id,d_gonzalez
252574542,7/31/2019,2019-07-31T10:02:00-07:00,Strongylocentrotus,Strongylocentrotus,genus,48036,"[-122.9619, 48.4517694444]","Condado de San Juan, Washington, EE. UU.","48.4517694444,-122.9619",needs_id,d_gonzalez
252574541,7/31/2019,2019-07-31T10:02:00-07:00,Erizo de mar morado,Strongylocentrotus purpuratus,species,48035,"[-122.9618444444, 48.4518]","Condado de San Juan, Washington, EE. UU.","48.4518,-122.9618444444",needs_id,d_gonzalez
252574540,7/31/2019,2019-07-31T09:59:00-07:00,Amphiodia occidentalis,Amphiodia occidentalis,species,56670,"[-122.9618222222, 48.4518861111]","Condado de San Juan, Washington, EE. UU.","48.4518861111,-122.9618222222",needs_id,d_gonzalez
252574539,7/31/2019,2019-07-31T09:55:00-07:00,Leptasterias hexactis,Leptasterias hexactis,species,117691,"[-122.9618527778, 48.4518861111]","Condado de San Juan, Washington, EE. UU.","48.4518861111,-122.9618527778",needs_id,d_gonzalez
252574538,7/31/2019,2019-07-31T09:52:00-07:00,Dórido de Monterey,Doris montereyensis,species,47469,"[-122.9615333333, 48.4518361111]","Condado de San Juan, Washington, EE. UU.","48.4518361111,-122.9615333333",research,d_gonzalez
252574537,7/31/2019,2019-07-31T09:52:00-07:00,Aggregating Anemone,Anthopleura elegantissima,species,52564,"[-122.9619222222, 48.4520138889]","Condado de San Juan, Washington, EE. UU.","48.4520138889,-122.9619222222",research,d_gonzalez
252574536,7/31/2019,2019-07-31T09:50:00-07:00,Aggregating Anemone,Anthopleura elegantissima,species,52564,"[-122.9618611111, 48.4519527778]","Condado de San Juan, Washington, EE. UU.","48.4519527778,-122.9618611111",research,d_gonzalez
252574535,7/31/2019,2019-07-31T09:50:00-07:00,California Mussel,Mytilus californianus,species,62806,"[-122.9620361111, 48.4518916667]","Condado de San Juan, Washington, EE. UU.","48.4518916667,-122.9620361111",research,d_gonzalez
252574534,7/31/2019,2019-07-31T09:42:00-07:00,Aggregating Anemone,Anthopleura elegantissima,species,52564,"[-122.9618, 48.4522472222]","Condado de San Juan, Washington, EE. UU.","48.4522472222,-122.9618",research,d_gonzalez
252574533,7/31/2019,2019-07-31T09:32:00-07:00,Henricia leviuscula,Henricia leviuscula,complex,1551664,"[-122.9622027778, 48.4525555556]","Condado de San Juan, Washington, EE. UU.","48.4525555556,-122.9622027778",needs_id,d_gonzalez
252574532,7/31/2019,2019-07-31T09:30:00-07:00,Urticina,Urticina,genus,47795,"[-122.9622944444, 48.4526166667]","Condado de San Juan, Washington, EE. UU.","48.4526166667,-122.9622944444",needs_id,d_gonzalez
252574531,7/31/2019,2019-07-31T09:20:00-07:00,Pepino de Mar Cinco Senderos,Eupentacta quinquesemita,species,51695,"[-122.9623194444, 48.4527083333]","Condado de San Juan, Washington, EE. UU.","48.4527083333,-122.9623194444",needs_id,d_gonzalez
252574530,7/31/2019,2019-07-31T09:17:00-07:00,Pepino de Mar Cinco Senderos,Eupentacta quinquesemita,species,51695,"[-122.9624472222, 48.4527472222]","Condado de San Juan, Washington, EE. UU.","48.4527472222,-122.9624472222",needs_id,d_gonzalez
252574529,7/31/2019,2019-07-31T09:20:00-07:00,Estrellas de Mar,Asteroidea,class,47668,"[-122.9623194444, 48.4527083333]","Condado de San Juan, Washington, EE. UU.","48.4527083333,-122.9623194444",needs_id,d_gonzalez
252574528,7/31/2019,2019-07-31T09:14:00-07:00,Cucumaria miniata,Cucumaria miniata,species,117695,"[-122.9624777778, 48.4528722222]","Condado de San Juan, Washington, EE. UU.","48.4528722222,-122.9624777778",research,d_gonzalez
252574527,7/30/2019,2019-07-30T11:35:00-07:00,Diaulula odonoghuei,Diaulula odonoghuei,species,508237,"[-123.0142527778, 48.5216777778]","Condado de San Juan, Washington, EE. UU.","48.5216777778,-123.0142527778",research,d_gonzalez
252574526,7/30/2019,2019-07-30T11:29:00-07:00,Cucumaria miniata,Cucumaria miniata,species,117695,"[-123.0141666667, 48.5216333333]","Condado de San Juan, Washington, EE. UU.","48.5216333333,-123.0141666667",needs_id,d_gonzalez
252574525,7/30/2019,2019-07-30T11:05:00-07:00,Estrella de Cuero,Dermasterias imbricata,species,63382,"[-123.0138638889, 48.5216722222]","Condado de San Juan, Washington, EE. UU.","48.5216722222,-123.0138638889",research,d_gonzalez
252574524,7/30/2019,2019-07-30T11:04:00-07:00,Erizo de mar morado,Strongylocentrotus purpuratus,species,48035,"[-123.0135805556, 48.5216222222]","Condado de San Juan, Washington, EE. UU.","48.5216222222,-123.0135805556",research,d_gonzalez
252574523,7/30/2019,2019-07-30T10:57:00-07:00,Amphiodia occidentalis,Amphiodia occidentalis,species,56670,"[-123.0135027778, 48.52155]","Condado de San Juan, Washington, EE. UU.","48.52155,-123.0135027778",needs_id,d_gonzalez
252574521,7/30/2019,2019-07-30T11:20:00-07:00,Erizo de mar morado,Strongylocentrotus purpuratus,species,48035,"[-123.0142138889, 48.5216777778]","Condado de San Juan, Washington, EE. UU.","48.5216777778,-123.0142138889",research,d_gonzalez
252574520,7/30/2019,2019-07-30T10:05:00-07:00,Mopalia muscosa,Mopalia muscosa,species,117633,"[-123.0691972222, 48.486]","Condado de San Juan, Washington, EE. UU.","48.486,-123.0691972222",research,d_gonzalez
252574519,7/30/2019,2019-07-30T10:04:00-07:00,Katharina tunicata,Katharina tunicata,species,47632,"[-123.0691611111, 48.4859166667]","Condado de San Juan, Washington, EE. UU.","48.4859166667,-123.0691611111",research,d_gonzalez
252574518,7/30/2019,2019-07-30T09:16:00-07:00,Maldanidae,Maldanidae,family,194016,"[-123.0717611111, 48.4818277778]","Condado de San Juan, Washington, EE. UU.","48.4818277778,-123.0717611111",needs_id,d_gonzalez
252574517,7/30/2019,2019-07-30T09:14:00-07:00,Leptosynapta clarki,Leptosynapta clarki,species,448305,"[-123.0717388889, 48.4818416667]","Condado de San Juan, Washington, EE. UU.","48.4818416667,-123.0717388889",needs_id,d_gonzalez
252574516,7/30/2019,2019-07-30T09:11:00-07:00,Cyanea ferruginea,Cyanea ferruginea,species,786996,"[-123.0720972222, 48.4818694444]","Condado de San Juan, Washington, EE. UU.","48.4818694444,-123.0720972222",research,d_gonzalez
252570713,6/6/2019,,Cliona tenuis,Cliona tenuis,species,738393,"[-89.5442116698, 21.8210984213]","97606 Dzilam de Bravo, Yuc., México","21.8210984213,-89.5442116698",needs_id,d_gonzalez
252570712,6/6/2019,,Esponjas Y Parientes,Porifera,phylum,48824,"[-89.5442116698, 21.8210984213]","97606 Dzilam de Bravo, Yuc., México","21.8210984213,-89.5442116698",needs_id,d_gonzalez
252570711,6/6/2019,,Cliona tenuis,Cliona tenuis,species,738393,"[-89.5442116698, 21.8210984213]","97606 Dzilam de Bravo, Yuc., México","21.8210984213,-89.5442116698",needs_id,d_gonzalez
252570710,6/6/2019,,payasito largo,Pareques acuminatus,species,52293,"[-89.5442116698, 21.8210984213]","97606 Dzilam de Bravo, Yuc., México","21.8210984213,-89.5442116698",research,d_gonzalez
252570709,6/6/2019,,Sapo Boquiblanca,Opsanus beta,species,132471,"[-89.5442116698, 21.8210984213]","97606 Dzilam de Bravo, Yuc., México","21.8210984213,-89.5442116698",needs_id,d_gonzalez
252570708,6/6/2019,,Pterogorgia,Pterogorgia,genus,132250,"[-89.5442116698, 21.8210984213]","97606 Dzilam de Bravo, Yuc., México","21.8210984213,-89.5442116698",needs_id,d_gonzalez
252570707,6/6/2019,,Pez erizo apache,Diodon holocanthus,species,49269,"[-89.5442116698, 21.8210984213]","97606 Dzilam de Bravo, Yuc., México","21.8210984213,-89.5442116698",research,d_gonzalez
252570706,6/6/2019,,Esponjas Y Parientes,Porifera,phylum,48824,"[-89.5442116698, 21.8210984213]","97606 Dzilam de Bravo, Yuc., México","21.8210984213,-89.5442116698",needs_id,d_gonzalez
252570704,6/6/2019,,Hypoplectrus ecosur,Hypoplectrus ecosur,species,620587,"[-89.5442116698, 21.8210984213]","97606 Dzilam de Bravo, Yuc., México","21.8210984213,-89.5442116698",research,d_gonzalez
252570703,6/6/2019,,Esponjas Y Parientes,Porifera,phylum,48824,"[-89.5442116698, 21.8210984213]","97606 Dzilam de Bravo, Yuc., México","21.8210984213,-89.5442116698",needs_id,d_gonzalez
252570702,6/6/2019,,Animals,Animalia,kingdom,1,"[-89.5442116698, 21.8210984213]","97606 Dzilam de Bravo, Yuc., México","21.8210984213,-89.5442116698",needs_id,d_gonzalez
252570699,6/6/2019,,Estrellas Quebradizas,Ophiuroidea,class,48836,"[-89.5442116698, 21.8210984213]","97606 Dzilam de Bravo, Yuc., México","21.8210984213,-89.5442116698",needs_id,d_gonzalez
252570698,6/6/2019,,Echinaster (Othilia) spinulosus,Echinaster (Othilia) spinulosus,species,255906,"[-89.5442116698, 21.8210984213]","97606 Dzilam de Bravo, Yuc., México","21.8210984213,-89.5442116698",needs_id,d_gonzalez
252570697,6/6/2019,,Erizo Verde de Mar,Lytechinus variegatus,species,120069,"[-89.5442116698, 21.8210984213]","97606 Dzilam de Bravo, Yuc., México","21.8210984213,-89.5442116698",needs_id,d_gonzalez
252570696,6/6/2019,,Echinaster (Othilia) spinulosus,Echinaster (Othilia) spinulosus,species,255906,"[-89.5442116698, 21.8210984213]","97606 Dzilam de Bravo, Yuc., México","21.8210984213,-89.5442116698",needs_id,d_gonzalez
252570695,6/6/2019,,Clypeaster subdepressus,Clypeaster subdepressus,species,133985,"[-89.5442116698, 21.8210984213]","97606 Dzilam de Bravo, Yuc., México","21.8210984213,-89.5442116698",needs_id,d_gonzalez
252570694,6/6/2019,,Echinaster (Othilia) spinulosus,Echinaster (Othilia) spinulosus,species,255906,"[-89.5442116698, 21.8210984213]","97606 Dzilam de Bravo, Yuc., México","21.8210984213,-89.5442116698",needs_id,d_gonzalez
252570693,6/6/2019,,Serrano Arenero,Diplectrum formosum,species,49421,"[-89.5442116698, 21.8210984213]","97606 Dzilam de Bravo, Yuc., México","21.8210984213,-89.5442116698",needs_id,d_gonzalez
252570692,6/6/2019,,Clypeaster subdepressus,Clypeaster subdepressus,species,133985,"[-89.5442116698, 21.8210984213]","97606 Dzilam de Bravo, Yuc., México","21.8210984213,-89.5442116698",needs_id,d_gonzalez
252570691,6/6/2019,,Clypeaster subdepressus,Clypeaster subdepressus,species,133985,"[-89.5442116698, 21.8210984213]","97606 Dzilam de Bravo, Yuc., México","21.8210984213,-89.5442116698",needs_id,d_gonzalez
252570690,6/6/2019,,Serrano Arenero,Diplectrum formosum,species,49421,"[-89.5442116698, 21.8210984213]","97606 Dzilam de Bravo, Yuc., México","21.8210984213,-89.5442116698",needs_id,d_gonzalez
252570689,6/6/2019,,Erizo Verde de Mar,Lytechinus variegatus,species,120069,"[-89.5442116698, 21.8210984213]","97606 Dzilam de Bravo, Yuc., México","21.8210984213,-89.5442116698",needs_id,d_gonzalez
252570688,6/6/2019,,Erizo Verde de Mar,Lytechinus variegatus,species,120069,"[-89.5442116698, 21.8210984213]","97606 Dzilam de Bravo, Yuc., México","21.8210984213,-89.5442116698",needs_id,d_gonzalez
252535019,3/29/2017,2017-03-29T15:06:00-06:00,Corales de Dedos,Porites,genus,47530,"[-83.3023924782, 8.5970647922]","Golfo Dulce, Costa Rica","8.5970647922,-83.3023924782",needs_id,d_gonzalez
252535018,3/29/2017,2017-03-29T15:06:00-06:00,Gusanos Tubícolas Plumosos,Sabellidae,family,49282,"[-83.3023924782, 8.5970647922]","Golfo Dulce, Costa Rica","8.5970647922,-83.3023924782",needs_id,d_gonzalez
252535017,3/29/2017,2017-03-29T15:06:00-06:00,Corales de Dedos,Porites,genus,47530,"[-83.3023924782, 8.5970647922]","Golfo Dulce, Costa Rica","8.5970647922,-83.3023924782",needs_id,d_gonzalez
252535016,3/29/2017,2017-03-29T15:06:00-06:00,Pavona,Pavona,genus,90878,"[-83.3023924782, 8.5970647922]","Golfo Dulce, Costa Rica","8.5970647922,-83.3023924782",needs_id,d_gonzalez
252535015,3/29/2017,2017-03-29T15:06:00-06:00,Telmatactis,Telmatactis,genus,195592,"[-83.3023924782, 8.5970647922]","Golfo Dulce, Costa Rica","8.5970647922,-83.3023924782",needs_id,d_gonzalez
252535014,3/29/2017,2017-03-29T15:06:00-06:00,Señorita camaleón,Halichoeres dispilus,species,52555,"[-83.3023924782, 8.5970647922]","Golfo Dulce, Costa Rica","8.5970647922,-83.3023924782",research,d_gonzalez
252535013,3/29/2017,2017-03-29T15:06:00-06:00,Arañas de Mar,Pycnogonida,class,47825,"[-83.3023924782, 8.5970647922]","Golfo Dulce, Costa Rica","8.5970647922,-83.3023924782",needs_id,d_gonzalez
252535009,3/29/2017,2017-03-29T15:06:00-06:00,Estrellas Quebradizas,Ophiuroidea,class,48836,"[-83.3023924782, 8.5970647922]","Golfo Dulce, Costa Rica","8.5970647922,-83.3023924782",needs_id,d_gonzalez
252535008,3/29/2017,2017-03-29T15:06:00-06:00,Morena verde panámica,Gymnothorax castaneus,species,85113,"[-83.3023924782, 8.5970647922]","Golfo Dulce, Costa Rica","8.5970647922,-83.3023924782",needs_id,d_gonzalez
252535005,3/29/2017,2017-03-29T15:06:00-06:00,Hidroide Picador,Macrorhynchia philippina,species,124345,"[-83.3023924782, 8.5970647922]","Golfo Dulce, Costa Rica","8.5970647922,-83.3023924782",needs_id,d_gonzalez
252535004,3/29/2017,2017-03-29T15:06:00-06:00,Leptogorgia,Leptogorgia,genus,195584,"[-83.3023924782, 8.5970647922]","Golfo Dulce, Costa Rica","8.5970647922,-83.3023924782",needs_id,d_gonzalez
252535003,3/29/2017,2017-03-29T15:06:00-06:00,Mariposa barbero,Johnrandallia nigrirostris,species,85124,"[-83.3023924782, 8.5970647922]","Golfo Dulce, Costa Rica","8.5970647922,-83.3023924782",research,d_gonzalez
252535001,3/29/2017,2017-03-29T15:06:00-06:00,jurel dorado,Gnathanodon speciosus,species,194896,"[-83.3023924782, 8.5970647922]","Golfo Dulce, Costa Rica","8.5970647922,-83.3023924782",research,d_gonzalez
252535000,3/29/2017,2017-03-29T15:06:00-06:00,Demosponjas,Demospongiae,class,57736,"[-83.3023924782, 8.5970647922]","Golfo Dulce, Costa Rica","8.5970647922,-83.3023924782",needs_id,d_gonzalez
252534999,3/29/2017,2017-03-29T15:06:00-06:00,Demosponjas,Demospongiae,class,57736,"[-83.3023924782, 8.5970647922]","Golfo Dulce, Costa Rica","8.5970647922,-83.3023924782",needs_id,d_gonzalez
252534996,3/29/2017,2017-03-29T15:06:00-06:00,Cabrilla enjambre,Cephalopholis panamensis,species,97000,"[-83.3023924782, 8.5970647922]","Golfo Dulce, Costa Rica","8.5970647922,-83.3023924782",research,d_gonzalez
252534995,3/29/2017,2017-03-29T15:06:00-06:00,Pacific Spadefish,Chaetodipterus zonatus,species,97138,"[-83.3023924782, 8.5970647922]","Golfo Dulce, Costa Rica","8.5970647922,-83.3023924782",research,d_gonzalez
252534994,3/29/2017,2017-03-29T15:06:00-06:00,Raya coluda del Pacífico,Styracura pacifica,species,883883,"[-83.3221831936, 8.5318100601]","Puntarenas, CR","8.5318100601,-83.3221831936",research,d_gonzalez
252534989,3/29/2017,2017-03-29T15:06:00-06:00,Corales de Dedos,Porites,genus,47530,"[-83.3023924782, 8.5970647922]","Golfo Dulce, Costa Rica","8.5970647922,-83.3023924782",needs_id,d_gonzalez
252534988,3/29/2017,2017-03-29T15:06:00-06:00,Arcoiris de Cortés,Thalassoma lucasanum,species,49493,"[-83.3023924782, 8.5970647922]","Golfo Dulce, Costa Rica","8.5970647922,-83.3023924782",research,d_gonzalez
252534987,3/29/2017,2017-03-29T15:06:00-06:00,Pixy Hawkfish,Cirrhitichthys oxycephalus,species,132687,"[-83.3023924782, 8.5970647922]","Golfo Dulce, Costa Rica","8.5970647922,-83.3023924782",research,d_gonzalez
252534985,3/29/2017,2017-03-29T15:06:00-06:00,Stony Corals,Scleractinia,order,47532,"[-83.3023924782, 8.5970647922]","Golfo Dulce, Costa Rica","8.5970647922,-83.3023924782",needs_id,d_gonzalez
252534984,3/29/2017,2017-03-29T15:06:00-06:00,Coral Copo de Nieve,Carijoa riisei,species,51012,"[-83.3023924782, 8.5970647922]","Golfo Dulce, Costa Rica","8.5970647922,-83.3023924782",needs_id,d_gonzalez
252534982,3/29/2017,2017-03-29T15:06:00-06:00,Jureles Y Pámpanos,Carangidae,family,47232,"[-83.3023924782, 8.5970647922]","Golfo Dulce, Costa Rica","8.5970647922,-83.3023924782",needs_id,d_gonzalez
252534979,3/29/2017,2017-03-29T15:06:00-06:00,Botete bonito,Canthigaster punctatissima,species,96714,"[-83.3023924782, 8.5970647922]","Golfo Dulce, Costa Rica","8.5970647922,-83.3023924782",research,d_gonzalez
252534977,3/29/2017,2017-03-29T15:06:00-06:00,vieja mexicana,Bodianus diplotaenia,species,57333,"[-83.3023924782, 8.5970647922]","Golfo Dulce, Costa Rica","8.5970647922,-83.3023924782",research,d_gonzalez
252534976,3/29/2017,2017-03-29T15:06:00-06:00,Finescale Triggerfish,Balistes polylepis,species,95064,"[-83.3023924782, 8.5970647922]","Golfo Dulce, Costa Rica","8.5970647922,-83.3023924782",research,d_gonzalez
252534975,3/29/2017,2017-03-29T15:06:00-06:00,Arcoiris de Cortés,Thalassoma lucasanum,species,49493,"[-83.3023924782, 8.5970647922]","Golfo Dulce, Costa Rica","8.5970647922,-83.3023924782",research,d_gonzalez
252474277,3/27/2021,2021-03-27T20:52:00-07:00,corambe del Pacífico,Corambe pacifica,species,50032,"[-116.6672138889, 31.8630666667]","U.A.B.C., Ensenada, B.C., México","31.8630666667,-116.6672138889",research,d_gonzalez
252474276,3/26/2021,2021-03-26T16:03:00-07:00,Ammotheidae,Ammotheidae,family,51488,"[-116.6673815171, 31.8630201534]","U.A.B.C., Ensenada, B.C., México","31.8630201534,-116.6673815171",needs_id,d_gonzalez
252474274,2/12/2020,2020-02-12T14:41:00-08:00,Eubranchus,Eubranchus,genus,50467,"[-116.6673444444, 31.863025]","U.A.B.C., Ensenada, B.C., México","31.863025,-116.6673444444",casual,d_gonzalez
252474273,8/23/2020,2020-08-23T19:30:00-07:00,Nuttallina,Nuttallina,genus,63049,"[-116.6676603109, 31.8614104615]","Ensenada, MX-BN, MX","31.8614104615,-116.6676603109",needs_id,d_gonzalez
252474272,6/1/2021,2021-06-01T12:49:00-07:00,Caenogastropoda,Caenogastropoda,subclass,246139,"[-116.66745, 31.8630611111]","U.A.B.C., Ensenada, B.C., México","31.8630611111,-116.66745",needs_id,d_gonzalez
252474269,6/8/2021,,Caracol Estrella Corrugado,Megastraea undosa,species,121180,"[-116.667327717, 31.8630011013]","U.A.B.C., Ensenada, B.C., México","31.8630011013,-116.667327717",needs_id,d_gonzalez
252474270,6/8/2021,,Apostichopus californicus,Apostichopus californicus,species,202640,"[-116.667327717, 31.8629737649]","U.A.B.C., Ensenada, B.C., México","31.8629737649,-116.667327717",needs_id,d_gonzalez
252474268,9/15/2020,2020-09-15T17:21:00-07:00,Ciprea Castaña,Neobernaya spadicea,species,311419,"[-116.6672888889, 31.8629416667]","U.A.B.C., Ensenada, B.C., México","31.8629416667,-116.6672888889",research,d_gonzalez
252474265,1/31/2020,2020-01-31T19:23:00-08:00,Kellet's Whelk,Kelletia kelletii,species,125663,"[-116.6674055556, 31.8629666667]","U.A.B.C., Ensenada, B.C., México","31.8629666667,-116.6674055556",research,d_gonzalez
252474264,4/28/2020,,Ophiolepis,Ophiolepis,genus,247029,"[-116.6677568704, 31.8614667004]","Ensenada, MX-BN, MX","31.8614667004,-116.6677568704",needs_id,d_gonzalez
252474263,3/26/2021,2021-03-26T14:06:00-07:00,Liebre marina de California,Aplysia californica,species,48655,"[-116.6677139551, 31.8614884741]","Ensenada, MX-BN, MX","31.8614884741,-116.6677139551",research,d_gonzalez
252474262,3/26/2021,2021-03-26T14:06:00-07:00,Black Seahare,Aplysia,genus,48657,"[-116.6677139551, 31.8614884741]","Ensenada, MX-BN, MX","31.8614884741,-116.6677139551",needs_id,d_gonzalez
252474261,10/4/2020,,Xantic Sargo,Anisotremus davidsonii,species,94130,"[-116.6580166942, 31.8621346197]","Zona Playitas, 22870 Ensenada, B.C., México","31.8621346197,-116.6580166942",research,d_gonzalez
252474260,10/4/2020,,Cabrilla sargacera,Paralabrax clathratus,species,108547,"[-116.6580166942, 31.8621346197]","Zona Playitas, 22870 Ensenada, B.C., México","31.8621346197,-116.6580166942",research,d_gonzalez
252474259,10/4/2020,,Liebres marinas,Aplysia,genus,48657,"[-116.6580166942, 31.8621346197]","Zona Playitas, 22870 Ensenada, B.C., México","31.8621346197,-116.6580166942",needs_id,d_gonzalez
252474258,10/4/2020,2020-10-04T17:30:00-07:00,California Golden Gorgonian,Muricea californica,species,485383,"[-116.6580166942, 31.8621346197]","Zona Playitas, 22870 Ensenada, B.C., México","31.8621346197,-116.6580166942",research,d_gonzalez
252474257,10/4/2020,2020-10-04T17:30:00-07:00,Muricea,Muricea,genus,132267,"[-116.6580166942, 31.8621346197]","Zona Playitas, 22870 Ensenada, B.C., México","31.8621346197,-116.6580166942",needs_id,d_gonzalez
252474256,8/23/2020,,Anémona Verde Gigante,Anthopleura xanthogrammica,species,51659,"[-116.6678259363, 31.8614429126]","Ensenada, MX-BN, MX","31.8614429126,-116.6678259363",research,d_gonzalez
252474255,8/23/2020,,Pulpo Café de Baja California,Octopus bimaculatus,species,121162,"[-116.6678410944, 31.8614793618]","Ensenada, MX-BN, MX","31.8614793618,-116.6678410944",needs_id,d_gonzalez
252474253,8/23/2020,,Fathead Sculpins,Clinocottus analis,species,117533,"[-116.6678410944, 31.8614793618]","Ensenada, MX-BN, MX","31.8614793618,-116.6678410944",needs_id,d_gonzalez
252474252,8/23/2020,,Fathead Sculpins,Clinocottus analis,species,117533,"[-116.6678410944, 31.8614793618]","Ensenada, MX-BN, MX","31.8614793618,-116.6678410944",needs_id,d_gonzalez
252474251,2/10/2021,2021-02-10T17:59:00-08:00,Anémona estrella,Anthopleura sola,species,49051,"[-116.6677401056, 31.8614611372]","Ensenada, MX-BN, MX","31.8614611372,-116.6677401056",research,d_gonzalez
252474250,12/26/2019,2019-12-26T16:28:00-08:00,Sunburst Anemone,Anthopleura sola,species,49051,"[-116.6680305556, 31.8612833333]","Ensenada, Baja California, Mexico","31.8612833333,-116.6680305556",research,d_gonzalez
252474248,12/26/2019,2019-12-26T16:36:00-08:00,Stenoplax,Stenoplax,genus,56693,"[-116.6677694444, 31.8613333333]","Ensenada, Baja California, Mexico","31.8613333333,-116.6677694444",needs_id,d_gonzalez
252474247,12/28/2019,2019-12-28T17:57:00-08:00,Red Sea Urchin,Mesocentrotus franciscanus,species,992313,"[-116.6676820311, 31.8614808425]","Ensenada, MX-BN, MX","31.8614808425,-116.6676820311",research,d_gonzalez
252474246,12/28/2019,2019-12-28T14:04:00-08:00,Estrellas Quebradizas,Ophiuroidea,class,48836,"[-116.6674888889, 31.8616472222]","U.A.B.C., Ensenada, B.C., México","31.8616472222,-116.6674888889",needs_id,d_gonzalez
252474245,12/26/2019,2019-12-26T15:57:00-08:00,Stenoplax conspicua,Stenoplax conspicua,species,56692,"[-116.6673277778, 31.8614583333]","Ensenada, Baja California, Mexico","31.8614583333,-116.6673277778",research,d_gonzalez
252474243,12/28/2019,2019-12-28T16:18:00-08:00,Erizo de Mar Morado,Strongylocentrotus purpuratus,species,48035,"[-116.667525, 31.8613694444]","Ensenada, Baja California, Mexico","31.8613694444,-116.667525",needs_id,d_gonzalez
252474241,12/28/2019,2019-12-28T15:36:00-08:00,Black Seahare,Aplysia vaccaria,species,49857,"[-116.6681277778, 31.8615388889]","Ensenada, Baja California, Mexico","31.8615388889,-116.6681277778",research,d_gonzalez
252474239,12/28/2019,2019-12-28T15:35:00-08:00,Estrellas Quebradizas,Ophiuroidea,class,48836,"[-116.6681277778, 31.861525]","Ensenada, Baja California, Mexico","31.861525,-116.6681277778",needs_id,d_gonzalez
252474238,12/28/2019,2019-12-28T15:34:00-08:00,Heptacarpus,Heptacarpus,genus,63680,"[-116.6681277778, 31.861525]","Ensenada, Baja California, Mexico","31.861525,-116.6681277778",needs_id,d_gonzalez
252474237,12/28/2019,2019-12-28T15:33:00-08:00,Estrellas Quebradizas,Ophiuroidea,class,48836,"[-116.6681361111, 31.8615222222]","Ensenada, Baja California, Mexico","31.8615222222,-116.6681361111",needs_id,d_gonzalez
252474236,12/28/2019,2019-12-28T14:59:00-08:00,Mejillón de California,Mytilus californianus,species,62806,"[-116.6678388889, 31.86145]","Ensenada, Baja California, Mexico","31.86145,-116.6678388889",needs_id,d_gonzalez
252474235,12/28/2019,2019-12-28T14:59:00-08:00,Gooseneck Barnacle,Pollicipes polymerus,species,48786,"[-116.6678388889, 31.86145]","Ensenada, Baja California, Mexico","31.86145,-116.6678388889",research,d_gonzalez
252474234,2/17/2020,2020-02-17T12:49:00-08:00,Spotted Dorid,Triopha maculata,species,47110,"[-116.6673666667, 31.8630166667]","U.A.B.C., Ensenada, B.C., México","31.8630166667,-116.6673666667",research,d_gonzalez
252474233,2/15/2020,2020-02-15T17:45:00-08:00,Patiria miniata,Patiria miniata,species,48830,"[-116.6673444444, 31.8628666667]","U.A.B.C., Ensenada, B.C., México","31.8628666667,-116.6673444444",research,d_gonzalez
252474232,2/7/2020,2020-02-07T15:47:00-08:00,Melibe leonina,Melibe leonina,species,48455,"[-116.6673444444, 31.8630194444]","U.A.B.C., Ensenada, B.C., México","31.8630194444,-116.6673444444",research,d_gonzalez
252450593,4/29/2017,2017-04-29T13:39:00-06:00,Chiton stokesii,Chiton stokesii,species,484192,"[-85.7128096, 10.942263]","Bahía Cuajiniquil, Costa Rica","10.942263,-85.7128096",research,d_gonzalez
252450592,4/30/2017,2017-04-30T09:58:00-06:00,Camarones Mantis,Stomatopoda,order,49796,"[-85.800109771, 10.9253412257]","Bahía Santa Elena, Costa Rica","10.9253412257,-85.800109771",needs_id,d_gonzalez
252450591,4/30/2017,2017-04-30T09:39:00-06:00,Pepinos de Mar,Holothuroidea,class,47720,"[-85.800109771, 10.9253412257]","Bahía Santa Elena, Costa Rica","10.9253412257,-85.800109771",needs_id,d_gonzalez
252450590,4/30/2017,2017-04-30T09:32:00-06:00,Quitón de Forbes,Tonicia forbesii,species,883908,"[-85.800109771, 10.9253412257]","Bahía Santa Elena, Costa Rica","10.9253412257,-85.800109771",research,d_gonzalez
252450588,4/30/2017,2017-04-30T09:30:00-06:00,Iphione,Iphione,genus,355684,"[-85.800109771, 10.9253412257]","Bahía Santa Elena, Costa Rica","10.9253412257,-85.800109771",needs_id,d_gonzalez
252450586,4/30/2017,2017-04-30T09:23:00-06:00,Panama pearl oyster,Pinctada mazatlanica,species,204978,"[-85.800109771, 10.9253412257]","Bahía Santa Elena, Costa Rica","10.9253412257,-85.800109771",research,d_gonzalez
252450585,4/30/2017,2017-04-30T09:18:00-06:00,Esponjas Y Parientes,Porifera,phylum,48824,"[-85.800109771, 10.9253412257]","Bahía Santa Elena, Costa Rica","10.9253412257,-85.800109771",needs_id,d_gonzalez
252450584,4/30/2017,2017-04-30T09:16:00-06:00,Gemophos,Gemophos,genus,246693,"[-85.800109771, 10.9253412257]","Bahía Santa Elena, Costa Rica","10.9253412257,-85.800109771",needs_id,d_gonzalez
252450583,4/30/2017,2017-04-30T09:13:00-06:00,Quitón de Forbes,Tonicia forbesii,species,883908,"[-85.800109771, 10.9253412257]","Bahía Santa Elena, Costa Rica","10.9253412257,-85.800109771",research,d_gonzalez
252450582,4/30/2017,2017-04-30T09:15:00-06:00,Bottleneck Sea Cucumber,Holothuria impatiens,species,195762,"[-85.800109771, 10.9253412257]","Bahía Santa Elena, Costa Rica","10.9253412257,-85.800109771",research,d_gonzalez
252450581,4/30/2017,2017-04-30T09:12:00-06:00,slate pencil urchin,Eucidaris thouarsii,species,57294,"[-85.800109771, 10.9253412257]","Bahía Santa Elena, Costa Rica","10.9253412257,-85.800109771",needs_id,d_gonzalez
252450577,4/30/2017,2017-04-30T09:10:00-06:00,Exaiptasia diaphana,Exaiptasia diaphana,species,785634,"[-85.800109771, 10.9253412257]","Bahía Santa Elena, Costa Rica","10.9253412257,-85.800109771",research,d_gonzalez
252450576,4/30/2017,2017-04-30T09:07:00-06:00,Pennaria disticha,Pennaria disticha,species,195464,"[-85.800109771, 10.9253412257]","Bahía Santa Elena, Costa Rica","10.9253412257,-85.800109771",needs_id,d_gonzalez
252450573,4/30/2017,2017-04-30T09:02:00-06:00,Bottleneck Sea Cucumber,Holothuria impatiens,species,195762,"[-85.800109771, 10.9253412257]","Bahía Santa Elena, Costa Rica","10.9253412257,-85.800109771",research,d_gonzalez
252450572,4/30/2017,2017-04-30T09:02:00-06:00,slate pencil urchin,Eucidaris thouarsii,species,57294,"[-85.800109771, 10.9253412257]","Bahía Santa Elena, Costa Rica","10.9253412257,-85.800109771",needs_id,d_gonzalez
252450567,4/30/2017,2017-04-30T08:27:00-06:00,Gusanos tubícolas plumosos,Sabellidae,family,49282,"[-85.800109771, 10.9253412257]","Bahía Santa Elena, Costa Rica","10.9253412257,-85.800109771",needs_id,d_gonzalez
252450565,4/30/2017,2017-04-30T08:27:00-06:00,Neaxius,Neaxius,genus,248327,"[-85.800109771, 10.9253412257]","Bahía Santa Elena, Costa Rica","10.9253412257,-85.800109771",needs_id,d_gonzalez
252450564,4/29/2017,2017-04-29T14:20:00-06:00,Pleurobranchus areolatus,Pleurobranchus areolatus,species,49908,"[-85.7128096, 10.942263]","Bahía Cuajiniquil, Costa Rica","10.942263,-85.7128096",research,d_gonzalez
252450563,4/29/2017,2017-04-29T14:20:00-06:00,Pepino de Mar Californiano,Pseudocnus californicus,species,293123,"[-85.7128096, 10.942263]","Bahía Cuajiniquil, Costa Rica","10.942263,-85.7128096",needs_id,d_gonzalez
252450562,4/29/2017,2017-04-29T14:14:00-06:00,Ascidea de Birkeland,Rhopalaea birkelandi,species,338499,"[-85.7128096, 10.942263]","Bahía Cuajiniquil, Costa Rica","10.942263,-85.7128096",research,d_gonzalez
252450560,4/29/2017,2017-04-29T14:14:00-06:00,Erizo Punta de Lapiz,Eucidaris thouarsii,species,57294,"[-85.7128096, 10.942263]","Bahía Cuajiniquil, Costa Rica","10.942263,-85.7128096",needs_id,d_gonzalez
252450559,4/29/2017,2017-04-29T14:11:00-06:00,Pepino de Mar Californiano,Pseudocnus californicus,species,293123,"[-85.7128096, 10.942263]","Bahía Cuajiniquil, Costa Rica","10.942263,-85.7128096",needs_id,d_gonzalez
252450556,4/29/2017,2017-04-29T14:11:00-06:00,Pepinos de Mar,Holothuria,genus,52393,"[-85.7128096, 10.942263]","Bahía Cuajiniquil, Costa Rica","10.942263,-85.7128096",needs_id,d_gonzalez
252450555,4/29/2017,2017-04-29T14:02:00-06:00,Pepinos de Mar Filtradores,Dendrochirotida,order,49482,"[-85.7128096, 10.942263]","Bahía Cuajiniquil, Costa Rica","10.942263,-85.7128096",needs_id,d_gonzalez
252450554,4/29/2017,2017-04-29T14:02:00-06:00,Actiniaria,Actiniaria,order,47797,"[-85.7128096, 10.942263]","Bahía Cuajiniquil, Costa Rica","10.942263,-85.7128096",needs_id,d_gonzalez
252450553,4/29/2017,2017-04-29T14:00:00-06:00,Bolinopsidae,Bolinopsidae,family,171735,"[-85.7128096, 10.942263]","Bahía Cuajiniquil, Costa Rica","10.942263,-85.7128096",needs_id,d_gonzalez
252450549,4/29/2017,2017-04-29T13:57:00-06:00,Bunodosoma grande,Bunodosoma grande,species,736005,"[-85.7128096, 10.942263]","Bahía Cuajiniquil, Costa Rica","10.942263,-85.7128096",research,d_gonzalez
252450548,4/29/2017,2017-04-29T13:55:00-06:00,Erizo de flor rosa,Toxopneustes roseus,species,195811,"[-85.7128096, 10.942263]","Bahía Cuajiniquil, Costa Rica","10.942263,-85.7128096",research,d_gonzalez
252450546,4/29/2017,2017-04-29T13:53:00-06:00,morena estriada,Echidna nebulosa,species,54441,"[-85.7128096, 10.942263]","Bahía Cuajiniquil, Costa Rica","10.942263,-85.7128096",research,d_gonzalez
252450542,4/29/2017,2017-04-29T13:51:00-06:00,Erizo Punta de Lapiz,Eucidaris thouarsii,species,57294,"[-85.7128096, 10.942263]","Bahía Cuajiniquil, Costa Rica","10.942263,-85.7128096",needs_id,d_gonzalez
252450541,4/29/2017,2017-04-29T13:51:00-06:00,Estrellas Quebradizas,Ophiuroidea,class,48836,"[-85.7128096, 10.942263]","Bahía Cuajiniquil, Costa Rica","10.942263,-85.7128096",needs_id,d_gonzalez
252450540,4/29/2017,2017-04-29T13:50:00-06:00,Pepinos de Mar Filtradores,Dendrochirotida,order,49482,"[-85.7128096, 10.942263]","Bahía Cuajiniquil, Costa Rica","10.942263,-85.7128096",needs_id,d_gonzalez
252450537,4/29/2017,2017-04-29T13:49:00-06:00,Catolasmus pilsbryi,Catolasmus pilsbryi,species,1399939,"[-85.7128096, 10.942263]","Bahía Cuajiniquil, Costa Rica","10.942263,-85.7128096",research,d_gonzalez
252450535,4/29/2017,2017-04-29T13:47:00-06:00,morena pinta,Muraena lentiginosa,species,85111,"[-85.7128096, 10.942263]","Bahía Cuajiniquil, Costa Rica","10.942263,-85.7128096",research,d_gonzalez
252450533,4/29/2017,2017-04-29T13:46:00-06:00,Erizo Marino de Las Rocas,Echinometra vanbrunti,species,195812,"[-85.7128096, 10.942263]","Bahía Cuajiniquil, Costa Rica","10.942263,-85.7128096",needs_id,d_gonzalez
252450532,4/29/2017,2017-04-29T13:46:00-06:00,Borracho mono,Ophioblennius steindachneri,species,107645,"[-85.7128096, 10.942263]","Bahía Cuajiniquil, Costa Rica","10.942263,-85.7128096",research,d_gonzalez
252450531,4/29/2017,2017-04-29T13:44:00-06:00,Pennaria,Pennaria,genus,191218,"[-85.7128096, 10.942263]","Bahía Cuajiniquil, Costa Rica","10.942263,-85.7128096",needs_id,d_gonzalez
252450530,4/29/2017,2017-04-29T13:42:00-06:00,Erizo de flor rosa,Toxopneustes roseus,species,195811,"[-85.7128096, 10.942263]","Bahía Cuajiniquil, Costa Rica","10.942263,-85.7128096",research,d_gonzalez
252450528,4/29/2017,2017-04-29T13:40:00-06:00,Jaqueta Acapulqueña,Stegastes acapulcoensis,species,113101,"[-85.7128096, 10.942263]","Bahía Cuajiniquil, Costa Rica","10.942263,-85.7128096",needs_id,d_gonzalez
252450527,4/29/2017,2017-04-29T13:40:00-06:00,Erizo Bandeado,Diadema mexicanum,species,83298,"[-85.7128096, 10.942263]","Bahía Cuajiniquil, Costa Rica","10.942263,-85.7128096",needs_id,d_gonzalez
252450526,4/29/2017,2017-04-29T13:40:00-06:00,Jureles Y Pámpanos,Carangidae,family,47232,"[-85.7128096, 10.942263]","Bahía Cuajiniquil, Costa Rica","10.942263,-85.7128096",needs_id,d_gonzalez
252450525,4/29/2017,2017-04-29T13:36:00-06:00,Erizo café,Tripneustes depressus,species,67762,"[-85.7128096, 10.942263]","Bahía Cuajiniquil, Costa Rica","10.942263,-85.7128096",research,d_gonzalez
252450524,4/29/2017,2017-04-29T13:34:00-06:00,Erizo Marino de Las Rocas,Echinometra vanbrunti,species,195812,"[-85.7128096, 10.942263]","Bahía Cuajiniquil, Costa Rica","10.942263,-85.7128096",needs_id,d_gonzalez
252450522,4/29/2017,2017-04-29T10:41:00-06:00,Raya Águila Oriental,Aetobatus laticeps,species,1303461,"[-85.7128096, 10.942263]","Bahía Cuajiniquil, Costa Rica","10.942263,-85.7128096",research,d_gonzalez
252450521,4/29/2017,2017-04-29T10:26:00-06:00,Estrella cojín,Pentaceraster cumingi,species,56775,"[-85.7128096, 10.942263]","Bahía Cuajiniquil, Costa Rica","10.942263,-85.7128096",research,d_gonzalez
252450519,4/29/2017,2017-04-29T10:20:00-06:00,Octopus,Octopus,genus,47456,"[-85.7128096, 10.942263]","Bahía Cuajiniquil, Costa Rica","10.942263,-85.7128096",needs_id,d_gonzalez
252450518,4/29/2017,2017-04-29T10:15:00-06:00,Erizo café,Tripneustes depressus,species,67762,"[-85.7128096, 10.942263]","Bahía Cuajiniquil, Costa Rica","10.942263,-85.7128096",research,d_gonzalez
252450517,4/29/2017,2017-04-29T10:10:00-06:00,morena pinta,Muraena lentiginosa,species,85111,"[-85.7128096, 10.942263]","Bahía Cuajiniquil, Costa Rica","10.942263,-85.7128096",research,d_gonzalez
252450516,4/29/2017,2017-04-29T10:00:00-06:00,Lion's Paw Sea Cucumber,Euapta godeffroyi,species,50787,"[-85.7128096, 10.942263]","Bahía Cuajiniquil, Costa Rica","10.942263,-85.7128096",research,d_gonzalez
252450514,4/29/2017,2017-04-29T10:00:00-06:00,Erizo Bandeado,Diadema mexicanum,species,83298,"[-85.7128096, 10.942263]","Bahía Cuajiniquil, Costa Rica","10.942263,-85.7128096",needs_id,d_gonzalez
252450513,4/29/2017,2017-04-29T09:57:00-06:00,Corneta pintada,Fistularia commersonii,species,57399,"[-85.7128096, 10.942263]","Bahía Cuajiniquil, Costa Rica","10.942263,-85.7128096",research,d_gonzalez
252450511,4/29/2017,2017-04-29T09:19:00-06:00,Erizo Punta de Lapiz,Eucidaris thouarsii,species,57294,"[-85.7128096, 10.942263]","Bahía Cuajiniquil, Costa Rica","10.942263,-85.7128096",needs_id,d_gonzalez
252450508,4/29/2017,2017-04-29T09:19:00-06:00,Erizo Bandeado,Diadema mexicanum,species,83298,"[-85.7128096, 10.942263]","Bahía Cuajiniquil, Costa Rica","10.942263,-85.7128096",needs_id,d_gonzalez
252450505,4/29/2017,2017-04-29T08:56:00-06:00,Exaiptasia diaphana,Exaiptasia diaphana,species,785634,"[-85.7128096, 10.942263]","Bahía Cuajiniquil, Costa Rica","10.942263,-85.7128096",research,d_gonzalez
252450504,4/29/2017,2017-04-29T07:59:00-06:00,Exaiptasia diaphana,Exaiptasia diaphana,species,785634,"[-85.7128096, 10.942263]","Bahía Cuajiniquil, Costa Rica","10.942263,-85.7128096",research,d_gonzalez
252450503,4/30/2017,2017-04-30T10:13:00-06:00,Placospongia,Placospongia,genus,247178,"[-85.7999758, 10.9209212]","Bahía Santa Elena, Costa Rica","10.9209212,-85.7999758",needs_id,d_gonzalez
252450500,4/30/2017,2017-04-30T09:58:00-06:00,Estrellas Quebradizas,Ophiuroidea,class,48836,"[-85.7999758, 10.9209212]","Bahía Santa Elena, Costa Rica","10.9209212,-85.7999758",needs_id,d_gonzalez
252450498,4/30/2017,2017-04-30T09:58:00-06:00,Erizo Café,Tripneustes depressus,species,67762,"[-85.7999758, 10.9209212]","Bahía Santa Elena, Costa Rica","10.9209212,-85.7999758",needs_id,d_gonzalez
252442171,5/26/2024,2024-05-26T08:26:00-06:00,morena pinta,Muraena lentiginosa,species,85111,"[-85.9544582591, 10.853905667]","Islas Murciélago, Costa Rica","10.853905667,-85.9544582591",research,d_gonzalez
252442170,5/26/2024,2024-05-26T08:23:00-06:00,halcón de coral,Cirrhitichthys oxycephalus,species,132687,"[-85.9544582591, 10.853905667]","Islas Murciélago, Costa Rica","10.853905667,-85.9544582591",research,d_gonzalez
252442167,5/26/2024,2024-05-26T08:23:00-06:00,Señorita herida,Halichoeres chierchiae,species,102035,"[-85.9544582591, 10.853905667]","Islas Murciélago, Costa Rica","10.853905667,-85.9544582591",research,d_gonzalez
252442165,5/26/2024,2024-05-26T10:36:00-06:00,Ángel real,Holacanthus passer,species,56797,"[-85.9544582591, 10.853905667]","Islas Murciélago, Costa Rica","10.853905667,-85.9544582591",research,d_gonzalez
252442160,5/26/2024,2024-05-26T10:35:00-06:00,Flame Sea Cucumber,Cucumaria flamma,species,255772,"[-85.9544582591, 10.853905667]","Islas Murciélago, Costa Rica","10.853905667,-85.9544582591",research,d_gonzalez
252442159,5/26/2024,2024-05-26T10:27:00-06:00,halcón narigón,Oxycirrhites typus,species,121197,"[-85.9544582591, 10.853905667]","Islas Murciélago, Costa Rica","10.853905667,-85.9544582591",research,d_gonzalez
252442155,5/26/2024,2024-05-26T10:27:00-06:00,Botete bonito,Canthigaster punctatissima,species,96714,"[-85.9544582591, 10.853905667]","Islas Murciélago, Costa Rica","10.853905667,-85.9544582591",research,d_gonzalez
252442151,5/26/2024,2024-05-26T10:27:00-06:00,Leptogorgia,Leptogorgia,genus,195584,"[-85.9544582591, 10.853905667]","Islas Murciélago, Costa Rica","10.853905667,-85.9544582591",needs_id,d_gonzalez
252442150,5/26/2024,2024-05-26T10:27:00-06:00,Leptogorgia,Leptogorgia,genus,195584,"[-85.9544582591, 10.853905667]","Islas Murciélago, Costa Rica","10.853905667,-85.9544582591",needs_id,d_gonzalez
252442149,5/26/2024,2024-05-26T10:25:00-06:00,Cabrilla enjambre,Cephalopholis panamensis,species,97000,"[-85.9544582591, 10.853905667]","Islas Murciélago, Costa Rica","10.853905667,-85.9544582591",research,d_gonzalez
252442147,5/26/2024,2024-05-26T10:24:00-06:00,Gorgonia Blanca,Leptogorgia alba,species,195546,"[-85.9544582591, 10.853905667]","Islas Murciélago, Costa Rica","10.853905667,-85.9544582591",needs_id,d_gonzalez
252442144,5/26/2024,2024-05-26T10:22:00-06:00,morena pinta,Muraena lentiginosa,species,85111,"[-85.9544582591, 10.853905667]","Islas Murciélago, Costa Rica","10.853905667,-85.9544582591",needs_id,d_gonzalez
252442142,5/26/2024,2024-05-26T10:16:00-06:00,jabonero moteado,Rypticus bicolor,species,111903,"[-85.9544582591, 10.853905667]","Islas Murciélago, Costa Rica","10.853905667,-85.9544582591",research,d_gonzalez
252442141,5/26/2024,2024-05-26T10:16:00-06:00,Pepino de Mar Rosado Ceniciento,Holothuria fuscocinerea,species,195764,"[-85.9544582591, 10.853905667]","Islas Murciélago, Costa Rica","10.853905667,-85.9544582591",needs_id,d_gonzalez
252442137,5/26/2024,2024-05-26T10:11:00-06:00,Esponja amarilla,Aplysina gerardogreeni,species,1091442,"[-85.9544582591, 10.853905667]","Islas Murciélago, Costa Rica","10.853905667,-85.9544582591",research,d_gonzalez
252442135,5/26/2024,2024-05-26T10:10:00-06:00,Coral Sol,Tubastraea coccinea,species,51802,"[-85.9544582591, 10.853905667]","Islas Murciélago, Costa Rica","10.853905667,-85.9544582591",needs_id,d_gonzalez
252442134,5/26/2024,2024-05-26T10:10:00-06:00,Erizo Bandeado,Diadema mexicanum,species,83298,"[-85.9544582591, 10.853905667]","Islas Murciélago, Costa Rica","10.853905667,-85.9544582591",needs_id,d_gonzalez
252442130,5/26/2024,2024-05-26T08:51:00-06:00,Coral Sol,Tubastraea coccinea,species,51802,"[-85.9544582591, 10.853905667]","Islas Murciélago, Costa Rica","10.853905667,-85.9544582591",needs_id,d_gonzalez
252442129,5/26/2024,2024-05-26T08:51:00-06:00,Hourglass Moray,Muraena clepsydra,species,106237,"[-85.9544582591, 10.853905667]","Islas Murciélago, Costa Rica","10.853905667,-85.9544582591",research,d_gonzalez
252442128,5/26/2024,2024-05-26T08:50:00-06:00,Corales de dedos,Porites,genus,47530,"[-85.9544582591, 10.853905667]","Islas Murciélago, Costa Rica","10.853905667,-85.9544582591",needs_id,d_gonzalez
252442125,5/26/2024,2024-05-26T08:43:00-06:00,Pepino de Mar Rosado Ceniciento,Holothuria fuscocinerea,species,195764,"[-85.9544582591, 10.853905667]","Islas Murciélago, Costa Rica","10.853905667,-85.9544582591",needs_id,d_gonzalez
252442123,5/26/2024,2024-05-26T08:39:00-06:00,Manta voladora,Mobula birostris,species,623966,"[-85.9213088285, 10.9274725084]",Costa Rica,"10.9274725084,-85.9213088285",research,d_gonzalez
252442121,5/26/2024,2024-05-26T08:39:00-06:00,Cabrilla piedrera,Epinephelus labriformis,species,67529,"[-85.9544582591, 10.853905667]","Islas Murciélago, Costa Rica","10.853905667,-85.9544582591",research,d_gonzalez
252442118,5/26/2024,2024-05-26T08:37:00-06:00,serrano guaseta,Serranus psittacinus,species,112499,"[-85.9544582591, 10.853905667]","Islas Murciélago, Costa Rica","10.853905667,-85.9544582591",research,d_gonzalez
252442116,5/26/2024,2024-05-26T08:37:00-06:00,Madre Perla,Pinctada mazatlanica,species,204978,"[-85.9544582591, 10.853905667]","Islas Murciélago, Costa Rica","10.853905667,-85.9544582591",needs_id,d_gonzalez
252442114,5/26/2024,2024-05-26T08:30:00-06:00,Tiburón toro,Carcharhinus leucas,species,84996,"[-85.8922836336, 10.9501970992]",Costa Rica,"10.9501970992,-85.8922836336",research,d_gonzalez
252437613,3/3/2024,2024-03-03T16:06:00-06:00,Jaqueta Acapulqueña,Stegastes acapulcoensis,species,113101,"[-85.751292, 11.025629]","Provincia de Guanacaste, La Cruz, Costa Rica","11.025629,-85.751292",needs_id,d_gonzalez
252437612,3/3/2024,2024-03-03T16:06:00-06:00,Spotted Sharpnose Puffer,Canthigaster punctatissima,species,96714,"[-85.751292, 11.025629]","Provincia de Guanacaste, La Cruz, Costa Rica","11.025629,-85.751292",research,d_gonzalez
252437611,3/3/2024,2024-03-03T16:06:00-06:00,Erizo Bandeado,Diadema mexicanum,species,83298,"[-85.751292, 11.025629]","Provincia de Guanacaste, La Cruz, Costa Rica","11.025629,-85.751292",needs_id,d_gonzalez
252437610,3/3/2024,2024-03-03T16:03:00-06:00,Pepinos de Mar Filtradores,Dendrochirotida,order,49482,"[-85.751292, 11.025629]","Provincia de Guanacaste, La Cruz, Costa Rica","11.025629,-85.751292",needs_id,d_gonzalez
252437608,3/3/2024,2024-03-03T13:01:00-06:00,Sandy Sea Cucumber,Holothuria inornata,species,432888,"[-85.7128096, 10.942263]","Bahía Cuajiniquil, Costa Rica","10.942263,-85.7128096",research,d_gonzalez
252437607,3/3/2024,2024-03-03T15:58:00-06:00,Erizo Marino de Las Rocas,Echinometra vanbrunti,species,195812,"[-85.751292, 11.025629]","Provincia de Guanacaste, La Cruz, Costa Rica","11.025629,-85.751292",needs_id,d_gonzalez
252437606,3/3/2024,2024-03-03T16:03:00-06:00,Bunodosoma grande,Bunodosoma grande,species,736005,"[-85.751292, 11.025629]","Provincia de Guanacaste, La Cruz, Costa Rica","11.025629,-85.751292",research,d_gonzalez
252437605,3/3/2024,2024-03-03T12:36:00-06:00,Corales Coliflor,Pocillopora,genus,60547,"[-85.7128096, 10.942263]","Bahía Cuajiniquil, Costa Rica","10.942263,-85.7128096",needs_id,d_gonzalez
252437604,3/3/2024,2024-03-03T11:51:00-06:00,Castañeta Cola de Tijera,Azurina atrilobata,species,1315937,"[-85.7128096, 10.942263]","Bahía Cuajiniquil, Costa Rica","10.942263,-85.7128096",needs_id,d_gonzalez
252437603,3/3/2024,2024-03-03T11:51:00-06:00,Coral Gigante,Pavona gigantea,species,108980,"[-85.7128096, 10.942263]","Bahía Cuajiniquil, Costa Rica","10.942263,-85.7128096",needs_id,d_gonzalez
252437601,3/3/2024,2024-03-03T11:44:00-06:00,Estrella de mar chispas de chocolate,Nidorellia armata,species,195829,"[-85.7128096, 10.942263]","Bahía Cuajiniquil, Costa Rica","10.942263,-85.7128096",research,d_gonzalez
252437598,3/3/2024,2024-03-03T11:21:00-06:00,Corneta pintada,Fistularia commersonii,species,57399,"[-85.7128096, 10.942263]","Bahía Cuajiniquil, Costa Rica","10.942263,-85.7128096",research,d_gonzalez
252437596,3/3/2024,2024-03-03T11:20:00-06:00,Guineafowl Puffer,Arothron meleagris,species,83318,"[-85.7128096, 10.942263]","Bahía Cuajiniquil, Costa Rica","10.942263,-85.7128096",research,d_gonzalez
252437595,3/3/2024,2024-03-03T11:18:00-06:00,Erizo Bandeado,Diadema mexicanum,species,83298,"[-85.7128096, 10.942263]","Bahía Cuajiniquil, Costa Rica","10.942263,-85.7128096",needs_id,d_gonzalez
252437594,3/3/2024,2024-03-03T16:10:00-06:00,Chiles,Synodontidae,family,49410,"[-85.751292, 11.025629]","Provincia de Guanacaste, La Cruz, Costa Rica","11.025629,-85.751292",needs_id,d_gonzalez
252437593,3/3/2024,2024-03-03T16:10:00-06:00,Pulpos,Octopoda,order,47458,"[-85.751292, 11.025629]","Provincia de Guanacaste, La Cruz, Costa Rica","11.025629,-85.751292",needs_id,d_gonzalez
252332600,3/2/2024,2024-03-02T11:40:00-06:00,Naticidae,Naticidae,family,48923,"[-85.7461548, 10.9737363]","Golfo de Santa Elena, Costa Rica","10.9737363,-85.7461548",needs_id,d_gonzalez
252332599,3/2/2024,2024-03-02T11:31:00-06:00,Caracol barril,Malea ringens,species,244078,"[-85.7461548, 10.9737363]","Golfo de Santa Elena, Costa Rica","10.9737363,-85.7461548",research,d_gonzalez
252332597,3/2/2024,2024-03-02T11:13:00-06:00,Stellamedusa ventana,Stellamedusa ventana,species,779273,"[-85.7461548, 10.9737363]","Golfo de Santa Elena, Costa Rica","10.9737363,-85.7461548",research,d_gonzalez
252332594,3/2/2024,2024-03-02T11:10:00-06:00,Spaghetti Worms,Terebellidae,family,47492,"[-85.7461548, 10.9737363]","Golfo de Santa Elena, Costa Rica","10.9737363,-85.7461548",needs_id,d_gonzalez
252332592,3/2/2024,2024-03-02T11:10:00-06:00,Gusanos Tubícolas,Serpulidae,family,49518,"[-85.7461548, 10.9737363]","Golfo de Santa Elena, Costa Rica","10.9737363,-85.7461548",needs_id,d_gonzalez
252332591,3/2/2024,2024-03-02T11:09:00-06:00,Flame Sea Cucumber,Cucumaria flamma,species,255772,"[-85.7461548, 10.9737363]","Golfo de Santa Elena, Costa Rica","10.9737363,-85.7461548",research,d_gonzalez
252332590,3/2/2024,2024-03-02T11:04:00-06:00,Gusanos Tubícolas,Serpulidae,family,49518,"[-85.7461548, 10.9737363]","Golfo de Santa Elena, Costa Rica","10.9737363,-85.7461548",needs_id,d_gonzalez
252332589,3/2/2024,2024-03-02T09:31:00-06:00,Botrylloides niger,Botrylloides niger,species,800368,"[-85.7461548, 10.9737363]","Golfo de Santa Elena, Costa Rica","10.9737363,-85.7461548",needs_id,d_gonzalez
252332588,3/2/2024,2024-03-02T09:22:00-06:00,Pirosomas,Pyrosoma,genus,51109,"[-85.7461548, 10.9737363]","Golfo de Santa Elena, Costa Rica","10.9737363,-85.7461548",needs_id,d_gonzalez
252332586,3/2/2024,2024-03-02T09:20:00-06:00,Oysters and Allies,Ostreida,order,47583,"[-85.7461548, 10.9737363]","Golfo de Santa Elena, Costa Rica","10.9737363,-85.7461548",needs_id,d_gonzalez
252332585,3/2/2024,2024-03-02T09:20:00-06:00,Coral Sol,Tubastraea coccinea,species,51802,"[-85.7461548, 10.9737363]","Golfo de Santa Elena, Costa Rica","10.9737363,-85.7461548",needs_id,d_gonzalez
252332582,3/2/2024,2024-03-02T09:09:00-06:00,Pirosomas,Pyrosomatida,order,51105,"[-85.7461548, 10.9737363]","Golfo de Santa Elena, Costa Rica","10.9737363,-85.7461548",needs_id,d_gonzalez
252332581,3/2/2024,2024-03-02T09:05:00-06:00,Spaghetti Worms,Terebellidae,family,47492,"[-85.7461548, 10.9737363]","Golfo de Santa Elena, Costa Rica","10.9737363,-85.7461548",needs_id,d_gonzalez
252332580,3/2/2024,2024-03-02T09:04:00-06:00,Erizo de Flor Rosa,Toxopneustes roseus,species,195811,"[-85.7461548, 10.9737363]","Golfo de Santa Elena, Costa Rica","10.9737363,-85.7461548",needs_id,d_gonzalez
252332579,3/2/2024,2024-03-02T09:05:00-06:00,Erizo Punta de Lapiz,Eucidaris thouarsii,species,57294,"[-85.7461548, 10.9737363]","Golfo de Santa Elena, Costa Rica","10.9737363,-85.7461548",needs_id,d_gonzalez
252332578,3/2/2024,2024-03-02T09:03:00-06:00,Blue Sea Star,Phataria unifascialis,species,195833,"[-85.7461548, 10.9737363]","Golfo de Santa Elena, Costa Rica","10.9737363,-85.7461548",research,d_gonzalez
252332577,3/2/2024,2024-03-02T09:00:00-06:00,Gorgonia Blanca,Leptogorgia alba,species,195546,"[-85.7461548, 10.9737363]","Golfo de Santa Elena, Costa Rica","10.9737363,-85.7461548",needs_id,d_gonzalez
252332576,3/2/2024,2024-03-02T08:58:00-06:00,Flame Sea Cucumber,Cucumaria flamma,species,255772,"[-85.7461548, 10.9737363]","Golfo de Santa Elena, Costa Rica","10.9737363,-85.7461548",research,d_gonzalez
252332575,3/2/2024,2024-03-02T09:00:00-06:00,Estrellas Quebradizas,Ophiuroidea,class,48836,"[-85.7461548, 10.9737363]","Golfo de Santa Elena, Costa Rica","10.9737363,-85.7461548",needs_id,d_gonzalez
252332574,3/2/2024,2024-03-02T08:56:00-06:00,Bumpy Jelly,Stellamedusa ventana,species,779273,"[-85.7461548, 10.9737363]","Golfo de Santa Elena, Costa Rica","10.9737363,-85.7461548",research,d_gonzalez
252332572,3/2/2024,2024-03-02T08:53:00-06:00,Cangrejo araña panameño,Stenorhynchus debilis,species,195311,"[-85.7461548, 10.9737363]","Golfo de Santa Elena, Costa Rica","10.9737363,-85.7461548",research,d_gonzalez
252332573,3/2/2024,2024-03-02T08:55:00-06:00,Pirosomas,Pyrosomatida,order,51105,"[-85.7461548, 10.9737363]","Golfo de Santa Elena, Costa Rica","10.9737363,-85.7461548",needs_id,d_gonzalez
252332570,3/2/2024,2024-03-02T08:51:00-06:00,Diosa de puntas rojas,Chromolaichma sedna,species,1230992,"[-85.7461548, 10.9737363]","Golfo de Santa Elena, Costa Rica","10.9737363,-85.7461548",research,d_gonzalez
252332569,3/2/2024,2024-03-02T08:53:00-06:00,Erizo Bandeado,Diadema mexicanum,species,83298,"[-85.7461548, 10.9737363]","Golfo de Santa Elena, Costa Rica","10.9737363,-85.7461548",needs_id,d_gonzalez
252332567,3/2/2024,2024-03-02T11:40:00-06:00,Estrella de Mar Chispas de Chocolate,Nidorellia armata,species,195829,"[-85.7461548, 10.9737363]","Golfo de Santa Elena, Costa Rica","10.9737363,-85.7461548",needs_id,d_gonzalez
252329873,5/25/2024,2024-05-25T10:32:00-06:00,Pennaria disticha,Pennaria disticha,species,195464,"[-85.7125593335, 10.9443855311]","La Cruz, CR-GU, CR","10.9443855311,-85.7125593335",needs_id,d_gonzalez
252329871,5/25/2024,2024-05-25T10:20:00-06:00,Jaquetas,Stegastes,genus,49306,"[-85.7111002118, 10.9437956433]","La Cruz, CR-GU, CR","10.9437956433,-85.7111002118",needs_id,d_gonzalez
252329870,5/25/2024,2024-05-25T10:26:00-06:00,morena clepsidra,Muraena clepsydra,species,106237,"[-85.7129026562, 10.9449754176]","La Cruz, CR-GU, CR","10.9449754176,-85.7129026562",research,d_gonzalez
252329869,5/25/2024,2024-05-25T10:25:00-06:00,Erizo de Flor Rosa,Toxopneustes roseus,species,195811,"[-85.7109285504, 10.9436271037]","La Cruz, CR-GU, CR","10.9436271037,-85.7109285504",needs_id,d_gonzalez
252329868,5/25/2024,2024-05-25T10:19:00-06:00,Erizo de Flor Rosa,Toxopneustes roseus,species,195811,"[-85.711872688, 10.9441327222]","La Cruz, CR-GU, CR","10.9441327222,-85.711872688",needs_id,d_gonzalez
252329867,5/25/2024,2024-05-25T10:18:00-06:00,morena pinta,Muraena lentiginosa,species,85111,"[-85.7133318097, 10.9439641828]","La Cruz, CR-GU, CR","10.9439641828,-85.7133318097",research,d_gonzalez
252329866,5/25/2024,2024-05-25T10:16:00-06:00,Cabrillas Y Chernas,Cephalopholis,genus,49640,"[-85.7129884869, 10.9443855311]","La Cruz, CR-GU, CR","10.9443855311,-85.7129884869",needs_id,d_gonzalez
252329865,5/25/2024,2024-05-25T10:11:00-06:00,Gorgonia Blanca,Leptogorgia alba,species,195546,"[-85.7133318097, 10.9444698006]","La Cruz, CR-GU, CR","10.9444698006,-85.7133318097",needs_id,d_gonzalez
252329862,5/25/2024,2024-05-25T10:11:00-06:00,Ascidea de Birkeland,Rhopalaea birkelandi,species,338499,"[-85.7127309948, 10.9446383397]","La Cruz, CR-GU, CR","10.9446383397,-85.7127309948",research,d_gonzalez
252329861,5/25/2024,2024-05-25T10:07:00-06:00,Toxopneustidae,Toxopneustidae,family,49957,"[-85.7133318097, 10.9449754176]","La Cruz, CR-GU, CR","10.9449754176,-85.7133318097",needs_id,d_gonzalez
252329859,5/25/2024,2024-05-25T08:56:00-06:00,Coral Gigante,Pavona gigantea,species,108980,"[-85.7142759472, 10.9444698006]","La Cruz, CR-GU, CR","10.9444698006,-85.7142759472",needs_id,d_gonzalez
252329858,5/25/2024,2024-05-25T08:55:00-06:00,Erizo de Flor Rosa,Toxopneustes roseus,species,195811,"[-85.7145334393, 10.9453124951]","La Cruz, CR-GU, CR","10.9453124951,-85.7145334393",needs_id,d_gonzalez
252329857,5/25/2024,2024-05-25T08:36:00-06:00,Erizo Punta de Lapiz,Eucidaris thouarsii,species,57294,"[-85.715659543, 10.9461773805]","La Cruz, CR-GU, CR","10.9461773805,-85.715659543",needs_id,d_gonzalez
252329856,5/25/2024,2024-05-25T08:36:00-06:00,Clathria,Clathria,genus,63671,"[-85.7138467938, 10.945059687]","La Cruz, CR-GU, CR","10.945059687,-85.7138467938",needs_id,d_gonzalez
252329855,5/25/2024,2024-05-25T08:54:00-06:00,Coral Gigante,Pavona gigantea,species,108980,"[-85.713085462, 10.9448700611]","La Cruz, CR-GU, CR","10.9448700611,-85.713085462",needs_id,d_gonzalez
252329854,5/25/2024,2024-05-25T08:54:00-06:00,Blue Sea Star,Phataria unifascialis,species,195833,"[-85.7131712927, 10.9448700611]","La Cruz, CR-GU, CR","10.9448700611,-85.7131712927",research,d_gonzalez
252329853,5/25/2024,2024-05-25T08:52:00-06:00,Brown Sea Cucumber,Isostichopus fuscus,species,195747,"[-85.7754379417, 10.8074416368]",,"10.8074416368,-85.7754379417",research,d_gonzalez
252329851,5/25/2024,2024-05-25T08:49:00-06:00,Blue Sea Star,Phataria unifascialis,species,195833,"[-85.7134287847, 10.9447857917]","La Cruz, CR-GU, CR","10.9447857917,-85.7134287847",research,d_gonzalez
252329850,5/25/2024,2024-05-25T08:48:00-06:00,Coral Sol,Tubastraea coccinea,species,51802,"[-85.7136004461, 10.9442801744]","La Cruz, CR-GU, CR","10.9442801744,-85.7136004461",needs_id,d_gonzalez
252329849,5/25/2024,2024-05-25T08:48:00-06:00,Clathria,Clathria,genus,63671,"[-85.711712171, 10.9437745562]","La Cruz, CR-GU, CR","10.9437745562,-85.711712171",needs_id,d_gonzalez
252329847,5/25/2024,2024-05-25T08:48:00-06:00,Erizo Punta de Lapiz,Eucidaris thouarsii,species,57294,"[-85.7145445837, 10.9441959047]","La Cruz, CR-GU, CR","10.9441959047,-85.7145445837",needs_id,d_gonzalez
252329846,5/25/2024,2024-05-25T08:43:00-06:00,Flame Sea Cucumber,Cucumaria flamma,species,255772,"[-85.714566039, 10.9445340915]","La Cruz, CR-GU, CR","10.9445340915,-85.714566039",research,d_gonzalez
252329845,5/25/2024,2024-05-25T08:42:00-06:00,White-spotted Puffer,Arothron hispidus,species,144017,"[-85.7136648157, 10.9435410534]","La Cruz, CR-GU, CR","10.9435410534,-85.7136648157",research,d_gonzalez
252329844,5/25/2024,2024-05-25T08:33:00-06:00,Flame Sea Cucumber,Cucumaria flamma,species,255772,"[-85.7135789827, 10.943609365]","La Cruz, CR-GU, CR","10.943609365,-85.7135789827",research,d_gonzalez
252329843,5/25/2024,2024-05-25T08:29:00-06:00,Erizo de Flor Rosa,Toxopneustes roseus,species,195811,"[-85.713235656, 10.9434089174]","La Cruz, CR-GU, CR","10.9434089174,-85.713235656",needs_id,d_gonzalez
252329842,5/25/2024,2024-05-25T08:29:00-06:00,Anémonas Marinas Y Corales,Anthozoa,class,47533,"[-85.7119052789, 10.9431823257]","La Cruz, CR-GU, CR","10.9431823257,-85.7119052789",needs_id,d_gonzalez
252329840,5/25/2024,2024-05-25T08:27:00-06:00,Estrellas Quebradizas,Ophiuroidea,class,48836,"[-85.7131927353, 10.942897683]","La Cruz, CR-GU, CR","10.942897683,-85.7131927353",needs_id,d_gonzalez
252329839,5/25/2024,2024-05-25T08:27:00-06:00,Erizo Punta de Lapiz,Eucidaris thouarsii,species,57294,"[-85.7106738953, 10.9432034598]","La Cruz, CR-GU, CR","10.9432034598,-85.7106738953",needs_id,d_gonzalez
252329838,5/25/2024,2024-05-25T08:32:00-06:00,Pyramid Sea Star,Pharia pyramidata,species,344899,"[-85.7133083443, 10.9421074776]","La Cruz, CR-GU, CR","10.9421074776,-85.7133083443",research,d_gonzalez
252326732,5/25/2024,,Ascidia sideralis,Ascidia sideralis,species,1317119,"[-85.7120274141, 10.9448841131]","La Cruz, CR-GU, CR","10.9448841131,-85.7120274141",needs_id,d_gonzalez
252326730,5/25/2024,,Ascidia sideralis,Ascidia sideralis,species,1317119,"[-85.71151243, 10.9445470351]","La Cruz, CR-GU, CR","10.9445470351,-85.71151243",needs_id,d_gonzalez
252326729,5/25/2024,,Ascidea de Birkeland,Rhopalaea birkelandi,species,338499,"[-85.7117699221, 10.9445470351]","La Cruz, CR-GU, CR","10.9445470351,-85.7117699221",needs_id,d_gonzalez
252326728,5/25/2024,,Coral Sol,Tubastraea coccinea,species,51802,"[-85.7117699221, 10.9442942264]","La Cruz, CR-GU, CR","10.9442942264,-85.7117699221",needs_id,d_gonzalez
252326726,5/25/2024,,Coral Sol,Tubastraea coccinea,species,51802,"[-85.71151243, 10.9447155742]","La Cruz, CR-GU, CR","10.9447155742,-85.71151243",needs_id,d_gonzalez
252326724,5/25/2024,,Coral Sol,Tubastraea coccinea,species,51802,"[-85.7115982607, 10.9445470351]","La Cruz, CR-GU, CR","10.9445470351,-85.7115982607",needs_id,d_gonzalez
252326723,5/25/2024,,Telmatactis,Telmatactis,genus,195592,"[-85.7112549379, 10.9445470351]","La Cruz, CR-GU, CR","10.9445470351,-85.7112549379",needs_id,d_gonzalez
252326722,5/25/2024,,Coral Gigante,Pavona gigantea,species,108980,"[-85.7115982607, 10.9447155742]","La Cruz, CR-GU, CR","10.9447155742,-85.7115982607",needs_id,d_gonzalez
252326721,5/25/2024,,Octopus,Octopus,genus,47456,"[-85.7112549379, 10.9446313047]","La Cruz, CR-GU, CR","10.9446313047,-85.7112549379",needs_id,d_gonzalez
252326719,5/25/2024,,Octopus,Octopus,genus,47456,"[-85.7113407686, 10.9442942264]","La Cruz, CR-GU, CR","10.9442942264,-85.7113407686",needs_id,d_gonzalez
252326718,5/25/2024,,Clathria,Clathria,genus,63671,"[-85.7111691072, 10.944378496]","La Cruz, CR-GU, CR","10.944378496,-85.7111691072",needs_id,d_gonzalez
252326717,5/25/2024,,Erizo Punta de Lapiz,Eucidaris thouarsii,species,57294,"[-85.7112549379, 10.9445470351]","La Cruz, CR-GU, CR","10.9445470351,-85.7112549379",needs_id,d_gonzalez
252326716,5/25/2024,,Erizo Punta de Lapiz,Eucidaris thouarsii,species,57294,"[-85.7111690994, 10.9444832582]","La Cruz, CR-GU, CR","10.9444832582,-85.7111690994",needs_id,d_gonzalez
252326714,5/25/2024,,Clathria,Clathria,genus,63671,"[-85.711254934, 10.9445993773]","La Cruz, CR-GU, CR","10.9445993773,-85.711254934",needs_id,d_gonzalez
252326713,5/25/2024,,Erizo Punta de Lapiz,Eucidaris thouarsii,species,57294,"[-85.7108257727, 10.9439458208]","La Cruz, CR-GU, CR","10.9439458208,-85.7108257727",needs_id,d_gonzalez
252326712,5/25/2024,,Pez erizo pecoso,Diodon hystrix,species,52313,"[-85.7109974302, 10.9439982774]","La Cruz, CR-GU, CR","10.9439982774,-85.7109974302",research,d_gonzalez
252326711,5/25/2024,,Cabrillas Y Chernas,Cephalopholis,genus,49640,"[-85.7112549183, 10.9441509139]","La Cruz, CR-GU, CR","10.9441509139,-85.7112549183",needs_id,d_gonzalez
252326710,5/25/2024,,Erizo Cojín,Astropyga pulvinata,species,195788,"[-85.7112549144, 10.9436135041]","La Cruz, CR-GU, CR","10.9436135041,-85.7112549144",needs_id,d_gonzalez
252321565,3/2/2024,,Myriopathes panamensis,Myriopathes panamensis,species,195531,"[-85.7125955269, 10.9433763512]","La Cruz, CR-GU, CR","10.9433763512,-85.7125955269",needs_id,d_gonzalez
252321562,3/2/2024,,Bradley's Sea Star,Mithrodia bradleyi,species,195839,"[-85.7122522041, 10.9436291608]","La Cruz, CR-GU, CR","10.9436291608,-85.7122522041",research,d_gonzalez
252321561,3/2/2024,,morena pinta,Muraena lentiginosa,species,85111,"[-85.7126813576, 10.9437134306]","La Cruz, CR-GU, CR","10.9437134306,-85.7126813576",research,d_gonzalez
252321558,3/3/2024,,Cangrejo ermitaño rosa,Aniculus elegans,species,295229,"[-85.7126813576, 10.9443033185]","La Cruz, CR-GU, CR","10.9443033185,-85.7126813576",research,d_gonzalez
252321556,3/3/2024,,Erizo Punta de Lapiz,Eucidaris thouarsii,species,57294,"[-85.712853019, 10.9438819701]","La Cruz, CR-GU, CR","10.9438819701,-85.712853019",needs_id,d_gonzalez
252321555,3/3/2024,,Erizo Punta de Lapiz,Eucidaris thouarsii,species,57294,"[-85.7130246803, 10.9440505095]","La Cruz, CR-GU, CR","10.9440505095,-85.7130246803",needs_id,d_gonzalez
252321551,3/2/2024,,Arcoiris de Cortés,Thalassoma lucasanum,species,49493,"[-85.7131963417, 10.9445401723]","La Cruz, CR-GU, CR","10.9445401723,-85.7131963417",research,d_gonzalez
252321550,3/2/2024,,Erizo Bandeado,Diadema mexicanum,species,83298,"[-85.712853019, 10.945214328]","La Cruz, CR-GU, CR","10.945214328,-85.712853019",needs_id,d_gonzalez
252321548,3/2/2024,,Erizo Bandeado,Diadema mexicanum,species,83298,"[-85.7131963417, 10.9443716332]","La Cruz, CR-GU, CR","10.9443716332,-85.7131963417",needs_id,d_gonzalez
252321545,3/2/2024,,Flame Sea Cucumber,Cucumaria flamma,species,255772,"[-85.712853019, 10.9446244419]","La Cruz, CR-GU, CR","10.9446244419,-85.712853019",research,d_gonzalez
252321544,3/2/2024,,Flame Sea Cucumber,Cucumaria flamma,species,255772,"[-85.712853019, 10.944203094]","La Cruz, CR-GU, CR","10.944203094,-85.712853019",research,d_gonzalez
252321542,3/2/2024,,Coral Sol,Tubastraea coccinea,species,51802,"[-85.7129388497, 10.944203094]","La Cruz, CR-GU, CR","10.944203094,-85.7129388497",needs_id,d_gonzalez
252321534,3/2/2024,,Erizo Café,Tripneustes depressus,species,67762,"[-85.7125955269, 10.9443716332]","La Cruz, CR-GU, CR","10.9443716332,-85.7125955269",needs_id,d_gonzalez
252321532,3/2/2024,,Escorpión Roquero,Scorpaena mystes,species,112345,"[-85.7130246803, 10.9442873636]","La Cruz, CR-GU, CR","10.9442873636,-85.7130246803",needs_id,d_gonzalez
252321531,3/3/2024,,Corales Coliflor,Pocillopora,genus,60547,"[-85.7126813576, 10.9439502849]","La Cruz, CR-GU, CR","10.9439502849,-85.7126813576",needs_id,d_gonzalez
252321523,3/2/2024,,Blue Sea Star,Phataria unifascialis,species,195833,"[-85.7123380348, 10.9443716332]","La Cruz, CR-GU, CR","10.9443716332,-85.7123380348",research,d_gonzalez
252321522,3/2/2024,,Pyramid Sea Star,Pharia pyramidata,species,344899,"[-85.712853019, 10.9439502849]","La Cruz, CR-GU, CR","10.9439502849,-85.712853019",research,d_gonzalez
252321520,3/2/2024,,Coral Gigante,Pavona gigantea,species,108980,"[-85.7130246764, 10.9436655075]","La Cruz, CR-GU, CR","10.9436655075,-85.7130246764",needs_id,d_gonzalez
252321515,3/2/2024,,Pen Shells,Pinnidae,family,50584,"[-85.7122307453, 10.9436655075]","La Cruz, CR-GU, CR","10.9436655075,-85.7122307453",needs_id,d_gonzalez
252321513,3/2/2024,,White-spotted Puffer,Arothron hispidus,species,144017,"[-85.7134752768, 10.9436916751]","La Cruz, CR-GU, CR","10.9436916751,-85.7134752768",research,d_gonzalez
252321512,3/2/2024,,Ascidia sideralis,Ascidia sideralis,species,1317119,"[-85.7127027967, 10.9430698969]","La Cruz, CR-GU, CR","10.9430698969,-85.7127027967",needs_id,d_gonzalez
252206911,6/23/2024,,Pennaria,Pennaria,genus,191218,"[-85.7244825736, 10.9699023348]","Bahía Cuajiniquil, Costa Rica","10.9699023348,-85.7244825736",needs_id,d_gonzalez
