observation_id,date,time,species_guess,taxon_id,coordinates,place,lat_lon,grade,user,kingdom,phylum,class,order,family,genus,scientific_name,rank
286916398,6/1/2025,2025-06-01T09:51:00-06:00,Rose Flower Urchin,195811,"[-85.9626765465, 10.8533998942]","Islas Murciélago, Costa Rica","10.8533998942,-85.9626765465",research,d_gonzalez,Animalia,Echinodermata,Echinoidea,Camarodonta,Toxopneustidae,Toxopneustes,Toxopneustes roseus,species
286916396,6/1/2025,2025-06-01T09:50:00-06:00,Ashy Pink Sea Cucumber,195764,"[-85.9626765465, 10.8533998942]","Islas Murciélago, Costa Rica","10.8533998942,-85.9626765465",needs_id,d_gonzalez,Animalia,Echinodermata,Holothuroidea,Holothuriida,Holothuriidae,Holothuria,Holothuria fuscocinerea,species
286916394,6/1/2025,2025-06-01T09:48:00-06:00,Scorpaena,47648,"[-85.9626765465, 10.8533998942]","Islas Murciélago, Costa Rica","10.8533998942,-85.9626765465",needs_id,d_gonzalez,Animalia,Chordata,Teleostei,Perciformes,Scorpaenidae,Scorpaena,Scorpaena,genus
286916393,6/1/2025,2025-06-01T09:46:00-06:00,Hourglass Moray,106237,"[-85.9626765465, 10.8533998942]","Islas Murciélago, Costa Rica","10.8533998942,-85.9626765465",research,d_gonzalez,Animalia,Chordata,Teleostei,Anguilliformes,Muraenidae,Muraena,Muraena clepsydra,species
286916392,6/1/2025,2025-06-01T09:45:00-06:00,Leptogorgia alba,195546,"[-85.9626765465, 10.8533998942]","Islas Murciélago, Costa Rica","10.8533998942,-85.9626765465",needs_id,d_gonzalez,Animalia,Cnidaria,Octocorallia,Malacalcyonacea,Gorgoniidae,Leptogorgia,Leptogorgia alba,species
286916391,6/1/2025,2025-06-01T09:45:00-06:00,Longnose Hawkfish,121197,"[-85.9626765465, 10.8533998942]","Islas Murciélago, Costa Rica","10.8533998942,-85.9626765465",research,d_gonzalez,Animalia,Chordata,Teleostei,Centrarchiformes,Cirrhitidae,Oxycirrhites,Oxycirrhites typus,species
286916389,6/1/2025,2025-06-01T09:41:00-06:00,Oceanic Manta Ray,623966,"[-85.9071246536, 10.950762864]",Costa Rica,"10.950762864,-85.9071246536",research,d_gonzalez,Animalia,Chordata,Elasmobranchii,Myliobatiformes,Mobulidae,Mobula,Mobula birostris,species
286916387,6/1/2025,2025-06-01T09:32:00-06:00,Blue-spotted Cornetfish,57399,"[-85.9626765465, 10.8533998942]","Islas Murciélago, Costa Rica","10.8533998942,-85.9626765465",research,d_gonzalez,Animalia,Chordata,Teleostei,Syngnathiformes,Fistulariidae,Fistularia,Fistularia commersonii,species
286916386,6/1/2025,2025-06-01T09:28:00-06:00,Oceanic Manta Ray,623966,"[-85.9160435596, 10.9221597333]",Costa Rica,"10.9221597333,-85.9160435596",research,d_gonzalez,Animalia,Chordata,Elasmobranchii,Myliobatiformes,Mobulidae,Mobula,Mobula birostris,species
286916384,6/1/2025,2025-06-01T08:23:00-06:00,Bull Shark,84996,"[-85.999393133, 10.9991540885]",Costa Rica,"10.9991540885,-85.999393133",research,d_gonzalez,Animalia,Chordata,Elasmobranchii,Carcharhiniformes,Carcharhinidae,Carcharhinus,Carcharhinus leucas,species
286916383,6/1/2025,2025-06-01T08:20:00-06:00,King Angelfish,56797,"[-85.9626765465, 10.8533998942]","Islas Murciélago, Costa Rica","10.8533998942,-85.9626765465",research,d_gonzalez,Animalia,Chordata,Teleostei,Acanthuriformes,Pomacanthidae,Holacanthus,Holacanthus passer,species
286916382,6/1/2025,2025-06-01T09:27:00-06:00,Giant Hawkfish,97880,"[-85.9626765465, 10.8533998942]","Islas Murciélago, Costa Rica","10.8533998942,-85.9626765465",research,d_gonzalez,Animalia,Chordata,Teleostei,Centrarchiformes,Cirrhitidae,Cirrhitus,Cirrhitus rivulatus,species
286916375,6/1/2025,2025-06-01T08:20:00-06:00,Fine-spotted moray,101897,"[-85.9626765465, 10.8533998942]","Islas Murciélago, Costa Rica","10.8533998942,-85.9626765465",research,d_gonzalez,Animalia,Chordata,Teleostei,Anguilliformes,Muraenidae,Gymnothorax,Gymnothorax dovii,species
286916374,6/1/2025,2025-06-01T08:19:00-06:00,Jewel Moray,85111,"[-85.9626765465, 10.8533998942]","Islas Murciélago, Costa Rica","10.8533998942,-85.9626765465",research,d_gonzalez,Animalia,Chordata,Teleostei,Anguilliformes,Muraenidae,Muraena,Muraena lentiginosa,species
286916373,6/1/2025,2025-06-01T08:18:00-06:00,Leptogorgia alba,195546,"[-85.9626765465, 10.8533998942]","Islas Murciélago, Costa Rica","10.8533998942,-85.9626765465",needs_id,d_gonzalez,Animalia,Cnidaria,Octocorallia,Malacalcyonacea,Gorgoniidae,Leptogorgia,Leptogorgia alba,species
286916371,6/1/2025,2025-06-01T08:17:00-06:00,Scorpaena,47648,"[-85.9626765465, 10.8533998942]","Islas Murciélago, Costa Rica","10.8533998942,-85.9626765465",needs_id,d_gonzalez,Animalia,Chordata,Teleostei,Perciformes,Scorpaenidae,Scorpaena,Scorpaena,genus
286916370,6/1/2025,2025-06-01T08:14:00-06:00,Flagtail Blanquillo,121424,"[-85.9626765465, 10.8533998942]","Islas Murciélago, Costa Rica","10.8533998942,-85.9626765465",research,d_gonzalez,Animalia,Chordata,Teleostei,Eupercaria incertae sedis,Malacanthidae,Malacanthus,Malacanthus brevirostris,species
286916369,6/1/2025,2025-06-01T08:12:00-06:00,Bull Shark,84996,"[-85.8601700554, 10.8782589231]",Costa Rica,"10.8782589231,-85.8601700554",research,d_gonzalez,Animalia,Chordata,Elasmobranchii,Carcharhiniformes,Carcharhinidae,Carcharhinus,Carcharhinus leucas,species
286916363,6/1/2025,2025-06-01T08:12:00-06:00,Bull Shark,84996,"[-85.9488771563, 10.967090654]",Costa Rica,"10.967090654,-85.9488771563",research,d_gonzalez,Animalia,Chordata,Elasmobranchii,Carcharhiniformes,Carcharhinidae,Carcharhinus,Carcharhinus leucas,species
286916362,6/1/2025,2025-06-01T08:12:00-06:00,Spinster Wrasse,56919,"[-85.9626765465, 10.8533998942]","Islas Murciélago, Costa Rica","10.8533998942,-85.9626765465",research,d_gonzalez,Animalia,Chordata,Teleostei,Eupercaria incertae sedis,Labridae,Halichoeres,Halichoeres nicholsi,species
286916360,6/1/2025,2025-06-01T08:08:00-06:00,Cornetfishes,47248,"[-85.9626765465, 10.8533998942]","Islas Murciélago, Costa Rica","10.8533998942,-85.9626765465",needs_id,d_gonzalez,Animalia,Chordata,Teleostei,Syngnathiformes,Fistulariidae,Fistularia,Fistularia,genus
286916357,5/31/2025,2025-05-31T09:56:00-06:00,King Angelfish,56797,"[-85.9626765465, 10.8533998942]","Islas Murciélago, Costa Rica","10.8533998942,-85.9626765465",research,d_gonzalez,Animalia,Chordata,Teleostei,Acanthuriformes,Pomacanthidae,Holacanthus,Holacanthus passer,species
286916355,5/31/2025,2025-05-31T09:56:00-06:00,Blue-barred Parrotfish,84175,"[-85.9626765465, 10.8533998942]","Islas Murciélago, Costa Rica","10.8533998942,-85.9626765465",needs_id,d_gonzalez,Animalia,Chordata,Teleostei,Eupercaria incertae sedis,Scaridae,Scarus,Scarus ghobban,species
286916353,5/31/2025,2025-05-31T09:55:00-06:00,Spotted Sharpnose Puffer,96714,"[-85.9626765465, 10.8533998942]","Islas Murciélago, Costa Rica","10.8533998942,-85.9626765465",research,d_gonzalez,Animalia,Chordata,Teleostei,Tetraodontiformes,Tetraodontidae,Canthigaster,Canthigaster punctatissima,species
286916351,5/31/2025,2025-05-31T09:52:00-06:00,Periglypta multicostata,328442,"[-85.9626765465, 10.8533998942]","Islas Murciélago, Costa Rica","10.8533998942,-85.9626765465",research,d_gonzalez,Animalia,Mollusca,Bivalvia,Venerida,Veneridae,Periglypta,Periglypta multicostata,species
286916350,5/31/2025,2025-05-31T09:52:00-06:00,Pacific Graysby,97000,"[-85.9626765465, 10.8533998942]","Islas Murciélago, Costa Rica","10.8533998942,-85.9626765465",needs_id,d_gonzalez,Animalia,Chordata,Teleostei,Perciformes,Epinephelidae,Cephalopholis,Cephalopholis panamensis,species
286916347,5/31/2025,2025-05-31T09:50:00-06:00,Leptogorgia alba,195546,"[-85.9626765465, 10.8533998942]","Islas Murciélago, Costa Rica","10.8533998942,-85.9626765465",needs_id,d_gonzalez,Animalia,Cnidaria,Octocorallia,Malacalcyonacea,Gorgoniidae,Leptogorgia,Leptogorgia alba,species
286916345,5/31/2025,2025-05-31T09:50:00-06:00,Longnose Hawkfish,121197,"[-85.9626765465, 10.8533998942]","Islas Murciélago, Costa Rica","10.8533998942,-85.9626765465",research,d_gonzalez,Animalia,Chordata,Teleostei,Centrarchiformes,Cirrhitidae,Oxycirrhites,Oxycirrhites typus,species
286916344,5/31/2025,2025-05-31T09:46:00-06:00,Jewel Moray,85111,"[-85.9626765465, 10.8533998942]","Islas Murciélago, Costa Rica","10.8533998942,-85.9626765465",research,d_gonzalez,Animalia,Chordata,Teleostei,Anguilliformes,Muraenidae,Muraena,Muraena lentiginosa,species
286916341,5/31/2025,2025-05-31T09:46:00-06:00,Leptogorgia alba,195546,"[-85.9626765465, 10.8533998942]","Islas Murciélago, Costa Rica","10.8533998942,-85.9626765465",needs_id,d_gonzalez,Animalia,Cnidaria,Octocorallia,Malacalcyonacea,Gorgoniidae,Leptogorgia,Leptogorgia alba,species
286916340,5/31/2025,2025-05-31T09:45:00-06:00,Leptogorgia,195584,"[-85.9626765465, 10.8533998942]","Islas Murciélago, Costa Rica","10.8533998942,-85.9626765465",needs_id,d_gonzalez,Animalia,Cnidaria,Octocorallia,Malacalcyonacea,Gorgoniidae,Leptogorgia,Leptogorgia,genus
286916339,5/31/2025,2025-05-31T09:43:00-06:00,King Angelfish,56797,"[-85.9626765465, 10.8533998942]","Islas Murciélago, Costa Rica","10.8533998942,-85.9626765465",research,d_gonzalez,Animalia,Chordata,Teleostei,Acanthuriformes,Pomacanthidae,Holacanthus,Holacanthus passer,species
286916338,5/31/2025,2025-05-31T09:42:00-06:00,Hourglass Moray,106237,"[-85.9626765465, 10.8533998942]","Islas Murciélago, Costa Rica","10.8533998942,-85.9626765465",research,d_gonzalez,Animalia,Chordata,Teleostei,Anguilliformes,Muraenidae,Muraena,Muraena clepsydra,species
286916336,5/31/2025,2025-05-31T09:42:00-06:00,Bluntspine Blenny,93031,"[-85.9626765465, 10.8533998942]","Islas Murciélago, Costa Rica","10.8533998942,-85.9626765465",needs_id,d_gonzalez,Animalia,Chordata,Teleostei,Blenniiformes,Chaenopsidae,Acanthemblemaria,Acanthemblemaria exilispinus,species
286916334,5/31/2025,2025-05-31T09:40:00-06:00,Cauliflower Corals,60547,"[-85.9626765465, 10.8533998942]","Islas Murciélago, Costa Rica","10.8533998942,-85.9626765465",needs_id,d_gonzalez,Animalia,Cnidaria,Hexacorallia,Scleractinia,Pocilloporidae,Pocillopora,Pocillopora,genus
286916330,5/31/2025,2025-05-31T09:37:00-06:00,Spinster Wrasse,56919,"[-85.9626765465, 10.8533998942]","Islas Murciélago, Costa Rica","10.8533998942,-85.9626765465",needs_id,d_gonzalez,Animalia,Chordata,Teleostei,Eupercaria incertae sedis,Labridae,Halichoeres,Halichoeres nicholsi,species
286916329,5/31/2025,2025-05-31T09:35:00-06:00,King Angelfish,56797,"[-85.9626765465, 10.8533998942]","Islas Murciélago, Costa Rica","10.8533998942,-85.9626765465",research,d_gonzalez,Animalia,Chordata,Teleostei,Acanthuriformes,Pomacanthidae,Holacanthus,Holacanthus passer,species
286916326,5/31/2025,2025-05-31T09:33:00-06:00,Cauliflower Corals,60547,"[-85.9626765465, 10.8533998942]","Islas Murciélago, Costa Rica","10.8533998942,-85.9626765465",needs_id,d_gonzalez,Animalia,Cnidaria,Hexacorallia,Scleractinia,Pocilloporidae,Pocillopora,Pocillopora,genus
286916324,5/31/2025,2025-05-31T09:33:00-06:00,Microspathodon,49754,"[-85.9626765465, 10.8533998942]","Islas Murciélago, Costa Rica","10.8533998942,-85.9626765465",needs_id,d_gonzalez,Animalia,Chordata,Teleostei,Ovalentaria incertae sedis,Pomacentridae,Microspathodon,Microspathodon,genus
286916323,5/31/2025,2025-05-31T08:36:00-06:00,Gafftopsail Pompano,85122,"[-85.9626765465, 10.8533998942]","Islas Murciélago, Costa Rica","10.8533998942,-85.9626765465",needs_id,d_gonzalez,Animalia,Chordata,Teleostei,Carangiformes,Carangidae,Trachinotus,Trachinotus rhodopus,species
286916321,5/31/2025,2025-05-31T08:29:00-06:00,Rose Flower Urchin,195811,"[-85.9626765465, 10.8533998942]","Islas Murciélago, Costa Rica","10.8533998942,-85.9626765465",research,d_gonzalez,Animalia,Echinodermata,Echinoidea,Camarodonta,Toxopneustidae,Toxopneustes,Toxopneustes roseus,species
286916320,5/31/2025,2025-05-31T08:25:00-06:00,Bluefin Trevally,123690,"[-85.9626765465, 10.8533998942]","Islas Murciélago, Costa Rica","10.8533998942,-85.9626765465",research,d_gonzalez,Animalia,Chordata,Teleostei,Carangiformes,Carangidae,Caranx,Caranx melampygus,species
286916318,5/31/2025,2025-05-31T08:23:00-06:00,Hexaplex,244554,"[-85.9626765465, 10.8533998942]","Islas Murciélago, Costa Rica","10.8533998942,-85.9626765465",needs_id,d_gonzalez,Animalia,Mollusca,Gastropoda,Neogastropoda,Muricidae,Hexaplex,Hexaplex,genus
286916317,5/31/2025,2025-05-31T08:22:00-06:00,Spinster Wrasse,56919,"[-85.9626765465, 10.8533998942]","Islas Murciélago, Costa Rica","10.8533998942,-85.9626765465",needs_id,d_gonzalez,Animalia,Chordata,Teleostei,Eupercaria incertae sedis,Labridae,Halichoeres,Halichoeres nicholsi,species
286916316,5/31/2025,2025-05-31T08:20:00-06:00,Ashy Pink Sea Cucumber,195764,"[-85.9626765465, 10.8533998942]","Islas Murciélago, Costa Rica","10.8533998942,-85.9626765465",needs_id,d_gonzalez,Animalia,Echinodermata,Holothuroidea,Holothuriida,Holothuriidae,Holothuria,Holothuria fuscocinerea,species
286916315,5/31/2025,2025-05-31T08:19:00-06:00,Rose Flower Urchin,195811,"[-85.9626765465, 10.8533998942]","Islas Murciélago, Costa Rica","10.8533998942,-85.9626765465",research,d_gonzalez,Animalia,Echinodermata,Echinoidea,Camarodonta,Toxopneustidae,Toxopneustes,Toxopneustes roseus,species
286916314,5/31/2025,2025-05-31T08:17:00-06:00,Starry Grouper,67529,"[-85.9626765465, 10.8533998942]","Islas Murciélago, Costa Rica","10.8533998942,-85.9626765465",needs_id,d_gonzalez,Animalia,Chordata,Teleostei,Perciformes,Epinephelidae,Epinephelus,Epinephelus labriformis,species
286916313,5/31/2025,2025-05-31T08:15:00-06:00,Leptogorgia alba,195546,"[-85.9626765465, 10.8533998942]","Islas Murciélago, Costa Rica","10.8533998942,-85.9626765465",needs_id,d_gonzalez,Animalia,Cnidaria,Octocorallia,Malacalcyonacea,Gorgoniidae,Leptogorgia,Leptogorgia alba,species
286916312,5/31/2025,2025-05-31T08:13:00-06:00,Leptogorgia alba,195546,"[-85.9626765465, 10.8533998942]","Islas Murciélago, Costa Rica","10.8533998942,-85.9626765465",needs_id,d_gonzalez,Animalia,Cnidaria,Octocorallia,Malacalcyonacea,Gorgoniidae,Leptogorgia,Leptogorgia alba,species
286916310,5/31/2025,2025-05-31T08:15:00-06:00,Longnose Hawkfish,121197,"[-85.9626765465, 10.8533998942]","Islas Murciélago, Costa Rica","10.8533998942,-85.9626765465",research,d_gonzalez,Animalia,Chordata,Teleostei,Centrarchiformes,Cirrhitidae,Oxycirrhites,Oxycirrhites typus,species
286916307,5/31/2025,2025-05-31T08:13:00-06:00,Pacific Graysby,97000,"[-85.9626765465, 10.8533998942]","Islas Murciélago, Costa Rica","10.8533998942,-85.9626765465",needs_id,d_gonzalez,Animalia,Chordata,Teleostei,Perciformes,Epinephelidae,Cephalopholis,Cephalopholis panamensis,species
286916305,5/31/2025,2025-05-31T08:09:00-06:00,Hourglass Moray,106237,"[-85.9626765465, 10.8533998942]","Islas Murciélago, Costa Rica","10.8533998942,-85.9626765465",research,d_gonzalez,Animalia,Chordata,Teleostei,Anguilliformes,Muraenidae,Muraena,Muraena clepsydra,species
286916301,5/31/2025,2025-05-31T08:09:00-06:00,King Angelfish,56797,"[-85.9626765465, 10.8533998942]","Islas Murciélago, Costa Rica","10.8533998942,-85.9626765465",research,d_gonzalez,Animalia,Chordata,Teleostei,Acanthuriformes,Pomacanthidae,Holacanthus,Holacanthus passer,species
286916300,5/31/2025,2025-05-31T08:08:00-06:00,Bluntspine Blenny,93031,"[-85.9626765465, 10.8533998942]","Islas Murciélago, Costa Rica","10.8533998942,-85.9626765465",research,d_gonzalez,Animalia,Chordata,Teleostei,Blenniiformes,Chaenopsidae,Acanthemblemaria,Acanthemblemaria exilispinus,species
286916298,5/31/2025,2025-05-31T08:07:00-06:00,Hourglass Moray,106237,"[-85.9626765465, 10.8533998942]","Islas Murciélago, Costa Rica","10.8533998942,-85.9626765465",research,d_gonzalez,Animalia,Chordata,Teleostei,Anguilliformes,Muraenidae,Muraena,Muraena clepsydra,species
286916296,5/31/2025,2025-05-31T08:06:00-06:00,Starry Grouper,67529,"[-85.9626765465, 10.8533998942]","Islas Murciélago, Costa Rica","10.8533998942,-85.9626765465",research,d_gonzalez,Animalia,Chordata,Teleostei,Perciformes,Epinephelidae,Epinephelus,Epinephelus labriformis,species
286916295,5/31/2025,2025-05-31T08:07:00-06:00,Heart Urchins,152898,"[-85.9626765465, 10.8533998942]","Islas Murciélago, Costa Rica","10.8533998942,-85.9626765465",needs_id,d_gonzalez,Animalia,Echinodermata,Echinoidea,Spatangoida,,,Spatangoida,order
286916293,5/31/2025,2025-05-31T08:06:00-06:00,Mexican Hogfish,57333,"[-85.9626765465, 10.8533998942]","Islas Murciélago, Costa Rica","10.8533998942,-85.9626765465",research,d_gonzalez,Animalia,Chordata,Teleostei,Eupercaria incertae sedis,Labridae,Bodianus,Bodianus diplotaenia,species
286916291,5/31/2025,2025-05-31T08:05:00-06:00,King Angelfish,56797,"[-85.9626765465, 10.8533998942]","Islas Murciélago, Costa Rica","10.8533998942,-85.9626765465",research,d_gonzalez,Animalia,Chordata,Teleostei,Acanthuriformes,Pomacanthidae,Holacanthus,Holacanthus passer,species
286916289,5/31/2025,2025-05-31T08:05:00-06:00,Spinster Wrasse,56919,"[-85.9626765465, 10.8533998942]","Islas Murciélago, Costa Rica","10.8533998942,-85.9626765465",research,d_gonzalez,Animalia,Chordata,Teleostei,Eupercaria incertae sedis,Labridae,Halichoeres,Halichoeres nicholsi,species
286916287,5/31/2025,2025-05-31T08:03:00-06:00,Rose Flower Urchin,195811,"[-85.9626765465, 10.8533998942]","Islas Murciélago, Costa Rica","10.8533998942,-85.9626765465",research,d_gonzalez,Animalia,Echinodermata,Echinoidea,Camarodonta,Toxopneustidae,Toxopneustes,Toxopneustes roseus,species
282465382,5/4/2025,2025-05-04T11:14:00-06:00,Orangespotted Filefish,49275,"[-82.6944956837, 9.6428193444]","Limón Province, Punta Uva, Costa Rica","9.6428193444,-82.6944956837",research,d_gonzalez,Animalia,Chordata,Teleostei,Tetraodontiformes,Monacanthidae,Cantherhines,Cantherhines pullus,species
282465381,5/4/2025,2025-05-04T11:14:00-06:00,Yellowtail Parrotfish,112864,"[-82.6944956837, 9.6428193444]","Limón Province, Punta Uva, Costa Rica","9.6428193444,-82.6944956837",needs_id,d_gonzalez,Animalia,Chordata,Teleostei,Eupercaria incertae sedis,Scaridae,Sparisoma,Sparisoma rubripinne,species
282465377,5/4/2025,2025-05-04T11:13:00-06:00,Haemulon,49264,"[-82.6944956837, 9.6428193444]","Limón Province, Punta Uva, Costa Rica","9.6428193444,-82.6944956837",needs_id,d_gonzalez,Animalia,Chordata,Teleostei,Eupercaria incertae sedis,Haemulidae,Haemulon,Haemulon,genus
282465376,5/4/2025,2025-05-04T11:10:00-06:00,Haemulon,49264,"[-82.6944956837, 9.6428193444]","Limón Province, Punta Uva, Costa Rica","9.6428193444,-82.6944956837",needs_id,d_gonzalez,Animalia,Chordata,Teleostei,Eupercaria incertae sedis,Haemulidae,Haemulon,Haemulon,genus
282465375,5/4/2025,2025-05-04T11:07:00-06:00,Reef Urchin,128200,"[-82.6944956837, 9.6428193444]","Limón Province, Punta Uva, Costa Rica","9.6428193444,-82.6944956837",needs_id,d_gonzalez,Animalia,Echinodermata,Echinoidea,Camarodonta,Echinometridae,Echinometra,Echinometra viridis,species
282465372,5/4/2025,2025-05-04T11:03:00-06:00,Caribbean Spiny Lobster,47299,"[-82.6944956837, 9.6428193444]","Limón Province, Punta Uva, Costa Rica","9.6428193444,-82.6944956837",needs_id,d_gonzalez,Animalia,Arthropoda,Malacostraca,Decapoda,Palinuridae,Panulirus,Panulirus argus,species
282465371,5/4/2025,2025-05-04T10:53:00-06:00,Branching Anemone,764666,"[-82.6944956837, 9.6428193444]","Limón Province, Punta Uva, Costa Rica","9.6428193444,-82.6944956837",needs_id,d_gonzalez,Animalia,Cnidaria,Hexacorallia,Actiniaria,Aliciidae,Lebrunia,Lebrunia neglecta,species
282465370,5/4/2025,2025-05-04T10:50:00-06:00,Orangespotted Filefish,49275,"[-82.6944956837, 9.6428193444]","Limón Province, Punta Uva, Costa Rica","9.6428193444,-82.6944956837",research,d_gonzalez,Animalia,Chordata,Teleostei,Tetraodontiformes,Monacanthidae,Cantherhines,Cantherhines pullus,species
282465369,5/4/2025,2025-05-04T10:49:00-06:00,Yellowtail Parrotfish,112864,"[-82.6944956837, 9.6428193444]","Limón Province, Punta Uva, Costa Rica","9.6428193444,-82.6944956837",needs_id,d_gonzalez,Animalia,Chordata,Teleostei,Eupercaria incertae sedis,Scaridae,Sparisoma,Sparisoma rubripinne,species
282465366,5/4/2025,2025-05-04T10:43:00-06:00,Branching Anemone,764666,"[-82.6944956837, 9.6428193444]","Limón Province, Punta Uva, Costa Rica","9.6428193444,-82.6944956837",research,d_gonzalez,Animalia,Cnidaria,Hexacorallia,Actiniaria,Aliciidae,Lebrunia,Lebrunia neglecta,species
282465365,5/4/2025,2025-05-04T10:41:00-06:00,Goldentail Moray,49256,"[-82.6944956837, 9.6428193444]","Limón Province, Punta Uva, Costa Rica","9.6428193444,-82.6944956837",research,d_gonzalez,Animalia,Chordata,Teleostei,Anguilliformes,Muraenidae,Gymnothorax,Gymnothorax miliaris,species
282465364,5/4/2025,2025-05-04T10:37:00-06:00,Yellowtail Damselfish,49753,"[-82.6944956837, 9.6428193444]","Limón Province, Punta Uva, Costa Rica","9.6428193444,-82.6944956837",research,d_gonzalez,Animalia,Chordata,Teleostei,Ovalentaria incertae sedis,Pomacentridae,Microspathodon,Microspathodon chrysurus,species
282465363,5/4/2025,2025-05-04T10:37:00-06:00,Fire Corals,89967,"[-82.6944956837, 9.6428193444]","Limón Province, Punta Uva, Costa Rica","9.6428193444,-82.6944956837",needs_id,d_gonzalez,Animalia,Cnidaria,Hydrozoa,Anthoathecata,Milleporidae,Millepora,Millepora,genus
282465360,5/4/2025,2025-05-04T10:33:00-06:00,Doctorfish,121195,"[-82.6944956837, 9.6428193444]","Limón Province, Punta Uva, Costa Rica","9.6428193444,-82.6944956837",research,d_gonzalez,Animalia,Chordata,Teleostei,Acanthuriformes,Acanthuridae,Acanthurus,Acanthurus chirurgus,species
282465359,5/4/2025,2025-05-04T10:33:00-06:00,Caribbean Bluehead Wrasse,49491,"[-82.6944956837, 9.6428193444]","Limón Province, Punta Uva, Costa Rica","9.6428193444,-82.6944956837",research,d_gonzalez,Animalia,Chordata,Teleostei,Eupercaria incertae sedis,Labridae,Thalassoma,Thalassoma bifasciatum,species
282465358,5/4/2025,2025-05-04T10:33:00-06:00,Orangespotted Filefish,49275,"[-82.6944956837, 9.6428193444]","Limón Province, Punta Uva, Costa Rica","9.6428193444,-82.6944956837",research,d_gonzalez,Animalia,Chordata,Teleostei,Tetraodontiformes,Monacanthidae,Cantherhines,Cantherhines pullus,species
282465355,5/4/2025,2025-05-04T10:32:00-06:00,Ridged Cactus Coral,106302,"[-82.6944956837, 9.6428193444]","Limón Province, Punta Uva, Costa Rica","9.6428193444,-82.6944956837",needs_id,d_gonzalez,Animalia,Cnidaria,Hexacorallia,Scleractinia,Faviidae,Mycetophyllia,Mycetophyllia lamarckiana,species
282465352,5/4/2025,2025-05-04T10:32:00-06:00,Caribbean Sea Mat,324157,"[-82.6944956837, 9.6428193444]","Limón Province, Punta Uva, Costa Rica","9.6428193444,-82.6944956837",needs_id,d_gonzalez,Animalia,Cnidaria,Hexacorallia,Zoantharia,Sphenopidae,Palythoa,Palythoa caribaeorum,species
282465351,5/4/2025,2025-05-04T10:24:00-06:00,Rose Lace Coral,131856,"[-82.6944956837, 9.6428193444]","Limón Province, Punta Uva, Costa Rica","9.6428193444,-82.6944956837",needs_id,d_gonzalez,Animalia,Cnidaria,Hydrozoa,Anthoathecata,Stylasteridae,Stylaster,Stylaster roseus,species
282465350,5/4/2025,2025-05-04T10:24:00-06:00,Stony Corals,47532,"[-82.6944956837, 9.6428193444]","Limón Province, Punta Uva, Costa Rica","9.6428193444,-82.6944956837",needs_id,d_gonzalez,Animalia,Cnidaria,Hexacorallia,Scleractinia,,,Scleractinia,order
282465346,5/4/2025,2025-05-04T10:23:00-06:00,Mountainous Star Coral,503516,"[-82.7631759401, 9.7941421342]",,"9.7941421342,-82.7631759401",needs_id,d_gonzalez,Animalia,Cnidaria,Hexacorallia,Scleractinia,Merulinidae,Orbicella,Orbicella faveolata,species
282465345,5/4/2025,2025-05-04T10:22:00-06:00,Rose Lace Coral,131856,"[-82.6944956837, 9.6428193444]","Limón Province, Punta Uva, Costa Rica","9.6428193444,-82.6944956837",needs_id,d_gonzalez,Animalia,Cnidaria,Hydrozoa,Anthoathecata,Stylasteridae,Stylaster,Stylaster roseus,species
282465344,5/4/2025,2025-05-04T10:20:00-06:00,Purple Sea Fan,120130,"[-82.6944956837, 9.6428193444]","Limón Province, Punta Uva, Costa Rica","9.6428193444,-82.6944956837",research,d_gonzalez,Animalia,Cnidaria,Octocorallia,Malacalcyonacea,Gorgoniidae,Gorgonia,Gorgonia ventalina,species
282465336,5/4/2025,2025-05-04T10:15:00-06:00,Mat Zoanthid,132482,"[-82.6944956837, 9.6428193444]","Limón Province, Punta Uva, Costa Rica","9.6428193444,-82.6944956837",needs_id,d_gonzalez,Animalia,Cnidaria,Hexacorallia,Zoantharia,Zoanthidae,Zoanthus,Zoanthus pulchellus,species
282465335,5/4/2025,2025-05-04T10:12:00-06:00,Atlantic Rock-boring Urchin,194691,"[-82.6944956837, 9.6428193444]","Limón Province, Punta Uva, Costa Rica","9.6428193444,-82.6944956837",needs_id,d_gonzalez,Animalia,Echinodermata,Echinoidea,Camarodonta,Echinometridae,Echinometra,Echinometra lucunter,species
282465334,5/4/2025,2025-05-04T10:11:00-06:00,Golf Ball Coral,503811,"[-82.6944956837, 9.6428193444]","Limón Province, Punta Uva, Costa Rica","9.6428193444,-82.6944956837",research,d_gonzalez,Animalia,Cnidaria,Hexacorallia,Scleractinia,Faviidae,Favia,Favia fragum,species
282465330,5/4/2025,2025-05-04T10:10:00-06:00,Caribbean Sea Mat,324157,"[-82.6944956837, 9.6428193444]","Limón Province, Punta Uva, Costa Rica","9.6428193444,-82.6944956837",needs_id,d_gonzalez,Animalia,Cnidaria,Hexacorallia,Zoantharia,Sphenopidae,Palythoa,Palythoa caribaeorum,species
282465326,5/4/2025,2025-05-04T10:09:00-06:00,Lettuce Sea Slug,119875,"[-82.6944956837, 9.6428193444]","Limón Province, Punta Uva, Costa Rica","9.6428193444,-82.6944956837",research,d_gonzalez,Animalia,Mollusca,Gastropoda,,Plakobranchidae,Elysia,Elysia crispata,species
282465325,5/4/2025,2025-05-04T10:08:00-06:00,Brittle Stars,48836,"[-82.6944956837, 9.6428193444]","Limón Province, Punta Uva, Costa Rica","9.6428193444,-82.6944956837",needs_id,d_gonzalez,Animalia,Echinodermata,Ophiuroidea,,,,Ophiuroidea,class
282465321,5/4/2025,2025-05-04T10:07:00-06:00,Slate Pencil Urchin,47836,"[-82.6944956837, 9.6428193444]","Limón Province, Punta Uva, Costa Rica","9.6428193444,-82.6944956837",needs_id,d_gonzalez,Animalia,Echinodermata,Echinoidea,Cidaroida,Cidaridae,Eucidaris,Eucidaris tribuloides,species
282465318,5/4/2025,2025-05-04T10:02:00-06:00,Agaricia,86272,"[-82.6944956837, 9.6428193444]","Limón Province, Punta Uva, Costa Rica","9.6428193444,-82.6944956837",needs_id,d_gonzalez,Animalia,Cnidaria,Hexacorallia,Scleractinia,Agariciidae,Agaricia,Agaricia,genus
282465316,5/4/2025,2025-05-04T10:00:00-06:00,Pennaria,191218,"[-82.6944956837, 9.6428193444]","Limón Province, Punta Uva, Costa Rica","9.6428193444,-82.6944956837",needs_id,d_gonzalez,Animalia,Cnidaria,Hydrozoa,Anthoathecata,Pennariidae,Pennaria,Pennaria,genus
282465315,5/4/2025,2025-05-04T09:59:00-06:00,Acanthurus,55382,"[-82.6944956837, 9.6428193444]","Limón Province, Punta Uva, Costa Rica","9.6428193444,-82.6944956837",needs_id,d_gonzalez,Animalia,Chordata,Teleostei,Acanthuriformes,Acanthuridae,Acanthurus,Acanthurus,genus
282465312,5/4/2025,2025-05-04T09:59:00-06:00,Atlantic Blue Tang,121196,"[-82.6944956837, 9.6428193444]","Limón Province, Punta Uva, Costa Rica","9.6428193444,-82.6944956837",research,d_gonzalez,Animalia,Chordata,Teleostei,Acanthuriformes,Acanthuridae,Acanthurus,Acanthurus coeruleus,species
282465307,5/4/2025,2025-05-04T09:59:00-06:00,Graysby,96991,"[-82.6944956837, 9.6428193444]","Limón Province, Punta Uva, Costa Rica","9.6428193444,-82.6944956837",needs_id,d_gonzalez,Animalia,Chordata,Teleostei,Perciformes,Epinephelidae,Cephalopholis,Cephalopholis cruentata,species
282465306,5/4/2025,2025-05-04T09:58:00-06:00,Plexaurid Sea Fans,85999,"[-82.6944956837, 9.6428193444]","Limón Province, Punta Uva, Costa Rica","9.6428193444,-82.6944956837",needs_id,d_gonzalez,Animalia,Cnidaria,Octocorallia,Malacalcyonacea,Plexauridae,,Plexauridae,family
282465305,5/4/2025,2025-05-04T09:59:00-06:00,Caribbean Sea Mat,324157,"[-82.6944956837, 9.6428193444]","Limón Province, Punta Uva, Costa Rica","9.6428193444,-82.6944956837",needs_id,d_gonzalez,Animalia,Cnidaria,Hexacorallia,Zoantharia,Sphenopidae,Palythoa,Palythoa caribaeorum,species
282465297,5/4/2025,2025-05-04T09:52:00-06:00,Stony Corals,47532,"[-82.6944956837, 9.6428193444]","Limón Province, Punta Uva, Costa Rica","9.6428193444,-82.6944956837",needs_id,d_gonzalez,Animalia,Cnidaria,Hexacorallia,Scleractinia,,,Scleractinia,order
282465296,5/4/2025,2025-05-04T09:49:00-06:00,Plexaurid Sea Fans,85999,"[-82.6944956837, 9.6428193444]","Limón Province, Punta Uva, Costa Rica","9.6428193444,-82.6944956837",needs_id,d_gonzalez,Animalia,Cnidaria,Octocorallia,Malacalcyonacea,Plexauridae,,Plexauridae,family
282465295,5/4/2025,2025-05-04T09:48:00-06:00,Slate Pencil Urchin,47836,"[-82.6944956837, 9.6428193444]","Limón Province, Punta Uva, Costa Rica","9.6428193444,-82.6944956837",needs_id,d_gonzalez,Animalia,Echinodermata,Echinoidea,Cidaroida,Cidaridae,Eucidaris,Eucidaris tribuloides,species
282465294,5/4/2025,2025-05-04T09:44:00-06:00,Lettuce Sea Slug,119875,"[-82.6944956837, 9.6428193444]","Limón Province, Punta Uva, Costa Rica","9.6428193444,-82.6944956837",research,d_gonzalez,Animalia,Mollusca,Gastropoda,,Plakobranchidae,Elysia,Elysia crispata,species
282465293,5/4/2025,2025-05-04T09:46:00-06:00,Bearded Fireworm,49520,"[-82.6944956837, 9.6428193444]","Limón Province, Punta Uva, Costa Rica","9.6428193444,-82.6944956837",research,d_gonzalez,Animalia,Annelida,Polychaeta,Amphinomida,Amphinomidae,Hermodice,Hermodice carunculata,species
282465292,5/4/2025,2025-05-04T09:40:00-06:00,Labrisomus,89289,"[-82.6944956837, 9.6428193444]","Limón Province, Punta Uva, Costa Rica","9.6428193444,-82.6944956837",needs_id,d_gonzalez,Animalia,Chordata,Teleostei,Blenniiformes,Labrisomidae,Labrisomus,Labrisomus,genus
282465289,5/4/2025,2025-05-04T09:39:00-06:00,Atlantic Rock-boring Urchin,194691,"[-82.6944956837, 9.6428193444]","Limón Province, Punta Uva, Costa Rica","9.6428193444,-82.6944956837",needs_id,d_gonzalez,Animalia,Echinodermata,Echinoidea,Camarodonta,Echinometridae,Echinometra,Echinometra lucunter,species
282465288,5/4/2025,2025-05-04T09:36:00-06:00,Slate Pencil Urchin,47836,"[-82.6944956837, 9.6428193444]","Limón Province, Punta Uva, Costa Rica","9.6428193444,-82.6944956837",needs_id,d_gonzalez,Animalia,Echinodermata,Echinoidea,Cidaroida,Cidaridae,Eucidaris,Eucidaris tribuloides,species
282465287,5/4/2025,2025-05-04T10:24:00-06:00,Mustard Hill Coral,110084,"[-82.6944956837, 9.6428193444]","Limón Province, Punta Uva, Costa Rica","9.6428193444,-82.6944956837",needs_id,d_gonzalez,Animalia,Cnidaria,Hexacorallia,Scleractinia,Poritidae,Porites,Porites astreoides,species
282465283,5/4/2025,2025-05-04T11:12:00-06:00,Knobby Brain Coral,504640,"[-82.6944956837, 9.6428193444]","Limón Province, Punta Uva, Costa Rica","9.6428193444,-82.6944956837",needs_id,d_gonzalez,Animalia,Cnidaria,Hexacorallia,Scleractinia,Faviidae,Pseudodiploria,Pseudodiploria clivosa,species
282465277,5/4/2025,2025-05-04T09:34:00-06:00,Pore Corals,47530,"[-82.6944956837, 9.6428193444]","Limón Province, Punta Uva, Costa Rica","9.6428193444,-82.6944956837",needs_id,d_gonzalez,Animalia,Cnidaria,Hexacorallia,Scleractinia,Poritidae,Porites,Porites,genus
282465276,5/4/2025,2025-05-04T09:33:00-06:00,Massive Starlet Coral,112557,"[-82.6944956837, 9.6428193444]","Limón Province, Punta Uva, Costa Rica","9.6428193444,-82.6944956837",needs_id,d_gonzalez,Animalia,Cnidaria,Hexacorallia,Scleractinia,Rhizangiidae,Siderastrea,Siderastrea siderea,species
282465275,5/4/2025,2025-05-04T10:10:00-06:00,Stony Corals,47532,"[-82.6944956837, 9.6428193444]","Limón Province, Punta Uva, Costa Rica","9.6428193444,-82.6944956837",needs_id,d_gonzalez,Animalia,Cnidaria,Hexacorallia,Scleractinia,,,Scleractinia,order
282465269,5/4/2025,2025-05-04T09:30:00-06:00,Stony Corals,47532,"[-82.6944956837, 9.6428193444]","Limón Province, Punta Uva, Costa Rica","9.6428193444,-82.6944956837",needs_id,d_gonzalez,Animalia,Cnidaria,Hexacorallia,Scleractinia,,,Scleractinia,order
282465263,5/4/2025,2025-05-04T09:39:00-06:00,Knobby Brain Coral,504640,"[-82.6944956837, 9.6428193444]","Limón Province, Punta Uva, Costa Rica","9.6428193444,-82.6944956837",needs_id,d_gonzalez,Animalia,Cnidaria,Hexacorallia,Scleractinia,Faviidae,Pseudodiploria,Pseudodiploria clivosa,species
282465262,5/4/2025,2025-05-04T09:29:00-06:00,"Pike-Blennies, Tube-Blennies, and Flagblennies",85674,"[-82.6944956837, 9.6428193444]","Limón Province, Punta Uva, Costa Rica","9.6428193444,-82.6944956837",needs_id,d_gonzalez,Animalia,Chordata,Teleostei,Blenniiformes,Chaenopsidae,,Chaenopsidae,family
282465261,5/4/2025,2025-05-04T09:33:00-06:00,Boulder Brain Coral,98317,"[-82.6944956837, 9.6428193444]","Limón Province, Punta Uva, Costa Rica","9.6428193444,-82.6944956837",needs_id,d_gonzalez,Animalia,Cnidaria,Hexacorallia,Scleractinia,Faviidae,Colpophyllia,Colpophyllia natans,species
282465255,5/4/2025,2025-05-04T09:29:00-06:00,Knobby Brain Coral,504640,"[-82.6944956837, 9.6428193444]","Limón Province, Punta Uva, Costa Rica","9.6428193444,-82.6944956837",needs_id,d_gonzalez,Animalia,Cnidaria,Hexacorallia,Scleractinia,Faviidae,Pseudodiploria,Pseudodiploria clivosa,species
282465249,5/4/2025,2025-05-04T09:56:00-06:00,Knobby Brain Coral,504640,"[-82.6944956837, 9.6428193444]","Limón Province, Punta Uva, Costa Rica","9.6428193444,-82.6944956837",needs_id,d_gonzalez,Animalia,Cnidaria,Hexacorallia,Scleractinia,Faviidae,Pseudodiploria,Pseudodiploria clivosa,species
282465248,5/3/2025,2025-05-03T13:21:00-06:00,Haemulon,49264,"[-82.8245257863, 9.7456766122]","Limón Province, Cahuita, Costa Rica","9.7456766122,-82.8245257863",needs_id,d_gonzalez,Animalia,Chordata,Teleostei,Eupercaria incertae sedis,Haemulidae,Haemulon,Haemulon,genus
282465247,5/3/2025,2025-05-03T13:18:00-06:00,Malacostracans,47187,"[-82.8245257863, 9.7456766122]","Limón Province, Cahuita, Costa Rica","9.7456766122,-82.8245257863",needs_id,d_gonzalez,Animalia,Arthropoda,Malacostraca,,,,Malacostraca,class
282465243,5/3/2025,2025-05-03T13:18:00-06:00,Lesser Starlet Coral,112555,"[-82.8245257863, 9.7456766122]","Limón Province, Cahuita, Costa Rica","9.7456766122,-82.8245257863",needs_id,d_gonzalez,Animalia,Cnidaria,Hexacorallia,Scleractinia,Rhizangiidae,Siderastrea,Siderastrea radians,species
282465241,5/3/2025,2025-05-03T13:14:00-06:00,Atlantic Long-spined Sea Urchin,52290,"[-82.8245257863, 9.7456766122]","Limón Province, Cahuita, Costa Rica","9.7456766122,-82.8245257863",needs_id,d_gonzalez,Animalia,Echinodermata,Echinoidea,Diadematoida,Diadematidae,Diadema,Diadema antillarum,species
282465238,5/3/2025,2025-05-03T13:17:00-06:00,Common Lionfish,47280,"[-82.8245257863, 9.7456766122]","Limón Province, Cahuita, Costa Rica","9.7456766122,-82.8245257863",research,d_gonzalez,Animalia,Chordata,Teleostei,Perciformes,Scorpaenidae,Pterois,Pterois volitans,species
281375281,4/30/2025,2025-04-30T19:54:00-05:00,Yellowbanded Coral Shrimp,295428,"[-82.2408032, 9.3407804]","Bocas del Toro, Bocas del Toro Province, Panama","9.3407804,-82.2408032",research,d_gonzalez,Animalia,Arthropoda,Malacostraca,Decapoda,Stenopodidae,Stenopus,Stenopus scutellatus,species
281375280,4/30/2025,2025-04-30T19:54:00-05:00,Spotted Moray,128105,"[-82.2408032, 9.3407804]","Bocas del Toro, Bocas del Toro Province, Panama","9.3407804,-82.2408032",research,d_gonzalez,Animalia,Chordata,Teleostei,Anguilliformes,Muraenidae,Gymnothorax,Gymnothorax moringa,species
281375277,4/30/2025,2025-04-30T19:52:00-05:00,Calamus,49239,"[-82.2408032, 9.3407804]","Bocas del Toro, Bocas del Toro Province, Panama","9.3407804,-82.2408032",needs_id,d_gonzalez,Animalia,Chordata,Teleostei,Eupercaria incertae sedis,Sparidae,Calamus,Calamus,genus
281375275,4/30/2025,2025-04-30T19:50:00-05:00,Grooved Brain Coral,504638,"[-82.2408032, 9.3407804]","Bocas del Toro, Bocas del Toro Province, Panama","9.3407804,-82.2408032",research,d_gonzalez,Animalia,Cnidaria,Hexacorallia,Scleractinia,Faviidae,Diploria,Diploria labyrinthiformis,species
281375274,4/30/2025,2025-04-30T19:35:00-05:00,Spotted Porcupinefish,52313,"[-82.2408032, 9.3407804]","Bocas del Toro, Bocas del Toro Province, Panama","9.3407804,-82.2408032",research,d_gonzalez,Animalia,Chordata,Teleostei,Tetraodontiformes,Diodontidae,Diodon,Diodon hystrix,species
281375272,4/30/2025,2025-04-30T19:33:00-05:00,Giant Basket Star,128117,"[-82.2408032, 9.3407804]","Bocas del Toro, Bocas del Toro Province, Panama","9.3407804,-82.2408032",research,d_gonzalez,Animalia,Echinodermata,Ophiuroidea,Euryalida,Gorgonocephalidae,Astrophyton,Astrophyton muricatum,species
281375270,4/30/2025,2025-04-30T19:29:00-05:00,Spotted Drum,1316037,"[-82.2408032, 9.3407804]","Bocas del Toro, Bocas del Toro Province, Panama","9.3407804,-82.2408032",research,d_gonzalez,Animalia,Chordata,Teleostei,Eupercaria incertae sedis,Sciaenidae,Equetus,Equetus punctatus,species
281375269,4/30/2025,2025-04-30T19:27:00-05:00,Banded Coral Shrimp,121669,"[-82.2408032, 9.3407804]","Bocas del Toro, Bocas del Toro Province, Panama","9.3407804,-82.2408032",research,d_gonzalez,Animalia,Arthropoda,Malacostraca,Decapoda,Stenopodidae,Stenopus,Stenopus hispidus,species
281375267,4/30/2025,2025-04-30T19:25:00-05:00,Giant Basket Star,128117,"[-82.2408032, 9.3407804]","Bocas del Toro, Bocas del Toro Province, Panama","9.3407804,-82.2408032",research,d_gonzalez,Animalia,Echinodermata,Ophiuroidea,Euryalida,Gorgonocephalidae,Astrophyton,Astrophyton muricatum,species
281375266,4/30/2025,2025-04-30T19:25:00-05:00,Giant Basket Star,128117,"[-82.2408032, 9.3407804]","Bocas del Toro, Bocas del Toro Province, Panama","9.3407804,-82.2408032",research,d_gonzalez,Animalia,Echinodermata,Ophiuroidea,Euryalida,Gorgonocephalidae,Astrophyton,Astrophyton muricatum,species
281375265,4/30/2025,2025-04-30T19:24:00-05:00,Giant Basket Star,128117,"[-82.2408032, 9.3407804]","Bocas del Toro, Bocas del Toro Province, Panama","9.3407804,-82.2408032",research,d_gonzalez,Animalia,Echinodermata,Ophiuroidea,Euryalida,Gorgonocephalidae,Astrophyton,Astrophyton muricatum,species
281375262,4/30/2025,2025-04-30T19:23:00-05:00,Spotted Drum,1316037,"[-82.2408032, 9.3407804]","Bocas del Toro, Bocas del Toro Province, Panama","9.3407804,-82.2408032",research,d_gonzalez,Animalia,Chordata,Teleostei,Eupercaria incertae sedis,Sciaenidae,Equetus,Equetus punctatus,species
281375260,4/30/2025,2025-04-30T19:21:00-05:00,West Indian spider crab,951390,"[-82.2408032, 9.3407804]","Bocas del Toro, Bocas del Toro Province, Panama","9.3407804,-82.2408032",needs_id,d_gonzalez,Animalia,Arthropoda,Malacostraca,Decapoda,Mithracidae,Maguimithrax,Maguimithrax spinosissimus,species
281375259,4/30/2025,2025-04-30T19:21:00-05:00,Knobby Anemone,569548,"[-82.2408032, 9.3407804]","Bocas del Toro, Bocas del Toro Province, Panama","9.3407804,-82.2408032",research,d_gonzalez,Animalia,Cnidaria,Hexacorallia,Actiniaria,Aiptasiidae,Laviactis,Laviactis lucida,species
281375258,4/30/2025,2025-04-30T19:21:00-05:00,Pederson Cleaner Shrimp,495701,"[-82.2408032, 9.3407804]","Bocas del Toro, Bocas del Toro Province, Panama","9.3407804,-82.2408032",research,d_gonzalez,Animalia,Arthropoda,Malacostraca,Decapoda,Palaemonidae,Ancylomenes,Ancylomenes pedersoni,species
281375256,4/30/2025,2025-04-30T19:20:00-05:00,Knobby Anemone,569548,"[-82.2408032, 9.3407804]","Bocas del Toro, Bocas del Toro Province, Panama","9.3407804,-82.2408032",research,d_gonzalez,Animalia,Cnidaria,Hexacorallia,Actiniaria,Aiptasiidae,Laviactis,Laviactis lucida,species
281375254,4/30/2025,2025-04-30T19:20:00-05:00,Spotted Porcupinefish,52313,"[-82.2408032, 9.3407804]","Bocas del Toro, Bocas del Toro Province, Panama","9.3407804,-82.2408032",research,d_gonzalez,Animalia,Chordata,Teleostei,Tetraodontiformes,Diodontidae,Diodon,Diodon hystrix,species
281375253,4/30/2025,2025-04-30T19:19:00-05:00,Sea Anemones,47797,"[-82.2408032, 9.3407804]","Bocas del Toro, Bocas del Toro Province, Panama","9.3407804,-82.2408032",needs_id,d_gonzalez,Animalia,Cnidaria,Hexacorallia,Actiniaria,,,Actiniaria,order
281375251,4/30/2025,2025-04-30T19:14:00-05:00,Spotfin Butterflyfish,49273,"[-82.2408032, 9.3407804]","Bocas del Toro, Bocas del Toro Province, Panama","9.3407804,-82.2408032",research,d_gonzalez,Animalia,Chordata,Teleostei,Acanthuriformes,Chaetodontidae,Chaetodon,Chaetodon ocellatus,species
281375249,4/30/2025,2025-04-30T19:13:00-05:00,Mithracidae,132529,"[-82.2408032, 9.3407804]","Bocas del Toro, Bocas del Toro Province, Panama","9.3407804,-82.2408032",needs_id,d_gonzalez,Animalia,Arthropoda,Malacostraca,Decapoda,Mithracidae,,Mithracidae,family
281375247,4/30/2025,2025-04-30T19:13:00-05:00,Giant Basket Star,128117,"[-82.2408032, 9.3407804]","Bocas del Toro, Bocas del Toro Province, Panama","9.3407804,-82.2408032",research,d_gonzalez,Animalia,Echinodermata,Ophiuroidea,Euryalida,Gorgonocephalidae,Astrophyton,Astrophyton muricatum,species
281375245,4/30/2025,2025-04-30T19:12:00-05:00,Atlantic Long-spined Sea Urchin,52290,"[-82.2408032, 9.3407804]","Bocas del Toro, Bocas del Toro Province, Panama","9.3407804,-82.2408032",research,d_gonzalez,Animalia,Echinodermata,Echinoidea,Diadematoida,Diadematidae,Diadema,Diadema antillarum,species
281375244,4/30/2025,2025-04-30T12:43:00-05:00,Great Barracuda,47251,"[-82.2367872298, 9.3387546824]","Isla Carenero, Provincia de Bocas del Toro, Panama","9.3387546824,-82.2367872298",research,d_gonzalez,Animalia,Chordata,Teleostei,Carangaria incertae sedis,Sphyraenidae,Sphyraena,Sphyraena barracuda,species
281375243,4/30/2025,2025-04-30T12:42:00-05:00,Donkey Dung Sea Cucumber,82512,"[-82.2367872298, 9.3387546824]","Isla Carenero, Provincia de Bocas del Toro, Panama","9.3387546824,-82.2367872298",research,d_gonzalez,Animalia,Echinodermata,Holothuroidea,Holothuriida,Holothuriidae,Holothuria,Holothuria mexicana,species
281375240,4/30/2025,2025-04-30T12:39:00-05:00,Red Cushion Sea Star,49500,"[-82.2367872298, 9.3387546824]","Isla Carenero, Provincia de Bocas del Toro, Panama","9.3387546824,-82.2367872298",research,d_gonzalez,Animalia,Echinodermata,Asteroidea,Valvatida,Oreasteridae,Oreaster,Oreaster reticulatus,species
281375239,4/30/2025,2025-04-30T12:41:00-05:00,Red Cushion Sea Star,49500,"[-82.2367872298, 9.3387546824]","Isla Carenero, Provincia de Bocas del Toro, Panama","9.3387546824,-82.2367872298",research,d_gonzalez,Animalia,Echinodermata,Asteroidea,Valvatida,Oreasteridae,Oreaster,Oreaster reticulatus,species
281375238,4/30/2025,2025-04-30T12:38:00-05:00,Scrawled Cowfish,49925,"[-82.2367872298, 9.3387546824]","Isla Carenero, Provincia de Bocas del Toro, Panama","9.3387546824,-82.2367872298",research,d_gonzalez,Animalia,Chordata,Teleostei,Tetraodontiformes,Ostraciidae,Acanthostracion,Acanthostracion quadricornis,species
281375235,4/30/2025,2025-04-30T12:38:00-05:00,Red Cushion Sea Star,49500,"[-82.2367872298, 9.3387546824]","Isla Carenero, Provincia de Bocas del Toro, Panama","9.3387546824,-82.2367872298",research,d_gonzalez,Animalia,Echinodermata,Asteroidea,Valvatida,Oreasteridae,Oreaster,Oreaster reticulatus,species
281375234,4/30/2025,2025-04-30T12:36:00-05:00,Rough File Clam,984479,"[-82.2367872298, 9.3387546824]","Isla Carenero, Provincia de Bocas del Toro, Panama","9.3387546824,-82.2367872298",research,d_gonzalez,Animalia,Mollusca,Bivalvia,Limida,Limidae,Ctenoides,Ctenoides scaber,species
281375233,4/30/2025,2025-04-30T12:36:00-05:00,Swimming Crabs,49506,"[-82.2367872298, 9.3387546824]","Isla Carenero, Provincia de Bocas del Toro, Panama","9.3387546824,-82.2367872298",needs_id,d_gonzalez,Animalia,Arthropoda,Malacostraca,Decapoda,Portunidae,,Portunidae,family
281375230,4/30/2025,2025-04-30T12:35:00-05:00,Chocolate Chip Sea Cucumber,128128,"[-82.2367872298, 9.3387546824]","Isla Carenero, Provincia de Bocas del Toro, Panama","9.3387546824,-82.2367872298",research,d_gonzalez,Animalia,Echinodermata,Holothuroidea,Synallactida,Stichopodidae,Isostichopus,Isostichopus badionotus,species
281375229,4/30/2025,2025-04-30T12:34:00-05:00,Yellowline Arrow Crab,128121,"[-82.2367872298, 9.3387546824]","Isla Carenero, Provincia de Bocas del Toro, Panama","9.3387546824,-82.2367872298",research,d_gonzalez,Animalia,Arthropoda,Malacostraca,Decapoda,Inachoididae,Stenorhynchus,Stenorhynchus seticornis,species
281375228,4/30/2025,2025-04-30T12:34:00-05:00,Chocolate Chip Sea Cucumber,128128,"[-82.2367872298, 9.3387546824]","Isla Carenero, Provincia de Bocas del Toro, Panama","9.3387546824,-82.2367872298",research,d_gonzalez,Animalia,Echinodermata,Holothuroidea,Synallactida,Stichopodidae,Isostichopus,Isostichopus badionotus,species
281375223,4/30/2025,2025-04-30T12:34:00-05:00,Sea Cucumbers,47720,"[-82.2367872298, 9.3387546824]","Isla Carenero, Provincia de Bocas del Toro, Panama","9.3387546824,-82.2367872298",needs_id,d_gonzalez,Animalia,Echinodermata,Holothuroidea,,,,Holothuroidea,class
281375221,4/30/2025,2025-04-30T12:33:00-05:00,Red Cushion Sea Star,49500,"[-82.2367872298, 9.3387546824]","Isla Carenero, Provincia de Bocas del Toro, Panama","9.3387546824,-82.2367872298",research,d_gonzalez,Animalia,Echinodermata,Asteroidea,Valvatida,Oreasteridae,Oreaster,Oreaster reticulatus,species
281375219,4/30/2025,2025-04-30T12:32:00-05:00,Sponge Zoanthid,937290,"[-82.2367872298, 9.3387546824]","Isla Carenero, Provincia de Bocas del Toro, Panama","9.3387546824,-82.2367872298",research,d_gonzalez,Animalia,Cnidaria,Hexacorallia,Zoantharia,Parazoanthidae,Umimayanthus,Umimayanthus parasiticus,species
281375216,4/30/2025,2025-04-30T12:30:00-05:00,Red Cushion Sea Star,49500,"[-82.2367872298, 9.3387546824]","Isla Carenero, Provincia de Bocas del Toro, Panama","9.3387546824,-82.2367872298",research,d_gonzalez,Animalia,Echinodermata,Asteroidea,Valvatida,Oreasteridae,Oreaster,Oreaster reticulatus,species
281375215,4/30/2025,2025-04-30T12:32:00-05:00,Rough File Clam,984479,"[-82.2367872298, 9.3387546824]","Isla Carenero, Provincia de Bocas del Toro, Panama","9.3387546824,-82.2367872298",research,d_gonzalez,Animalia,Mollusca,Bivalvia,Limida,Limidae,Ctenoides,Ctenoides scaber,species
281375214,4/30/2025,2025-04-30T12:29:00-05:00,Red Cushion Sea Star,49500,"[-82.2367872298, 9.3387546824]","Isla Carenero, Provincia de Bocas del Toro, Panama","9.3387546824,-82.2367872298",research,d_gonzalez,Animalia,Echinodermata,Asteroidea,Valvatida,Oreasteridae,Oreaster,Oreaster reticulatus,species
281375207,4/30/2025,2025-04-30T11:52:00-05:00,Stoplight Parrotfish,112867,"[-82.2408032, 9.3407804]","Bocas del Toro, Bocas del Toro Province, Panama","9.3407804,-82.2408032",research,d_gonzalez,Animalia,Chordata,Teleostei,Eupercaria incertae sedis,Scaridae,Sparisoma,Sparisoma viride,species
281375206,4/30/2025,2025-04-30T11:51:00-05:00,Sponges,48824,"[-82.2408032, 9.3407804]","Bocas del Toro, Bocas del Toro Province, Panama","9.3407804,-82.2408032",needs_id,d_gonzalez,Animalia,Porifera,,,,,Porifera,phylum
281375205,4/30/2025,2025-04-30T11:50:00-05:00,Coryphopterus,62596,"[-82.2408032, 9.3407804]","Bocas del Toro, Bocas del Toro Province, Panama","9.3407804,-82.2408032",needs_id,d_gonzalez,Animalia,Chordata,Teleostei,Gobiiformes,Gobiidae,Coryphopterus,Coryphopterus,genus
281375203,4/30/2025,2025-04-30T11:50:00-05:00,Octocorals,340493,"[-82.2408032, 9.3407804]","Bocas del Toro, Bocas del Toro Province, Panama","9.3407804,-82.2408032",needs_id,d_gonzalez,Animalia,Cnidaria,Octocorallia,,,,Octocorallia,subclass
281375201,4/30/2025,2025-04-30T11:48:00-05:00,Frond Oyster,133988,"[-82.2408032, 9.3407804]","Bocas del Toro, Bocas del Toro Province, Panama","9.3407804,-82.2408032",needs_id,d_gonzalez,Animalia,Mollusca,Bivalvia,Ostreida,Ostreidae,Dendostrea,Dendostrea frons,species
281375200,4/30/2025,2025-04-30T11:45:00-05:00,Yellowline Arrow Crab,128121,"[-82.2408032, 9.3407804]","Bocas del Toro, Bocas del Toro Province, Panama","9.3407804,-82.2408032",research,d_gonzalez,Animalia,Arthropoda,Malacostraca,Decapoda,Inachoididae,Stenorhynchus,Stenorhynchus seticornis,species
281375199,4/30/2025,2025-04-30T11:35:00-05:00,Stoplight Parrotfish,112867,"[-82.2408032, 9.3407804]","Bocas del Toro, Bocas del Toro Province, Panama","9.3407804,-82.2408032",research,d_gonzalez,Animalia,Chordata,Teleostei,Eupercaria incertae sedis,Scaridae,Sparisoma,Sparisoma viride,species
281375198,4/30/2025,2025-04-30T11:32:00-05:00,Atlantic Spadefish,49316,"[-82.2408032, 9.3407804]","Bocas del Toro, Bocas del Toro Province, Panama","9.3407804,-82.2408032",research,d_gonzalez,Animalia,Chordata,Teleostei,Acanthuriformes,Ephippidae,Chaetodipterus,Chaetodipterus faber,species
281375197,4/30/2025,2025-04-30T11:31:00-05:00,Epinephelus,49497,"[-82.2408032, 9.3407804]","Bocas del Toro, Bocas del Toro Province, Panama","9.3407804,-82.2408032",needs_id,d_gonzalez,Animalia,Chordata,Teleostei,Perciformes,Epinephelidae,Epinephelus,Epinephelus,genus
281375195,4/30/2025,2025-04-30T11:31:00-05:00,Tomtate,49950,"[-82.2408032, 9.3407804]","Bocas del Toro, Bocas del Toro Province, Panama","9.3407804,-82.2408032",needs_id,d_gonzalez,Animalia,Chordata,Teleostei,Eupercaria incertae sedis,Haemulidae,Haemulon,Haemulon aurolineatum,species
281375194,4/30/2025,2025-04-30T11:30:00-05:00,Bearded Fireworm,49520,"[-82.2408032, 9.3407804]","Bocas del Toro, Bocas del Toro Province, Panama","9.3407804,-82.2408032",research,d_gonzalez,Animalia,Annelida,Polychaeta,Amphinomida,Amphinomidae,Hermodice,Hermodice carunculata,species
281375193,4/30/2025,2025-04-30T11:27:00-05:00,Pederson Cleaner Shrimp,495701,"[-82.2408032, 9.3407804]","Bocas del Toro, Bocas del Toro Province, Panama","9.3407804,-82.2408032",research,d_gonzalez,Animalia,Arthropoda,Malacostraca,Decapoda,Palaemonidae,Ancylomenes,Ancylomenes pedersoni,species
281375189,4/30/2025,2025-04-30T11:27:00-05:00,Graysby,96991,"[-82.2408032, 9.3407804]","Bocas del Toro, Bocas del Toro Province, Panama","9.3407804,-82.2408032",research,d_gonzalez,Animalia,Chordata,Teleostei,Perciformes,Epinephelidae,Cephalopholis,Cephalopholis cruentata,species
281375188,4/30/2025,2025-04-30T11:25:00-05:00,Yellow Stingray,49199,"[-82.2408032, 9.3407804]","Bocas del Toro, Bocas del Toro Province, Panama","9.3407804,-82.2408032",research,d_gonzalez,Animalia,Chordata,Elasmobranchii,Myliobatiformes,Urotrygonidae,Urobatis,Urobatis jamaicensis,species
281375187,4/30/2025,2025-04-30T11:24:00-05:00,Doctorfish,121195,"[-82.2408032, 9.3407804]","Bocas del Toro, Bocas del Toro Province, Panama","9.3407804,-82.2408032",research,d_gonzalez,Animalia,Chordata,Teleostei,Acanthuriformes,Acanthuridae,Acanthurus,Acanthurus chirurgus,species
281375186,4/30/2025,2025-04-30T11:24:00-05:00,Atlantic Blue Tang,121196,"[-82.2408032, 9.3407804]","Bocas del Toro, Bocas del Toro Province, Panama","9.3407804,-82.2408032",research,d_gonzalez,Animalia,Chordata,Teleostei,Acanthuriformes,Acanthuridae,Acanthurus,Acanthurus coeruleus,species
281375184,4/30/2025,2025-04-30T11:23:00-05:00,Octocorals,340493,"[-82.2408032, 9.3407804]","Bocas del Toro, Bocas del Toro Province, Panama","9.3407804,-82.2408032",needs_id,d_gonzalez,Animalia,Cnidaria,Octocorallia,,,,Octocorallia,subclass
281375185,4/30/2025,2025-04-30T11:22:00-05:00,Caribbean Reef Squid,49440,"[-82.2408032, 9.3407804]","Bocas del Toro, Bocas del Toro Province, Panama","9.3407804,-82.2408032",research,d_gonzalez,Animalia,Mollusca,Cephalopoda,Myopsida,Loliginidae,Sepioteuthis,Sepioteuthis sepioidea,species
281375180,4/30/2025,2025-04-30T11:21:00-05:00,Atlantic Sergeant Major,49402,"[-82.2408032, 9.3407804]","Bocas del Toro, Bocas del Toro Province, Panama","9.3407804,-82.2408032",research,d_gonzalez,Animalia,Chordata,Teleostei,Ovalentaria incertae sedis,Pomacentridae,Abudefduf,Abudefduf saxatilis,species
281375178,4/30/2025,2025-04-30T11:20:00-05:00,Scarus,49693,"[-82.2408032, 9.3407804]","Bocas del Toro, Bocas del Toro Province, Panama","9.3407804,-82.2408032",needs_id,d_gonzalez,Animalia,Chordata,Teleostei,Eupercaria incertae sedis,Scaridae,Scarus,Scarus,genus
281375177,4/30/2025,2025-04-30T11:18:00-05:00,Caribbean Reef Squid,49440,"[-82.2408032, 9.3407804]","Bocas del Toro, Bocas del Toro Province, Panama","9.3407804,-82.2408032",research,d_gonzalez,Animalia,Mollusca,Cephalopoda,Myopsida,Loliginidae,Sepioteuthis,Sepioteuthis sepioidea,species
281375174,4/30/2025,2025-04-30T11:16:00-05:00,Yellowtail Snapper,47292,"[-82.2408032, 9.3407804]","Bocas del Toro, Bocas del Toro Province, Panama","9.3407804,-82.2408032",needs_id,d_gonzalez,Animalia,Chordata,Teleostei,Eupercaria incertae sedis,Lutjanidae,Ocyurus,Ocyurus chrysurus,species
281375173,4/30/2025,2025-04-30T11:16:00-05:00,Southern Stingray,623850,"[-82.2408032, 9.3407804]","Bocas del Toro, Bocas del Toro Province, Panama","9.3407804,-82.2408032",research,d_gonzalez,Animalia,Chordata,Elasmobranchii,Myliobatiformes,Dasyatidae,Hypanus,Hypanus americanus,species
281375172,4/30/2025,2025-04-30T11:15:00-05:00,Stoplight Parrotfish,112867,"[-82.2408032, 9.3407804]","Bocas del Toro, Bocas del Toro Province, Panama","9.3407804,-82.2408032",research,d_gonzalez,Animalia,Chordata,Teleostei,Eupercaria incertae sedis,Scaridae,Sparisoma,Sparisoma viride,species
281375171,4/30/2025,2025-04-30T11:14:00-05:00,Scoly Corals,57577,"[-82.2408032, 9.3407804]","Bocas del Toro, Bocas del Toro Province, Panama","9.3407804,-82.2408032",needs_id,d_gonzalez,Animalia,Cnidaria,Hexacorallia,Scleractinia,Faviidae,Scolymia,Scolymia,genus
281375170,4/30/2025,2025-04-30T11:13:00-05:00,Atlantic Long-spined Sea Urchin,52290,"[-82.2408032, 9.3407804]","Bocas del Toro, Bocas del Toro Province, Panama","9.3407804,-82.2408032",research,d_gonzalez,Animalia,Echinodermata,Echinoidea,Diadematoida,Diadematidae,Diadema,Diadema antillarum,species
281375169,4/30/2025,2025-04-30T11:13:00-05:00,Striped Parrotfish,49690,"[-82.2408032, 9.3407804]","Bocas del Toro, Bocas del Toro Province, Panama","9.3407804,-82.2408032",needs_id,d_gonzalez,Animalia,Chordata,Teleostei,Eupercaria incertae sedis,Scaridae,Scarus,Scarus iseri,species
281375167,4/30/2025,2025-04-30T11:13:00-05:00,Schoolmaster Snapper,81989,"[-82.2408032, 9.3407804]","Bocas del Toro, Bocas del Toro Province, Panama","9.3407804,-82.2408032",needs_id,d_gonzalez,Animalia,Chordata,Teleostei,Eupercaria incertae sedis,Lutjanidae,Lutjanus,Lutjanus apodus,species
281375166,4/30/2025,2025-04-30T11:13:00-05:00,Agaricia,86272,"[-82.2408032, 9.3407804]","Bocas del Toro, Bocas del Toro Province, Panama","9.3407804,-82.2408032",needs_id,d_gonzalez,Animalia,Cnidaria,Hexacorallia,Scleractinia,Agariciidae,Agaricia,Agaricia,genus
281375165,4/30/2025,2025-04-30T11:12:00-05:00,Yellowtail Snapper,47292,"[-82.2408032, 9.3407804]","Bocas del Toro, Bocas del Toro Province, Panama","9.3407804,-82.2408032",research,d_gonzalez,Animalia,Chordata,Teleostei,Eupercaria incertae sedis,Lutjanidae,Ocyurus,Ocyurus chrysurus,species
281375159,4/30/2025,2025-04-30T10:19:00-05:00,Sparisoma,49931,"[-82.2408032, 9.3407804]","Bocas del Toro, Bocas del Toro Province, Panama","9.3407804,-82.2408032",needs_id,d_gonzalez,Animalia,Chordata,Teleostei,Eupercaria incertae sedis,Scaridae,Sparisoma,Sparisoma,genus
281375158,4/30/2025,2025-04-30T10:20:00-05:00,White Grunt,49951,"[-82.2408032, 9.3407804]","Bocas del Toro, Bocas del Toro Province, Panama","9.3407804,-82.2408032",research,d_gonzalez,Animalia,Chordata,Teleostei,Eupercaria incertae sedis,Haemulidae,Haemulon,Haemulon plumierii,species
281375156,4/30/2025,2025-04-30T10:18:00-05:00,Branching Fire Coral,105877,"[-82.2408032, 9.3407804]","Bocas del Toro, Bocas del Toro Province, Panama","9.3407804,-82.2408032",needs_id,d_gonzalez,Animalia,Cnidaria,Hydrozoa,Anthoathecata,Milleporidae,Millepora,Millepora alcicornis,species
281375152,4/30/2025,2025-04-30T10:17:00-05:00,White Grunt,49951,"[-82.2408032, 9.3407804]","Bocas del Toro, Bocas del Toro Province, Panama","9.3407804,-82.2408032",research,d_gonzalez,Animalia,Chordata,Teleostei,Eupercaria incertae sedis,Haemulidae,Haemulon,Haemulon plumierii,species
281375151,4/30/2025,2025-04-30T10:16:00-05:00,White Grunt,49951,"[-82.2408032, 9.3407804]","Bocas del Toro, Bocas del Toro Province, Panama","9.3407804,-82.2408032",research,d_gonzalez,Animalia,Chordata,Teleostei,Eupercaria incertae sedis,Haemulidae,Haemulon,Haemulon plumierii,species
281375150,4/30/2025,2025-04-30T10:16:00-05:00,Donkey Dung Sea Cucumber,82512,"[-82.2408032, 9.3407804]","Bocas del Toro, Bocas del Toro Province, Panama","9.3407804,-82.2408032",needs_id,d_gonzalez,Animalia,Echinodermata,Holothuroidea,Holothuriida,Holothuriidae,Holothuria,Holothuria mexicana,species
281375148,4/30/2025,2025-04-30T10:14:00-05:00,Furry Sea Cucumber,135311,"[-82.2408032, 9.3407804]","Bocas del Toro, Bocas del Toro Province, Panama","9.3407804,-82.2408032",needs_id,d_gonzalez,Animalia,Echinodermata,Holothuroidea,Synallactida,Stichopodidae,Astichopus,Astichopus multifidus,species
281375147,4/30/2025,2025-04-30T10:13:00-05:00,Brittle Stars,48836,"[-82.2408032, 9.3407804]","Bocas del Toro, Bocas del Toro Province, Panama","9.3407804,-82.2408032",needs_id,d_gonzalez,Animalia,Echinodermata,Ophiuroidea,,,,Ophiuroidea,class
281375146,4/30/2025,2025-04-30T10:13:00-05:00,Donkey Dung Sea Cucumber,82512,"[-82.2408032, 9.3407804]","Bocas del Toro, Bocas del Toro Province, Panama","9.3407804,-82.2408032",research,d_gonzalez,Animalia,Echinodermata,Holothuroidea,Holothuriida,Holothuriidae,Holothuria,Holothuria mexicana,species
281375145,4/30/2025,2025-04-30T10:11:00-05:00,Bar Jack,82330,"[-82.2408032, 9.3407804]","Bocas del Toro, Bocas del Toro Province, Panama","9.3407804,-82.2408032",needs_id,d_gonzalez,Animalia,Chordata,Teleostei,Carangiformes,Carangidae,Caranx,Caranx ruber,species
281375143,4/30/2025,2025-04-30T10:09:00-05:00,Four-eyed Butterflyfish,52956,"[-82.2408032, 9.3407804]","Bocas del Toro, Bocas del Toro Province, Panama","9.3407804,-82.2408032",research,d_gonzalez,Animalia,Chordata,Teleostei,Acanthuriformes,Chaetodontidae,Chaetodon,Chaetodon capistratus,species
281375142,4/30/2025,2025-04-30T10:10:00-05:00,Schoolmaster Snapper,81989,"[-82.2408032, 9.3407804]","Bocas del Toro, Bocas del Toro Province, Panama","9.3407804,-82.2408032",needs_id,d_gonzalez,Animalia,Chordata,Teleostei,Eupercaria incertae sedis,Lutjanidae,Lutjanus,Lutjanus apodus,species
281375139,4/30/2025,2025-04-30T10:09:00-05:00,Stoplight Parrotfish,112867,"[-82.2408032, 9.3407804]","Bocas del Toro, Bocas del Toro Province, Panama","9.3407804,-82.2408032",research,d_gonzalez,Animalia,Chordata,Teleostei,Eupercaria incertae sedis,Scaridae,Sparisoma,Sparisoma viride,species
281375138,4/30/2025,2025-04-30T10:09:00-05:00,Striped Parrotfish,49690,"[-82.2408032, 9.3407804]","Bocas del Toro, Bocas del Toro Province, Panama","9.3407804,-82.2408032",needs_id,d_gonzalez,Animalia,Chordata,Teleostei,Eupercaria incertae sedis,Scaridae,Scarus,Scarus iseri,species
281375136,4/30/2025,2025-04-30T10:08:00-05:00,Graysby,96991,"[-82.2408032, 9.3407804]","Bocas del Toro, Bocas del Toro Province, Panama","9.3407804,-82.2408032",research,d_gonzalez,Animalia,Chordata,Teleostei,Perciformes,Epinephelidae,Cephalopholis,Cephalopholis cruentata,species
281375128,4/30/2025,2025-04-30T10:06:00-05:00,Lamarck's Sheet Coral,93527,"[-82.20648665, 9.3564833136]",Panama,"9.3564833136,-82.20648665",needs_id,d_gonzalez,Animalia,Cnidaria,Hexacorallia,Scleractinia,Agariciidae,Agaricia,Agaricia lamarcki,species
281375127,4/30/2025,2025-04-30T10:06:00-05:00,Stoplight Parrotfish,112867,"[-82.2408032, 9.3407804]","Bocas del Toro, Bocas del Toro Province, Panama","9.3407804,-82.2408032",research,d_gonzalez,Animalia,Chordata,Teleostei,Eupercaria incertae sedis,Scaridae,Sparisoma,Sparisoma viride,species
281375126,4/30/2025,2025-04-30T10:06:00-05:00,Acanthurus,55382,"[-82.2408032, 9.3407804]","Bocas del Toro, Bocas del Toro Province, Panama","9.3407804,-82.2408032",needs_id,d_gonzalez,Animalia,Chordata,Teleostei,Acanthuriformes,Acanthuridae,Acanthurus,Acanthurus,genus
281375119,4/30/2025,2025-04-30T10:06:00-05:00,Graysby,96991,"[-82.2408032, 9.3407804]","Bocas del Toro, Bocas del Toro Province, Panama","9.3407804,-82.2408032",research,d_gonzalez,Animalia,Chordata,Teleostei,Perciformes,Epinephelidae,Cephalopholis,Cephalopholis cruentata,species
281375117,4/30/2025,2025-04-30T10:06:00-05:00,Atlantic Blue Tang,121196,"[-82.2408032, 9.3407804]","Bocas del Toro, Bocas del Toro Province, Panama","9.3407804,-82.2408032",research,d_gonzalez,Animalia,Chordata,Teleostei,Acanthuriformes,Acanthuridae,Acanthurus,Acanthurus coeruleus,species
281375115,4/30/2025,2025-04-30T10:05:00-05:00,Giant Barrel Sponge,130046,"[-82.2408032, 9.3407804]","Bocas del Toro, Bocas del Toro Province, Panama","9.3407804,-82.2408032",research,d_gonzalez,Animalia,Porifera,Demospongiae,Haplosclerida,Petrosiidae,Xestospongia,Xestospongia muta,species
281375107,4/30/2025,2025-04-30T10:05:00-05:00,Mahogany Snapper,131387,"[-82.2408032, 9.3407804]","Bocas del Toro, Bocas del Toro Province, Panama","9.3407804,-82.2408032",research,d_gonzalez,Animalia,Chordata,Teleostei,Eupercaria incertae sedis,Lutjanidae,Lutjanus,Lutjanus mahogoni,species
281375103,4/30/2025,2025-04-30T10:00:00-05:00,Barred Hamlet,130051,"[-82.2408032, 9.3407804]","Bocas del Toro, Bocas del Toro Province, Panama","9.3407804,-82.2408032",research,d_gonzalez,Animalia,Chordata,Teleostei,Perciformes,Serranidae,Hypoplectrus,Hypoplectrus puella,species
281375102,4/30/2025,2025-04-30T10:02:00-05:00,Chocolate Chip Sea Cucumber,128128,"[-82.2408032, 9.3407804]","Bocas del Toro, Bocas del Toro Province, Panama","9.3407804,-82.2408032",research,d_gonzalez,Animalia,Echinodermata,Holothuroidea,Synallactida,Stichopodidae,Isostichopus,Isostichopus badionotus,species
281375100,4/30/2025,2025-04-30T09:57:00-05:00,Hypanus,554357,"[-82.2408032, 9.3407804]","Bocas del Toro, Bocas del Toro Province, Panama","9.3407804,-82.2408032",needs_id,d_gonzalez,Animalia,Chordata,Elasmobranchii,Myliobatiformes,Dasyatidae,Hypanus,Hypanus,genus
281375091,4/30/2025,2025-04-30T09:56:00-05:00,Graysby,96991,"[-82.2408032, 9.3407804]","Bocas del Toro, Bocas del Toro Province, Panama","9.3407804,-82.2408032",research,d_gonzalez,Animalia,Chordata,Teleostei,Perciformes,Epinephelidae,Cephalopholis,Cephalopholis cruentata,species
281375090,4/30/2025,2025-04-30T09:55:00-05:00,Caribbean Spiny Lobster,47299,"[-82.2408032, 9.3407804]","Bocas del Toro, Bocas del Toro Province, Panama","9.3407804,-82.2408032",research,d_gonzalez,Animalia,Arthropoda,Malacostraca,Decapoda,Palinuridae,Panulirus,Panulirus argus,species
281375085,4/30/2025,2025-04-30T09:54:00-05:00,Scrawled Cowfish,49925,"[-82.2408032, 9.3407804]","Bocas del Toro, Bocas del Toro Province, Panama","9.3407804,-82.2408032",research,d_gonzalez,Animalia,Chordata,Teleostei,Tetraodontiformes,Ostraciidae,Acanthostracion,Acanthostracion quadricornis,species
281375081,4/30/2025,2025-04-30T09:53:00-05:00,Atlantic Spadefish,49316,"[-82.2408032, 9.3407804]","Bocas del Toro, Bocas del Toro Province, Panama","9.3407804,-82.2408032",research,d_gonzalez,Animalia,Chordata,Teleostei,Acanthuriformes,Ephippidae,Chaetodipterus,Chaetodipterus faber,species
281375077,4/30/2025,2025-04-30T09:50:00-05:00,Coryphopterus,62596,"[-82.2408032, 9.3407804]","Bocas del Toro, Bocas del Toro Province, Panama","9.3407804,-82.2408032",needs_id,d_gonzalez,Animalia,Chordata,Teleostei,Gobiiformes,Gobiidae,Coryphopterus,Coryphopterus,genus
281375071,4/30/2025,2025-04-30T09:50:00-05:00,Magnificent Feather Duster Worm,131132,"[-82.2408032, 9.3407804]","Bocas del Toro, Bocas del Toro Province, Panama","9.3407804,-82.2408032",needs_id,d_gonzalez,Animalia,Annelida,Polychaeta,Sabellida,Sabellidae,Sabellastarte,Sabellastarte magnifica,species
281375067,4/30/2025,2025-04-30T09:50:00-05:00,Boulder Brain Coral,98317,"[-82.2408032, 9.3407804]","Bocas del Toro, Bocas del Toro Province, Panama","9.3407804,-82.2408032",research,d_gonzalez,Animalia,Cnidaria,Hexacorallia,Scleractinia,Faviidae,Colpophyllia,Colpophyllia natans,species
281375063,4/30/2025,2025-04-30T09:49:00-05:00,Striped Parrotfish,49690,"[-82.2408032, 9.3407804]","Bocas del Toro, Bocas del Toro Province, Panama","9.3407804,-82.2408032",research,d_gonzalez,Animalia,Chordata,Teleostei,Eupercaria incertae sedis,Scaridae,Scarus,Scarus iseri,species
281375057,4/30/2025,2025-04-30T09:45:00-05:00,Pederson Cleaner Shrimp,495701,"[-82.2408032, 9.3407804]","Bocas del Toro, Bocas del Toro Province, Panama","9.3407804,-82.2408032",research,d_gonzalez,Animalia,Arthropoda,Malacostraca,Decapoda,Palaemonidae,Ancylomenes,Ancylomenes pedersoni,species
281375051,4/30/2025,2025-04-30T09:44:00-05:00,Grey Angelfish,49427,"[-82.2408032, 9.3407804]","Bocas del Toro, Bocas del Toro Province, Panama","9.3407804,-82.2408032",research,d_gonzalez,Animalia,Chordata,Teleostei,Acanthuriformes,Pomacanthidae,Pomacanthus,Pomacanthus arcuatus,species
281375049,4/30/2025,2025-04-30T09:44:00-05:00,Pederson Cleaner Shrimp,495701,"[-82.2408032, 9.3407804]","Bocas del Toro, Bocas del Toro Province, Panama","9.3407804,-82.2408032",research,d_gonzalez,Animalia,Arthropoda,Malacostraca,Decapoda,Palaemonidae,Ancylomenes,Ancylomenes pedersoni,species
281375043,4/30/2025,2025-04-30T09:44:00-05:00,Atlantic Blue Tang,121196,"[-82.2408032, 9.3407804]","Bocas del Toro, Bocas del Toro Province, Panama","9.3407804,-82.2408032",research,d_gonzalez,Animalia,Chordata,Teleostei,Acanthuriformes,Acanthuridae,Acanthurus,Acanthurus coeruleus,species
281375041,4/30/2025,2025-04-30T09:44:00-05:00,West Indian spider crab,951390,"[-82.2408032, 9.3407804]","Bocas del Toro, Bocas del Toro Province, Panama","9.3407804,-82.2408032",needs_id,d_gonzalez,Animalia,Arthropoda,Malacostraca,Decapoda,Mithracidae,Maguimithrax,Maguimithrax spinosissimus,species
281375036,4/30/2025,2025-04-30T09:42:00-05:00,Sponge Brittle Star,128860,"[-82.2408032, 9.3407804]","Bocas del Toro, Bocas del Toro Province, Panama","9.3407804,-82.2408032",research,d_gonzalez,Animalia,Echinodermata,Ophiuroidea,Amphilepidida,Ophiotrichidae,Ophiothrix,Ophiothrix suensonii,species
281375034,4/30/2025,2025-04-30T09:41:00-05:00,Sand Diver,49404,"[-82.2408032, 9.3407804]","Bocas del Toro, Bocas del Toro Province, Panama","9.3407804,-82.2408032",research,d_gonzalez,Animalia,Chordata,Teleostei,Aulopiformes,Synodontidae,Synodus,Synodus intermedius,species
281375032,4/30/2025,2025-04-30T09:40:00-05:00,Sponges,48824,"[-82.2408032, 9.3407804]","Bocas del Toro, Bocas del Toro Province, Panama","9.3407804,-82.2408032",needs_id,d_gonzalez,Animalia,Porifera,,,,,Porifera,phylum
281375025,4/30/2025,2025-04-30T09:40:00-05:00,Atlantic Spadefish,49316,"[-82.2408032, 9.3407804]","Bocas del Toro, Bocas del Toro Province, Panama","9.3407804,-82.2408032",research,d_gonzalez,Animalia,Chordata,Teleostei,Acanthuriformes,Ephippidae,Chaetodipterus,Chaetodipterus faber,species
281375022,4/30/2025,2025-04-30T09:39:00-05:00,Stoplight Parrotfish,112867,"[-82.2408032, 9.3407804]","Bocas del Toro, Bocas del Toro Province, Panama","9.3407804,-82.2408032",research,d_gonzalez,Animalia,Chordata,Teleostei,Eupercaria incertae sedis,Scaridae,Sparisoma,Sparisoma viride,species
281375020,4/30/2025,2025-04-30T09:39:00-05:00,Spotfin Butterflyfish,49273,"[-82.2408032, 9.3407804]","Bocas del Toro, Bocas del Toro Province, Panama","9.3407804,-82.2408032",research,d_gonzalez,Animalia,Chordata,Teleostei,Acanthuriformes,Chaetodontidae,Chaetodon,Chaetodon ocellatus,species
281375009,4/30/2025,2025-04-30T09:38:00-05:00,Longspine Squirrelfish,49625,"[-82.2408032, 9.3407804]","Bocas del Toro, Bocas del Toro Province, Panama","9.3407804,-82.2408032",research,d_gonzalez,Animalia,Chordata,Teleostei,Holocentriformes,Holocentridae,Holocentrus,Holocentrus rufus,species
281375007,4/30/2025,2025-04-30T09:38:00-05:00,Bluestriped Grunt,49262,"[-82.2408032, 9.3407804]","Bocas del Toro, Bocas del Toro Province, Panama","9.3407804,-82.2408032",research,d_gonzalez,Animalia,Chordata,Teleostei,Eupercaria incertae sedis,Haemulidae,Haemulon,Haemulon sciurus,species
281375006,4/30/2025,2025-04-30T09:37:00-05:00,Mithracidae,132529,"[-82.2408032, 9.3407804]","Bocas del Toro, Bocas del Toro Province, Panama","9.3407804,-82.2408032",needs_id,d_gonzalez,Animalia,Arthropoda,Malacostraca,Decapoda,Mithracidae,,Mithracidae,family
281374999,4/30/2025,2025-04-30T09:36:00-05:00,Donkey Dung Sea Cucumber,82512,"[-82.2408032, 9.3407804]","Bocas del Toro, Bocas del Toro Province, Panama","9.3407804,-82.2408032",research,d_gonzalez,Animalia,Echinodermata,Holothuroidea,Holothuriida,Holothuriidae,Holothuria,Holothuria mexicana,species
281374995,4/30/2025,2025-04-30T09:35:00-05:00,Greater Star Coral,106051,"[-82.2408032, 9.3407804]","Bocas del Toro, Bocas del Toro Province, Panama","9.3407804,-82.2408032",research,d_gonzalez,Animalia,Cnidaria,Hexacorallia,Scleractinia,Montastraeidae,Montastraea,Montastraea cavernosa,species
281374994,4/30/2025,2025-04-30T09:34:00-05:00,Atlantic Sea Plumes,496338,"[-82.2408032, 9.3407804]","Bocas del Toro, Bocas del Toro Province, Panama","9.3407804,-82.2408032",needs_id,d_gonzalez,Animalia,Cnidaria,Octocorallia,Malacalcyonacea,Gorgoniidae,Antillogorgia,Antillogorgia,genus
281374986,4/30/2025,2025-04-30T09:34:00-05:00,Gorgonia,120132,"[-82.2408032, 9.3407804]","Bocas del Toro, Bocas del Toro Province, Panama","9.3407804,-82.2408032",needs_id,d_gonzalez,Animalia,Cnidaria,Octocorallia,Malacalcyonacea,Gorgoniidae,Gorgonia,Gorgonia,genus
281374981,4/30/2025,2025-04-30T09:34:00-05:00,Giant Anemone,128110,"[-82.2408032, 9.3407804]","Bocas del Toro, Bocas del Toro Province, Panama","9.3407804,-82.2408032",research,d_gonzalez,Animalia,Cnidaria,Hexacorallia,Actiniaria,Actiniidae,Condylactis,Condylactis gigantea,species
281374979,4/30/2025,2025-04-30T09:34:00-05:00,Boulder Brain Coral,98317,"[-82.2408032, 9.3407804]","Bocas del Toro, Bocas del Toro Province, Panama","9.3407804,-82.2408032",research,d_gonzalez,Animalia,Cnidaria,Hexacorallia,Scleractinia,Faviidae,Colpophyllia,Colpophyllia natans,species
281374968,4/30/2025,2025-04-30T09:32:00-05:00,Four-eyed Butterflyfish,52956,"[-82.2408032, 9.3407804]","Bocas del Toro, Bocas del Toro Province, Panama","9.3407804,-82.2408032",research,d_gonzalez,Animalia,Chordata,Teleostei,Acanthuriformes,Chaetodontidae,Chaetodon,Chaetodon capistratus,species
281374966,4/30/2025,2025-04-30T09:32:00-05:00,Corky Sea Finger,132288,"[-82.2408032, 9.3407804]","Bocas del Toro, Bocas del Toro Province, Panama","9.3407804,-82.2408032",needs_id,d_gonzalez,Animalia,Cnidaria,Octocorallia,Scleralcyonacea,Briareidae,Briareum,Briareum asbestinum,species
281374959,4/30/2025,2025-04-30T09:30:00-05:00,Magnificent Feather Duster Worm,131132,"[-82.2408032, 9.3407804]","Bocas del Toro, Bocas del Toro Province, Panama","9.3407804,-82.2408032",needs_id,d_gonzalez,Animalia,Annelida,Polychaeta,Sabellida,Sabellidae,Sabellastarte,Sabellastarte magnifica,species
281374958,4/30/2025,2025-04-30T09:30:00-05:00,White Grunt,49951,"[-82.2408032, 9.3407804]","Bocas del Toro, Bocas del Toro Province, Panama","9.3407804,-82.2408032",research,d_gonzalez,Animalia,Chordata,Teleostei,Eupercaria incertae sedis,Haemulidae,Haemulon,Haemulon plumierii,species
281374956,4/30/2025,2025-04-30T09:30:00-05:00,White Grunt,49951,"[-82.2408032, 9.3407804]","Bocas del Toro, Bocas del Toro Province, Panama","9.3407804,-82.2408032",research,d_gonzalez,Animalia,Chordata,Teleostei,Eupercaria incertae sedis,Haemulidae,Haemulon,Haemulon plumierii,species
281374952,4/30/2025,2025-04-30T09:29:00-05:00,Octocorals,340493,"[-82.2408032, 9.3407804]","Bocas del Toro, Bocas del Toro Province, Panama","9.3407804,-82.2408032",needs_id,d_gonzalez,Animalia,Cnidaria,Octocorallia,,,,Octocorallia,subclass
281278247,4/29/2025,2025-04-29T20:02:00-05:00,Beaded Sea Cucumber,255692,"[-82.2408032, 9.3407804]","Bocas del Toro, Bocas del Toro Province, Panama","9.3407804,-82.2408032",research,d_gonzalez,Animalia,Echinodermata,Holothuroidea,Apodida,Synaptidae,Euapta,Euapta lappa,species
281278246,4/29/2025,2025-04-29T19:56:00-05:00,Sphoeroides,49267,"[-82.2408032, 9.3407804]","Bocas del Toro, Bocas del Toro Province, Panama","9.3407804,-82.2408032",needs_id,d_gonzalez,Animalia,Chordata,Teleostei,Tetraodontiformes,Tetraodontidae,Sphoeroides,Sphoeroides,genus
281278244,4/29/2025,2025-04-29T19:53:00-05:00,Bridled Burrfish,196857,"[-82.2408032, 9.3407804]","Bocas del Toro, Bocas del Toro Province, Panama","9.3407804,-82.2408032",research,d_gonzalez,Animalia,Chordata,Teleostei,Tetraodontiformes,Diodontidae,Chilomycterus,Chilomycterus antennatus,species
281278243,4/29/2025,2025-04-29T19:52:00-05:00,Tiger Tail Sea Cucumber,255689,"[-82.2408032, 9.3407804]","Bocas del Toro, Bocas del Toro Province, Panama","9.3407804,-82.2408032",research,d_gonzalez,Animalia,Echinodermata,Holothuroidea,Holothuriida,Holothuriidae,Holothuria,Holothuria (Thymiosycia) thomasi,species
281278242,4/29/2025,2025-04-29T19:51:00-05:00,Spanish Lobster,112385,"[-82.2408032, 9.3407804]","Bocas del Toro, Bocas del Toro Province, Panama","9.3407804,-82.2408032",research,d_gonzalez,Animalia,Arthropoda,Malacostraca,Decapoda,Scyllaridae,Scyllarides,Scyllarides aequinoctialis,species
281278236,4/29/2025,2025-04-29T19:50:00-05:00,Drums,49172,"[-82.2408032, 9.3407804]","Bocas del Toro, Bocas del Toro Province, Panama","9.3407804,-82.2408032",needs_id,d_gonzalez,Animalia,Chordata,Teleostei,Eupercaria incertae sedis,Sciaenidae,,Sciaenidae,family
281278235,4/29/2025,2025-04-29T19:49:00-05:00,Atlantic Long-spined Sea Urchin,52290,"[-82.2408032, 9.3407804]","Bocas del Toro, Bocas del Toro Province, Panama","9.3407804,-82.2408032",research,d_gonzalez,Animalia,Echinodermata,Echinoidea,Diadematoida,Diadematidae,Diadema,Diadema antillarum,species
281278234,4/29/2025,2025-04-29T19:47:00-05:00,Caribbean Reef Squid,49440,"[-82.2408032, 9.3407804]","Bocas del Toro, Bocas del Toro Province, Panama","9.3407804,-82.2408032",research,d_gonzalez,Animalia,Mollusca,Cephalopoda,Myopsida,Loliginidae,Sepioteuthis,Sepioteuthis sepioidea,species
281278228,4/29/2025,2025-04-29T19:41:00-05:00,Giant Hermit Crab,260326,"[-82.2408032, 9.3407804]","Bocas del Toro, Bocas del Toro Province, Panama","9.3407804,-82.2408032",research,d_gonzalez,Animalia,Arthropoda,Malacostraca,Decapoda,Diogenidae,Petrochirus,Petrochirus diogenes,species
281278226,4/29/2025,2025-04-29T19:41:00-05:00,Macrocypraea,246644,"[-82.2408032, 9.3407804]","Bocas del Toro, Bocas del Toro Province, Panama","9.3407804,-82.2408032",needs_id,d_gonzalez,Animalia,Mollusca,Gastropoda,Littorinimorpha,Cypraeidae,Macrocypraea,Macrocypraea,genus
281278223,4/29/2025,2025-04-29T19:40:00-05:00,Mithracidae,132529,"[-82.2408032, 9.3407804]","Bocas del Toro, Bocas del Toro Province, Panama","9.3407804,-82.2408032",needs_id,d_gonzalez,Animalia,Arthropoda,Malacostraca,Decapoda,Mithracidae,,Mithracidae,family
281278218,4/29/2025,2025-04-29T19:36:00-05:00,Porkfish,49947,"[-82.2408032, 9.3407804]","Bocas del Toro, Bocas del Toro Province, Panama","9.3407804,-82.2408032",research,d_gonzalez,Animalia,Chordata,Teleostei,Eupercaria incertae sedis,Haemulidae,Anisotremus,Anisotremus virginicus,species
281278217,4/29/2025,2025-04-29T19:35:00-05:00,Chocolate Chip Sea Cucumber,128128,"[-82.2408032, 9.3407804]","Bocas del Toro, Bocas del Toro Province, Panama","9.3407804,-82.2408032",research,d_gonzalez,Animalia,Echinodermata,Holothuroidea,Synallactida,Stichopodidae,Isostichopus,Isostichopus badionotus,species
281278216,4/29/2025,2025-04-29T19:35:00-05:00,Caribbean Spiny Lobster,47299,"[-82.2408032, 9.3407804]","Bocas del Toro, Bocas del Toro Province, Panama","9.3407804,-82.2408032",research,d_gonzalez,Animalia,Arthropoda,Malacostraca,Decapoda,Palinuridae,Panulirus,Panulirus argus,species
281278209,4/29/2025,2025-04-29T19:34:00-05:00,Greater Star Coral,106051,"[-82.2408032, 9.3407804]","Bocas del Toro, Bocas del Toro Province, Panama","9.3407804,-82.2408032",research,d_gonzalez,Animalia,Cnidaria,Hexacorallia,Scleractinia,Montastraeidae,Montastraea,Montastraea cavernosa,species
281278208,4/29/2025,2025-04-29T19:33:00-05:00,Atlantic Long-spined Sea Urchin,52290,"[-82.2408032, 9.3407804]","Bocas del Toro, Bocas del Toro Province, Panama","9.3407804,-82.2408032",research,d_gonzalez,Animalia,Echinodermata,Echinoidea,Diadematoida,Diadematidae,Diadema,Diadema antillarum,species
281278207,4/29/2025,2025-04-29T19:33:00-05:00,Reef Urchin,128200,"[-82.2408032, 9.3407804]","Bocas del Toro, Bocas del Toro Province, Panama","9.3407804,-82.2408032",research,d_gonzalez,Animalia,Echinodermata,Echinoidea,Camarodonta,Echinometridae,Echinometra,Echinometra viridis,species
281278202,4/29/2025,2025-04-29T19:31:00-05:00,Atlantic Long-spined Sea Urchin,52290,"[-82.2408032, 9.3407804]","Bocas del Toro, Bocas del Toro Province, Panama","9.3407804,-82.2408032",needs_id,d_gonzalez,Animalia,Echinodermata,Echinoidea,Diadematoida,Diadematidae,Diadema,Diadema antillarum,species
281278201,4/29/2025,2025-04-29T19:28:00-05:00,Schoolmaster Snapper,81989,"[-82.2408032, 9.3407804]","Bocas del Toro, Bocas del Toro Province, Panama","9.3407804,-82.2408032",needs_id,d_gonzalez,Animalia,Chordata,Teleostei,Eupercaria incertae sedis,Lutjanidae,Lutjanus,Lutjanus apodus,species
281278200,4/29/2025,2025-04-29T19:27:00-05:00,Reef Urchin,128200,"[-82.2408032, 9.3407804]","Bocas del Toro, Bocas del Toro Province, Panama","9.3407804,-82.2408032",research,d_gonzalez,Animalia,Echinodermata,Echinoidea,Camarodonta,Echinometridae,Echinometra,Echinometra viridis,species
281278196,4/29/2025,2025-04-29T19:25:00-05:00,Scrawled Cowfish,49925,"[-82.2408032, 9.3407804]","Bocas del Toro, Bocas del Toro Province, Panama","9.3407804,-82.2408032",research,d_gonzalez,Animalia,Chordata,Teleostei,Tetraodontiformes,Ostraciidae,Acanthostracion,Acanthostracion quadricornis,species
281278195,4/29/2025,2025-04-29T19:23:00-05:00,Greater Star Coral,106051,"[-82.2408032, 9.3407804]","Bocas del Toro, Bocas del Toro Province, Panama","9.3407804,-82.2408032",research,d_gonzalez,Animalia,Cnidaria,Hexacorallia,Scleractinia,Montastraeidae,Montastraea,Montastraea cavernosa,species
281278194,4/29/2025,2025-04-29T19:21:00-05:00,Moon Jellies,48329,"[-82.2408032, 9.3407804]","Bocas del Toro, Bocas del Toro Province, Panama","9.3407804,-82.2408032",needs_id,d_gonzalez,Animalia,Cnidaria,Scyphozoa,Semaeostomeae,Ulmaridae,Aurelia,Aurelia,genus
281278193,4/29/2025,2025-04-29T16:57:00-05:00,Western Atlantic Trumpetfish,47238,"[-82.2408032, 9.3407804]","Bocas del Toro, Bocas del Toro Province, Panama","9.3407804,-82.2408032",research,d_gonzalez,Animalia,Chordata,Teleostei,Syngnathiformes,Aulostomidae,Aulostomus,Aulostomus maculatus,species
281278187,4/29/2025,2025-04-29T16:53:00-05:00,Hypanus,554357,"[-82.2408032, 9.3407804]","Bocas del Toro, Bocas del Toro Province, Panama","9.3407804,-82.2408032",needs_id,d_gonzalez,Animalia,Chordata,Elasmobranchii,Myliobatiformes,Dasyatidae,Hypanus,Hypanus,genus
281278186,4/29/2025,2025-04-29T16:44:00-05:00,Chocolate Chip Sea Cucumber,128128,"[-82.2408032, 9.3407804]","Bocas del Toro, Bocas del Toro Province, Panama","9.3407804,-82.2408032",needs_id,d_gonzalez,Animalia,Echinodermata,Holothuroidea,Synallactida,Stichopodidae,Isostichopus,Isostichopus badionotus,species
281278185,4/29/2025,2025-04-29T16:45:00-05:00,Scrawled Cowfish,49925,"[-82.2408032, 9.3407804]","Bocas del Toro, Bocas del Toro Province, Panama","9.3407804,-82.2408032",research,d_gonzalez,Animalia,Chordata,Teleostei,Tetraodontiformes,Ostraciidae,Acanthostracion,Acanthostracion quadricornis,species
281278182,4/29/2025,2025-04-29T16:33:00-05:00,Schoolmaster Snapper,81989,"[-82.2408032, 9.3407804]","Bocas del Toro, Bocas del Toro Province, Panama","9.3407804,-82.2408032",needs_id,d_gonzalez,Animalia,Chordata,Teleostei,Eupercaria incertae sedis,Lutjanidae,Lutjanus,Lutjanus apodus,species
281278181,4/29/2025,2025-04-29T16:33:00-05:00,Scoly Corals,57577,"[-82.2408032, 9.3407804]","Bocas del Toro, Bocas del Toro Province, Panama","9.3407804,-82.2408032",needs_id,d_gonzalez,Animalia,Cnidaria,Hexacorallia,Scleractinia,Faviidae,Scolymia,Scolymia,genus
281278178,4/29/2025,2025-04-29T16:33:00-05:00,Coryphopterus,62596,"[-82.2408032, 9.3407804]","Bocas del Toro, Bocas del Toro Province, Panama","9.3407804,-82.2408032",needs_id,d_gonzalez,Animalia,Chordata,Teleostei,Gobiiformes,Gobiidae,Coryphopterus,Coryphopterus,genus
281278177,4/29/2025,2025-04-29T16:32:00-05:00,Chocolate Chip Sea Cucumber,128128,"[-82.2408032, 9.3407804]","Bocas del Toro, Bocas del Toro Province, Panama","9.3407804,-82.2408032",needs_id,d_gonzalez,Animalia,Echinodermata,Holothuroidea,Synallactida,Stichopodidae,Isostichopus,Isostichopus badionotus,species
281278176,4/29/2025,2025-04-29T16:31:00-05:00,Thorny Oysters,123464,"[-82.2408032, 9.3407804]","Bocas del Toro, Bocas del Toro Province, Panama","9.3407804,-82.2408032",needs_id,d_gonzalez,Animalia,Mollusca,Bivalvia,Pectinida,Spondylidae,Spondylus,Spondylus,genus
281278171,4/29/2025,2025-04-29T16:29:00-05:00,Phyllangia americana,324980,"[-82.2408032, 9.3407804]","Bocas del Toro, Bocas del Toro Province, Panama","9.3407804,-82.2408032",needs_id,d_gonzalez,Animalia,Cnidaria,Hexacorallia,Scleractinia,Caryophylliidae,Phyllangia,Phyllangia americana,species
281278169,4/29/2025,2025-04-29T16:28:00-05:00,Yellowline Arrow Crab,128121,"[-82.2408032, 9.3407804]","Bocas del Toro, Bocas del Toro Province, Panama","9.3407804,-82.2408032",research,d_gonzalez,Animalia,Arthropoda,Malacostraca,Decapoda,Inachoididae,Stenorhynchus,Stenorhynchus seticornis,species
281278168,4/29/2025,2025-04-29T16:27:00-05:00,Thorny Oysters,123464,"[-82.2408032, 9.3407804]","Bocas del Toro, Bocas del Toro Province, Panama","9.3407804,-82.2408032",needs_id,d_gonzalez,Animalia,Mollusca,Bivalvia,Pectinida,Spondylidae,Spondylus,Spondylus,genus
281278164,4/29/2025,2025-04-29T16:25:00-05:00,Reef Urchin,128200,"[-82.2408032, 9.3407804]","Bocas del Toro, Bocas del Toro Province, Panama","9.3407804,-82.2408032",research,d_gonzalez,Animalia,Echinodermata,Echinoidea,Camarodonta,Echinometridae,Echinometra,Echinometra viridis,species
281278163,4/29/2025,2025-04-29T16:25:00-05:00,Atlantic Long-spined Sea Urchin,52290,"[-82.2408032, 9.3407804]","Bocas del Toro, Bocas del Toro Province, Panama","9.3407804,-82.2408032",research,d_gonzalez,Animalia,Echinodermata,Echinoidea,Diadematoida,Diadematidae,Diadema,Diadema antillarum,species
281278162,4/29/2025,2025-04-29T16:22:00-05:00,Feather Duster Worms,49282,"[-82.2408032, 9.3407804]","Bocas del Toro, Bocas del Toro Province, Panama","9.3407804,-82.2408032",needs_id,d_gonzalez,Animalia,Annelida,Polychaeta,Sabellida,Sabellidae,,Sabellidae,family
281278159,4/29/2025,2025-04-29T16:21:00-05:00,Pederson Cleaner Shrimp,495701,"[-82.2408032, 9.3407804]","Bocas del Toro, Bocas del Toro Province, Panama","9.3407804,-82.2408032",research,d_gonzalez,Animalia,Arthropoda,Malacostraca,Decapoda,Palaemonidae,Ancylomenes,Ancylomenes pedersoni,species
281278158,4/29/2025,2025-04-29T16:20:00-05:00,Pederson Cleaner Shrimp,495701,"[-82.2408032, 9.3407804]","Bocas del Toro, Bocas del Toro Province, Panama","9.3407804,-82.2408032",research,d_gonzalez,Animalia,Arthropoda,Malacostraca,Decapoda,Palaemonidae,Ancylomenes,Ancylomenes pedersoni,species
281278157,4/29/2025,2025-04-29T16:15:00-05:00,Scrawled Cowfish,49925,"[-82.2408032, 9.3407804]","Bocas del Toro, Bocas del Toro Province, Panama","9.3407804,-82.2408032",needs_id,d_gonzalez,Animalia,Chordata,Teleostei,Tetraodontiformes,Ostraciidae,Acanthostracion,Acanthostracion quadricornis,species
281278151,4/29/2025,2025-04-29T16:14:00-05:00,Knobby Sea Rods,132275,"[-82.2408032, 9.3407804]","Bocas del Toro, Bocas del Toro Province, Panama","9.3407804,-82.2408032",needs_id,d_gonzalez,Animalia,Cnidaria,Octocorallia,Malacalcyonacea,Plexauridae,Eunicea,Eunicea,genus
281278150,4/29/2025,2025-04-29T16:13:00-05:00,Spotted Goatfish,131385,"[-82.2408032, 9.3407804]","Bocas del Toro, Bocas del Toro Province, Panama","9.3407804,-82.2408032",research,d_gonzalez,Animalia,Chordata,Teleostei,Mulliformes,Mullidae,Pseudupeneus,Pseudupeneus maculatus,species
281278145,4/29/2025,2025-04-29T16:12:00-05:00,Atlantic Sea Plumes,496338,"[-82.2408032, 9.3407804]","Bocas del Toro, Bocas del Toro Province, Panama","9.3407804,-82.2408032",needs_id,d_gonzalez,Animalia,Cnidaria,Octocorallia,Malacalcyonacea,Gorgoniidae,Antillogorgia,Antillogorgia,genus
281278144,4/29/2025,2025-04-29T16:08:00-05:00,Angular Sea Whip,134147,"[-82.2408032, 9.3407804]","Bocas del Toro, Bocas del Toro Province, Panama","9.3407804,-82.2408032",research,d_gonzalez,Animalia,Cnidaria,Octocorallia,Malacalcyonacea,Pterogorgiidae,Pterogorgia,Pterogorgia anceps,species
281278142,4/29/2025,2025-04-29T15:14:00-05:00,Banded Coral Shrimp,121669,"[-82.2408032, 9.3407804]","Bocas del Toro, Bocas del Toro Province, Panama","9.3407804,-82.2408032",research,d_gonzalez,Animalia,Arthropoda,Malacostraca,Decapoda,Stenopodidae,Stenopus,Stenopus hispidus,species
281278137,4/29/2025,2025-04-29T15:13:00-05:00,Magnificent Feather Duster Worm,131132,"[-82.2408032, 9.3407804]","Bocas del Toro, Bocas del Toro Province, Panama","9.3407804,-82.2408032",needs_id,d_gonzalez,Animalia,Annelida,Polychaeta,Sabellida,Sabellidae,Sabellastarte,Sabellastarte magnifica,species
281278136,4/29/2025,2025-04-29T15:12:00-05:00,Chocolate Chip Sea Cucumber,128128,"[-82.2408032, 9.3407804]","Bocas del Toro, Bocas del Toro Province, Panama","9.3407804,-82.2408032",needs_id,d_gonzalez,Animalia,Echinodermata,Holothuroidea,Synallactida,Stichopodidae,Isostichopus,Isostichopus badionotus,species
281278135,4/29/2025,2025-04-29T15:12:00-05:00,Lamarck's Sheet Coral,93527,"[-82.2224064967, 9.2175916249]",Panama,"9.2175916249,-82.2224064967",needs_id,d_gonzalez,Animalia,Cnidaria,Hexacorallia,Scleractinia,Agariciidae,Agaricia,Agaricia lamarcki,species
281278134,4/29/2025,2025-04-29T15:11:00-05:00,Snowflake Coral,51012,"[-82.2408032, 9.3407804]","Bocas del Toro, Bocas del Toro Province, Panama","9.3407804,-82.2408032",research,d_gonzalez,Animalia,Cnidaria,Octocorallia,Malacalcyonacea,Carijoidae,Carijoa,Carijoa riisei,species
281278133,4/29/2025,2025-04-29T15:10:00-05:00,Scrawled Cowfish,49925,"[-82.2408032, 9.3407804]","Bocas del Toro, Bocas del Toro Province, Panama","9.3407804,-82.2408032",research,d_gonzalez,Animalia,Chordata,Teleostei,Tetraodontiformes,Ostraciidae,Acanthostracion,Acanthostracion quadricornis,species
281278132,4/29/2025,2025-04-29T15:09:00-05:00,Grey Angelfish,49427,"[-82.2408032, 9.3407804]","Bocas del Toro, Bocas del Toro Province, Panama","9.3407804,-82.2408032",research,d_gonzalez,Animalia,Chordata,Teleostei,Acanthuriformes,Pomacanthidae,Pomacanthus,Pomacanthus arcuatus,species
281278126,4/29/2025,2025-04-29T15:09:00-05:00,Sponge Brittle Star,128860,"[-82.2408032, 9.3407804]","Bocas del Toro, Bocas del Toro Province, Panama","9.3407804,-82.2408032",research,d_gonzalez,Animalia,Echinodermata,Ophiuroidea,Amphilepidida,Ophiotrichidae,Ophiothrix,Ophiothrix suensonii,species
281278125,4/29/2025,2025-04-29T15:08:00-05:00,Yellowline Arrow Crab,128121,"[-82.2408032, 9.3407804]","Bocas del Toro, Bocas del Toro Province, Panama","9.3407804,-82.2408032",research,d_gonzalez,Animalia,Arthropoda,Malacostraca,Decapoda,Inachoididae,Stenorhynchus,Stenorhynchus seticornis,species
281278124,4/29/2025,2025-04-29T15:08:00-05:00,Pederson Cleaner Shrimp,495701,"[-82.2408032, 9.3407804]","Bocas del Toro, Bocas del Toro Province, Panama","9.3407804,-82.2408032",research,d_gonzalez,Animalia,Arthropoda,Malacostraca,Decapoda,Palaemonidae,Ancylomenes,Ancylomenes pedersoni,species
281278119,4/29/2025,2025-04-29T15:06:00-05:00,Rough File Clam,984479,"[-82.2408032, 9.3407804]","Bocas del Toro, Bocas del Toro Province, Panama","9.3407804,-82.2408032",research,d_gonzalez,Animalia,Mollusca,Bivalvia,Limida,Limidae,Ctenoides,Ctenoides scaber,species
281278118,4/29/2025,2025-04-29T15:07:00-05:00,Common Lionfish,47280,"[-82.2408032, 9.3407804]","Bocas del Toro, Bocas del Toro Province, Panama","9.3407804,-82.2408032",research,d_gonzalez,Animalia,Chordata,Teleostei,Perciformes,Scorpaenidae,Pterois,Pterois volitans,species
281278117,4/29/2025,2025-04-29T15:06:00-05:00,Porcelain Crabs,47805,"[-82.2408032, 9.3407804]","Bocas del Toro, Bocas del Toro Province, Panama","9.3407804,-82.2408032",needs_id,d_gonzalez,Animalia,Arthropoda,Malacostraca,Decapoda,Porcellanidae,,Porcellanidae,family
281278109,4/29/2025,2025-04-29T15:05:00-05:00,Scrawled Cowfish,49925,"[-82.2408032, 9.3407804]","Bocas del Toro, Bocas del Toro Province, Panama","9.3407804,-82.2408032",research,d_gonzalez,Animalia,Chordata,Teleostei,Tetraodontiformes,Ostraciidae,Acanthostracion,Acanthostracion quadricornis,species
281278108,4/29/2025,2025-04-29T15:04:00-05:00,Mahogany Snapper,131387,"[-82.2408032, 9.3407804]","Bocas del Toro, Bocas del Toro Province, Panama","9.3407804,-82.2408032",research,d_gonzalez,Animalia,Chordata,Teleostei,Eupercaria incertae sedis,Lutjanidae,Lutjanus,Lutjanus mahogoni,species
281278105,4/29/2025,2025-04-29T15:04:00-05:00,Four-eyed Butterflyfish,52956,"[-82.2408032, 9.3407804]","Bocas del Toro, Bocas del Toro Province, Panama","9.3407804,-82.2408032",research,d_gonzalez,Animalia,Chordata,Teleostei,Acanthuriformes,Chaetodontidae,Chaetodon,Chaetodon capistratus,species
281278102,4/29/2025,2025-04-29T15:04:00-05:00,Greater Star Coral,106051,"[-82.2408032, 9.3407804]","Bocas del Toro, Bocas del Toro Province, Panama","9.3407804,-82.2408032",research,d_gonzalez,Animalia,Cnidaria,Hexacorallia,Scleractinia,Montastraeidae,Montastraea,Montastraea cavernosa,species
281278101,4/29/2025,2025-04-29T15:03:00-05:00,Rough File Clam,984479,"[-82.2408032, 9.3407804]","Bocas del Toro, Bocas del Toro Province, Panama","9.3407804,-82.2408032",research,d_gonzalez,Animalia,Mollusca,Bivalvia,Limida,Limidae,Ctenoides,Ctenoides scaber,species
281278100,4/29/2025,2025-04-29T15:03:00-05:00,Yellowline Arrow Crab,128121,"[-82.2408032, 9.3407804]","Bocas del Toro, Bocas del Toro Province, Panama","9.3407804,-82.2408032",research,d_gonzalez,Animalia,Arthropoda,Malacostraca,Decapoda,Inachoididae,Stenorhynchus,Stenorhynchus seticornis,species
281278094,4/29/2025,2025-04-29T15:02:00-05:00,Split-crown Feather Duster,128113,"[-82.2408032, 9.3407804]","Bocas del Toro, Bocas del Toro Province, Panama","9.3407804,-82.2408032",research,d_gonzalez,Animalia,Annelida,Polychaeta,Sabellida,Sabellidae,Anamobaea,Anamobaea orstedii,species
281278093,4/29/2025,2025-04-29T15:01:00-05:00,Stoplight Parrotfish,112867,"[-82.2408032, 9.3407804]","Bocas del Toro, Bocas del Toro Province, Panama","9.3407804,-82.2408032",research,d_gonzalez,Animalia,Chordata,Teleostei,Eupercaria incertae sedis,Scaridae,Sparisoma,Sparisoma viride,species
281278092,4/29/2025,2025-04-29T15:02:00-05:00,Corkscrew Anemone,131043,"[-82.2408032, 9.3407804]","Bocas del Toro, Bocas del Toro Province, Panama","9.3407804,-82.2408032",research,d_gonzalez,Animalia,Cnidaria,Hexacorallia,Actiniaria,Aiptasiidae,Bartholomea,Bartholomea annulata,species
281278086,4/29/2025,2025-04-29T15:01:00-05:00,Reef Urchin,128200,"[-82.2408032, 9.3407804]","Bocas del Toro, Bocas del Toro Province, Panama","9.3407804,-82.2408032",research,d_gonzalez,Animalia,Echinodermata,Echinoidea,Camarodonta,Echinometridae,Echinometra,Echinometra viridis,species
281278085,4/29/2025,2025-04-29T15:00:00-05:00,Mycetophyllia,47532,"[-82.2408032, 9.3407804]","Bocas del Toro, Bocas del Toro Province, Panama","9.3407804,-82.2408032",needs_id,d_gonzalez,Animalia,Cnidaria,Hexacorallia,Scleractinia,,,Scleractinia,order
281278083,4/29/2025,2025-04-29T14:58:00-05:00,Toadfishes,51374,"[-82.2408032, 9.3407804]","Bocas del Toro, Bocas del Toro Province, Panama","9.3407804,-82.2408032",needs_id,d_gonzalez,Animalia,Chordata,Teleostei,Batrachoidiformes,Batrachoididae,,Batrachoididae,family
281278080,4/29/2025,2025-04-29T14:56:00-05:00,Sea Nettles,48483,"[-82.2408032, 9.3407804]","Bocas del Toro, Bocas del Toro Province, Panama","9.3407804,-82.2408032",needs_id,d_gonzalez,Animalia,Cnidaria,Scyphozoa,Semaeostomeae,Pelagiidae,Chrysaora,Chrysaora,genus
281278079,4/29/2025,2025-04-29T14:57:00-05:00,Scoly Corals,57577,"[-82.2408032, 9.3407804]","Bocas del Toro, Bocas del Toro Province, Panama","9.3407804,-82.2408032",needs_id,d_gonzalez,Animalia,Cnidaria,Hexacorallia,Scleractinia,Faviidae,Scolymia,Scolymia,genus
281278078,4/29/2025,2025-04-29T14:55:00-05:00,Mycetophyllia,90073,"[-82.2408032, 9.3407804]","Bocas del Toro, Bocas del Toro Province, Panama","9.3407804,-82.2408032",needs_id,d_gonzalez,Animalia,Cnidaria,Hexacorallia,Scleractinia,Faviidae,Mycetophyllia,Mycetophyllia,genus
281278074,4/29/2025,2025-04-29T14:54:00-05:00,Hydrozoans,48921,"[-82.2408032, 9.3407804]","Bocas del Toro, Bocas del Toro Province, Panama","9.3407804,-82.2408032",needs_id,d_gonzalez,Animalia,Cnidaria,Hydrozoa,,,,Hydrozoa,class
281278073,4/29/2025,2025-04-29T14:54:00-05:00,Coryphopterus,62596,"[-82.2408032, 9.3407804]","Bocas del Toro, Bocas del Toro Province, Panama","9.3407804,-82.2408032",needs_id,d_gonzalez,Animalia,Chordata,Teleostei,Gobiiformes,Gobiidae,Coryphopterus,Coryphopterus,genus
281278072,4/29/2025,2025-04-29T14:53:00-05:00,Mycetophyllia,90073,"[-82.2408032, 9.3407804]","Bocas del Toro, Bocas del Toro Province, Panama","9.3407804,-82.2408032",needs_id,d_gonzalez,Animalia,Cnidaria,Hexacorallia,Scleractinia,Faviidae,Mycetophyllia,Mycetophyllia,genus
281278069,4/29/2025,2025-04-29T14:51:00-05:00,Graysby,96991,"[-82.2408032, 9.3407804]","Bocas del Toro, Bocas del Toro Province, Panama","9.3407804,-82.2408032",research,d_gonzalez,Animalia,Chordata,Teleostei,Perciformes,Epinephelidae,Cephalopholis,Cephalopholis cruentata,species
281278068,4/29/2025,2025-04-29T14:51:00-05:00,Harlequin Bass,49747,"[-82.2408032, 9.3407804]","Bocas del Toro, Bocas del Toro Province, Panama","9.3407804,-82.2408032",research,d_gonzalez,Animalia,Chordata,Teleostei,Perciformes,Serranidae,Serranus,Serranus tigrinus,species
281278062,4/29/2025,2025-04-29T14:49:00-05:00,Blushing Star Coral,113176,"[-82.2408032, 9.3407804]","Bocas del Toro, Bocas del Toro Province, Panama","9.3407804,-82.2408032",needs_id,d_gonzalez,Animalia,Cnidaria,Hexacorallia,Scleractinia,Astrocoeniidae,Stephanocoenia,Stephanocoenia intersepta,species
281278060,4/29/2025,2025-04-29T14:50:00-05:00,Serpulid Tubeworms,49518,"[-82.2408032, 9.3407804]","Bocas del Toro, Bocas del Toro Province, Panama","9.3407804,-82.2408032",needs_id,d_gonzalez,Animalia,Annelida,Polychaeta,Sabellida,Serpulidae,,Serpulidae,family
281278059,4/29/2025,2025-04-29T14:50:00-05:00,Lissodendoryx colombiensis,984137,"[-82.2408032, 9.3407804]","Bocas del Toro, Bocas del Toro Province, Panama","9.3407804,-82.2408032",needs_id,d_gonzalez,Animalia,Porifera,Demospongiae,Poecilosclerida,Coelosphaeridae,Lissodendoryx,Lissodendoryx colombiensis,species
281278057,4/29/2025,2025-04-29T14:47:00-05:00,Graysby,96991,"[-82.2408032, 9.3407804]","Bocas del Toro, Bocas del Toro Province, Panama","9.3407804,-82.2408032",research,d_gonzalez,Animalia,Chordata,Teleostei,Perciformes,Epinephelidae,Cephalopholis,Cephalopholis cruentata,species
281278056,4/29/2025,2025-04-29T14:47:00-05:00,Banded Coral Shrimp,121669,"[-82.2408032, 9.3407804]","Bocas del Toro, Bocas del Toro Province, Panama","9.3407804,-82.2408032",research,d_gonzalez,Animalia,Arthropoda,Malacostraca,Decapoda,Stenopodidae,Stenopus,Stenopus hispidus,species
281278054,4/29/2025,2025-04-29T14:46:00-05:00,Sponge Brittle Star,128860,"[-82.2408032, 9.3407804]","Bocas del Toro, Bocas del Toro Province, Panama","9.3407804,-82.2408032",research,d_gonzalez,Animalia,Echinodermata,Ophiuroidea,Amphilepidida,Ophiotrichidae,Ophiothrix,Ophiothrix suensonii,species
281278050,4/29/2025,2025-04-29T14:45:00-05:00,Banded Coral Shrimp,121669,"[-82.2408032, 9.3407804]","Bocas del Toro, Bocas del Toro Province, Panama","9.3407804,-82.2408032",research,d_gonzalez,Animalia,Arthropoda,Malacostraca,Decapoda,Stenopodidae,Stenopus,Stenopus hispidus,species
281278049,4/29/2025,2025-04-29T14:44:00-05:00,Common Lionfish,47280,"[-82.2408032, 9.3407804]","Bocas del Toro, Bocas del Toro Province, Panama","9.3407804,-82.2408032",research,d_gonzalez,Animalia,Chordata,Teleostei,Perciformes,Scorpaenidae,Pterois,Pterois volitans,species
281278048,4/29/2025,2025-04-29T14:43:00-05:00,Sabellastarte,121447,"[-82.2408032, 9.3407804]","Bocas del Toro, Bocas del Toro Province, Panama","9.3407804,-82.2408032",needs_id,d_gonzalez,Animalia,Annelida,Polychaeta,Sabellida,Sabellidae,Sabellastarte,Sabellastarte,genus
281278042,4/29/2025,2025-04-29T14:41:00-05:00,Donkey Dung Sea Cucumber,82512,"[-82.2408032, 9.3407804]","Bocas del Toro, Bocas del Toro Province, Panama","9.3407804,-82.2408032",research,d_gonzalez,Animalia,Echinodermata,Holothuroidea,Holothuriida,Holothuriidae,Holothuria,Holothuria mexicana,species
281278040,4/29/2025,2025-04-29T14:40:00-05:00,Lavender Rope Sponge,131754,"[-82.2408032, 9.3407804]","Bocas del Toro, Bocas del Toro Province, Panama","9.3407804,-82.2408032",research,d_gonzalez,Animalia,Porifera,Demospongiae,Haplosclerida,Niphatidae,Niphates,Niphates erecta,species
281278039,4/29/2025,2025-04-29T14:40:00-05:00,Sponge Brittle Star,128860,"[-82.2408032, 9.3407804]","Bocas del Toro, Bocas del Toro Province, Panama","9.3407804,-82.2408032",research,d_gonzalez,Animalia,Echinodermata,Ophiuroidea,Amphilepidida,Ophiotrichidae,Ophiothrix,Ophiothrix suensonii,species
281278032,4/29/2025,2025-04-29T14:39:00-05:00,Sponge Brittle Star,128860,"[-82.2408032, 9.3407804]","Bocas del Toro, Bocas del Toro Province, Panama","9.3407804,-82.2408032",research,d_gonzalez,Animalia,Echinodermata,Ophiuroidea,Amphilepidida,Ophiotrichidae,Ophiothrix,Ophiothrix suensonii,species
281278031,4/29/2025,2025-04-29T14:38:00-05:00,Slippery Dick,49272,"[-82.2408032, 9.3407804]","Bocas del Toro, Bocas del Toro Province, Panama","9.3407804,-82.2408032",research,d_gonzalez,Animalia,Chordata,Teleostei,Eupercaria incertae sedis,Labridae,Halichoeres,Halichoeres bivittatus,species
281278029,4/29/2025,2025-04-29T14:38:00-05:00,Giant Barrel Sponge,130046,"[-82.2408032, 9.3407804]","Bocas del Toro, Bocas del Toro Province, Panama","9.3407804,-82.2408032",research,d_gonzalez,Animalia,Porifera,Demospongiae,Haplosclerida,Petrosiidae,Xestospongia,Xestospongia muta,species
281278024,4/29/2025,2025-04-29T14:37:00-05:00,Barred Hamlet,130051,"[-82.2408032, 9.3407804]","Bocas del Toro, Bocas del Toro Province, Panama","9.3407804,-82.2408032",research,d_gonzalez,Animalia,Chordata,Teleostei,Perciformes,Serranidae,Hypoplectrus,Hypoplectrus puella,species
281278022,4/29/2025,2025-04-29T14:36:00-05:00,Redband Parrotfish,112858,"[-82.2408032, 9.3407804]","Bocas del Toro, Bocas del Toro Province, Panama","9.3407804,-82.2408032",research,d_gonzalez,Animalia,Chordata,Teleostei,Eupercaria incertae sedis,Scaridae,Sparisoma,Sparisoma aurofrenatum,species
281278020,4/29/2025,2025-04-29T14:35:00-05:00,Greater Star Coral,106051,"[-82.2408032, 9.3407804]","Bocas del Toro, Bocas del Toro Province, Panama","9.3407804,-82.2408032",research,d_gonzalez,Animalia,Cnidaria,Hexacorallia,Scleractinia,Montastraeidae,Montastraea,Montastraea cavernosa,species
269043870,4/5/2025,2025-04-05T11:17:00-06:00,Stinging Bush Hydroid,124345,"[-84.669785659, 9.7037253076]","Provincia de Puntarenas, Garabito, Costa Rica","9.7037253076,-84.669785659",research,d_gonzalez,Animalia,Cnidaria,Hydrozoa,Leptothecata,Aglaopheniidae,Macrorhynchia,Macrorhynchia philippina,species
269043868,4/5/2025,2025-04-05T10:56:00-06:00,Yellow Snapper,47293,"[-84.669785659, 9.7037253076]","Provincia de Puntarenas, Garabito, Costa Rica","9.7037253076,-84.669785659",research,d_gonzalez,Animalia,Chordata,Teleostei,Eupercaria incertae sedis,Lutjanidae,Lutjanus,Lutjanus argentiventris,species
269043867,4/5/2025,2025-04-05T10:56:00-06:00,Spotted Rose Snapper,104857,"[-84.669785659, 9.7037253076]","Provincia de Puntarenas, Garabito, Costa Rica","9.7037253076,-84.669785659",research,d_gonzalez,Animalia,Chordata,Teleostei,Eupercaria incertae sedis,Lutjanidae,Lutjanus,Lutjanus guttatus,species
269043864,4/5/2025,2025-04-05T10:03:00-06:00,Hancock's Blenny,93032,"[-84.669785659, 9.7037253076]","Provincia de Puntarenas, Garabito, Costa Rica","9.7037253076,-84.669785659",research,d_gonzalez,Animalia,Chordata,Teleostei,Blenniiformes,Chaenopsidae,Acanthemblemaria,Acanthemblemaria hancocki,species
269043863,4/5/2025,2025-04-05T09:52:00-06:00,Filtering sea cucumbers,49482,"[-84.669785659, 9.7037253076]","Provincia de Puntarenas, Garabito, Costa Rica","9.7037253076,-84.669785659",needs_id,d_gonzalez,Animalia,Echinodermata,Holothuroidea,Dendrochirotida,,,Dendrochirotida,order
269043862,4/5/2025,2025-04-05T09:47:00-06:00,Cortez Angelfish,110022,"[-84.669785659, 9.7037253076]","Provincia de Puntarenas, Garabito, Costa Rica","9.7037253076,-84.669785659",research,d_gonzalez,Animalia,Chordata,Teleostei,Acanthuriformes,Pomacanthidae,Pomacanthus,Pomacanthus zonipectus,species
269043860,4/5/2025,2025-04-05T09:47:00-06:00,Starry Grouper,67529,"[-84.669785659, 9.7037253076]","Provincia de Puntarenas, Garabito, Costa Rica","9.7037253076,-84.669785659",research,d_gonzalez,Animalia,Chordata,Teleostei,Perciformes,Epinephelidae,Epinephelus,Epinephelus labriformis,species
269043858,4/5/2025,2025-04-05T09:45:00-06:00,Blue Sea Star,195833,"[-84.669785659, 9.7037253076]","Provincia de Puntarenas, Garabito, Costa Rica","9.7037253076,-84.669785659",needs_id,d_gonzalez,Animalia,Echinodermata,Asteroidea,Valvatida,Ophidiasteridae,Phataria,Phataria unifascialis,species
269043857,4/5/2025,2025-04-05T09:02:00-06:00,Christmas Tree Hydroid,195464,"[-84.669785659, 9.7037253076]","Provincia de Puntarenas, Garabito, Costa Rica","9.7037253076,-84.669785659",needs_id,d_gonzalez,Animalia,Cnidaria,Hydrozoa,Anthoathecata,Pennariidae,Pennaria,Pennaria disticha,species
269043856,4/5/2025,2025-04-05T09:30:00-06:00,Axinellidae,131769,"[-84.669785659, 9.7037253076]","Provincia de Puntarenas, Garabito, Costa Rica","9.7037253076,-84.669785659",needs_id,d_gonzalez,Animalia,Porifera,Demospongiae,Axinellida,Axinellidae,,Axinellidae,family
269043854,4/5/2025,2025-04-05T09:02:00-06:00,Pin Cushion Sea Urchin,195788,"[-84.669785659, 9.7037253076]","Provincia de Puntarenas, Garabito, Costa Rica","9.7037253076,-84.669785659",needs_id,d_gonzalez,Animalia,Echinodermata,Echinoidea,Diadematoida,Diadematidae,Astropyga,Astropyga pulvinata,species
269043850,4/5/2025,2025-04-05T09:02:00-06:00,Stone Scorpionfish,112345,"[-84.669785659, 9.7037253076]","Provincia de Puntarenas, Garabito, Costa Rica","9.7037253076,-84.669785659",research,d_gonzalez,Animalia,Chordata,Teleostei,Perciformes,Scorpaenidae,Scorpaena,Scorpaena mystes,species
269043849,4/5/2025,2025-04-05T09:02:00-06:00,Christmas Tree Worms,49519,"[-84.669785659, 9.7037253076]","Provincia de Puntarenas, Garabito, Costa Rica","9.7037253076,-84.669785659",needs_id,d_gonzalez,Animalia,Annelida,Polychaeta,Sabellida,Serpulidae,Spirobranchus,Spirobranchus,genus
269043848,4/5/2025,2025-04-05T09:02:00-06:00,Christmas Tree Worms,49519,"[-84.669785659, 9.7037253076]","Provincia de Puntarenas, Garabito, Costa Rica","9.7037253076,-84.669785659",needs_id,d_gonzalez,Animalia,Annelida,Polychaeta,Sabellida,Serpulidae,Spirobranchus,Spirobranchus,genus
269043846,4/5/2025,2025-04-05T09:02:00-06:00,Christmas Tree Worms,49519,"[-84.669785659, 9.7037253076]","Provincia de Puntarenas, Garabito, Costa Rica","9.7037253076,-84.669785659",needs_id,d_gonzalez,Animalia,Annelida,Polychaeta,Sabellida,Serpulidae,Spirobranchus,Spirobranchus,genus
269043845,4/5/2025,2025-04-05T09:02:00-06:00,Sabellastarte,121447,"[-84.669785659, 9.7037253076]","Provincia de Puntarenas, Garabito, Costa Rica","9.7037253076,-84.669785659",needs_id,d_gonzalez,Animalia,Annelida,Polychaeta,Sabellida,Sabellidae,Sabellastarte,Sabellastarte,genus
269043844,4/5/2025,2025-04-05T09:02:00-06:00,Jewel Moray,85111,"[-84.669785659, 9.7037253076]","Provincia de Puntarenas, Garabito, Costa Rica","9.7037253076,-84.669785659",research,d_gonzalez,Animalia,Chordata,Teleostei,Anguilliformes,Muraenidae,Muraena,Muraena lentiginosa,species
269043840,4/5/2025,2025-04-05T09:02:00-06:00,Cauliflower Corals,60547,"[-84.669785659, 9.7037253076]","Provincia de Puntarenas, Garabito, Costa Rica","9.7037253076,-84.669785659",needs_id,d_gonzalez,Animalia,Cnidaria,Hexacorallia,Scleractinia,Pocilloporidae,Pocillopora,Pocillopora,genus
269043839,4/5/2025,2025-04-05T09:02:00-06:00,Caridean Shrimps,342912,"[-84.669785659, 9.7037253076]","Provincia de Puntarenas, Garabito, Costa Rica","9.7037253076,-84.669785659",needs_id,d_gonzalez,Animalia,Arthropoda,Malacostraca,Decapoda,,,Caridea,infraorder
269043838,4/5/2025,2025-04-05T09:02:00-06:00,Pyramid Sea Star,344899,"[-84.669785659, 9.7037253076]","Provincia de Puntarenas, Garabito, Costa Rica","9.7037253076,-84.669785659",needs_id,d_gonzalez,Animalia,Echinodermata,Asteroidea,Valvatida,Ophidiasteridae,Pharia,Pharia pyramidata,species
269043834,4/5/2025,2025-04-05T09:02:00-06:00,Snowflake Coral,51012,"[-84.669785659, 9.7037253076]","Provincia de Puntarenas, Garabito, Costa Rica","9.7037253076,-84.669785659",needs_id,d_gonzalez,Animalia,Cnidaria,Octocorallia,Malacalcyonacea,Carijoidae,Carijoa,Carijoa riisei,species
269043833,4/5/2025,2025-04-05T09:02:00-06:00,Muricea,132267,"[-84.669785659, 9.7037253076]","Provincia de Puntarenas, Garabito, Costa Rica","9.7037253076,-84.669785659",needs_id,d_gonzalez,Animalia,Cnidaria,Octocorallia,Malacalcyonacea,Plexauridae,Muricea,Muricea,genus
269043830,4/5/2025,2025-04-05T09:02:00-06:00,Stony Corals,47532,"[-84.669785659, 9.7037253076]","Provincia de Puntarenas, Garabito, Costa Rica","9.7037253076,-84.669785659",needs_id,d_gonzalez,Animalia,Cnidaria,Hexacorallia,Scleractinia,,,Scleractinia,order
268166797,3/23/2025,2025-03-23T13:29:00-06:00,Spotted Rose Snapper,104857,"[-84.6698285746, 9.7052270027]","Provincia de Puntarenas, Garabito, Costa Rica","9.7052270027,-84.6698285746",research,d_gonzalez,Animalia,Chordata,Teleostei,Eupercaria incertae sedis,Lutjanidae,Lutjanus,Lutjanus guttatus,species
268166796,3/23/2025,2025-03-23T13:23:00-06:00,Starry Grouper,67529,"[-84.6698285746, 9.7052270027]","Provincia de Puntarenas, Garabito, Costa Rica","9.7052270027,-84.6698285746",research,d_gonzalez,Animalia,Chordata,Teleostei,Perciformes,Epinephelidae,Epinephelus,Epinephelus labriformis,species
268166792,3/23/2025,2025-03-23T13:11:00-06:00,White-spotted Puffer,144017,"[-84.6698285746, 9.7052270027]","Provincia de Puntarenas, Garabito, Costa Rica","9.7052270027,-84.6698285746",research,d_gonzalez,Animalia,Chordata,Teleostei,Tetraodontiformes,Tetraodontidae,Arothron,Arothron hispidus,species
268166791,3/23/2025,2025-03-23T12:56:00-06:00,Brittle Stars,48836,"[-84.6698285746, 9.7052270027]","Provincia de Puntarenas, Garabito, Costa Rica","9.7052270027,-84.6698285746",needs_id,d_gonzalez,Animalia,Echinodermata,Ophiuroidea,,,,Ophiuroidea,class
268166790,3/23/2025,2025-03-23T12:56:00-06:00,Axinellidae,131769,"[-84.6698285746, 9.7052270027]","Provincia de Puntarenas, Garabito, Costa Rica","9.7052270027,-84.6698285746",needs_id,d_gonzalez,Animalia,Porifera,Demospongiae,Axinellida,Axinellidae,,Axinellidae,family
268166785,3/23/2025,2025-03-23T11:19:00-06:00,Zoantharians,51198,"[-84.6698285746, 9.7052270027]","Provincia de Puntarenas, Garabito, Costa Rica","9.7052270027,-84.6698285746",needs_id,d_gonzalez,Animalia,Cnidaria,Hexacorallia,Zoantharia,,,Zoantharia,order
268166784,3/23/2025,2025-03-23T11:28:00-06:00,Cortez Angelfish,110022,"[-84.6698285746, 9.7052270027]","Provincia de Puntarenas, Garabito, Costa Rica","9.7052270027,-84.6698285746",research,d_gonzalez,Animalia,Chordata,Teleostei,Acanthuriformes,Pomacanthidae,Pomacanthus,Pomacanthus zonipectus,species
268166783,3/23/2025,2025-03-23T11:19:00-06:00,Filtering Sea Cucumbers,49482,"[-84.6698285746, 9.7052270027]","Provincia de Puntarenas, Garabito, Costa Rica","9.7052270027,-84.6698285746",needs_id,d_gonzalez,Animalia,Echinodermata,Holothuroidea,Dendrochirotida,,,Dendrochirotida,order
268166779,3/23/2025,2025-03-23T11:18:00-06:00,Pacifigorgia,195539,"[-84.6698285746, 9.7052270027]","Provincia de Puntarenas, Garabito, Costa Rica","9.7052270027,-84.6698285746",needs_id,d_gonzalez,Animalia,Cnidaria,Octocorallia,Malacalcyonacea,Gorgoniidae,Pacifigorgia,Pacifigorgia,genus
268166778,3/23/2025,2025-03-23T10:55:00-06:00,Filtering Sea Cucumbers,49482,"[-84.6698285746, 9.7052270027]","Provincia de Puntarenas, Garabito, Costa Rica","9.7052270027,-84.6698285746",needs_id,d_gonzalez,Animalia,Echinodermata,Holothuroidea,Dendrochirotida,,,Dendrochirotida,order
268166777,3/23/2025,2025-03-23T10:51:00-06:00,Rose Flower Urchin,195811,"[-84.6698285746, 9.7052270027]","Provincia de Puntarenas, Garabito, Costa Rica","9.7052270027,-84.6698285746",needs_id,d_gonzalez,Animalia,Echinodermata,Echinoidea,Camarodonta,Toxopneustidae,Toxopneustes,Toxopneustes roseus,species
268166775,3/23/2025,2025-03-23T10:47:00-06:00,Stony Corals,47532,"[-84.6698285746, 9.7052270027]","Provincia de Puntarenas, Garabito, Costa Rica","9.7052270027,-84.6698285746",needs_id,d_gonzalez,Animalia,Cnidaria,Hexacorallia,Scleractinia,,,Scleractinia,order
268166774,3/23/2025,2025-03-23T10:45:00-06:00,Tailspot cardinalfish,94397,"[-84.6698285746, 9.7052270027]","Provincia de Puntarenas, Garabito, Costa Rica","9.7052270027,-84.6698285746",research,d_gonzalez,Animalia,Chordata,Teleostei,Kurtiformes,Apogonidae,Apogon,Apogon dovii,species
268166772,3/23/2025,2025-03-23T10:44:00-06:00,Needle Sea Urchin,83298,"[-84.6698285746, 9.7052270027]","Provincia de Puntarenas, Garabito, Costa Rica","9.7052270027,-84.6698285746",needs_id,d_gonzalez,Animalia,Echinodermata,Echinoidea,Diadematoida,Diadematidae,Diadema,Diadema mexicanum,species
268166768,3/23/2025,2025-03-23T10:44:00-06:00,Panamic Arrow Crab,195311,"[-84.6698285746, 9.7052270027]","Provincia de Puntarenas, Garabito, Costa Rica","9.7052270027,-84.6698285746",needs_id,d_gonzalez,Animalia,Arthropoda,Malacostraca,Decapoda,Inachoididae,Stenorhynchus,Stenorhynchus debilis,species
268166767,3/23/2025,2025-03-23T10:36:00-06:00,Pavona gigantea,108980,"[-84.6698285746, 9.7052270027]","Provincia de Puntarenas, Garabito, Costa Rica","9.7052270027,-84.6698285746",needs_id,d_gonzalez,Animalia,Cnidaria,Hexacorallia,Scleractinia,Agariciidae,Pavona,Pavona gigantea,species
268166766,3/22/2025,2025-03-22T14:47:00-06:00,Cortez Angelfish,110022,"[-84.6697642016, 9.7030907881]","Provincia de Puntarenas, Garabito, Costa Rica","9.7030907881,-84.6697642016",research,d_gonzalez,Animalia,Chordata,Teleostei,Acanthuriformes,Pomacanthidae,Pomacanthus,Pomacanthus zonipectus,species
268166764,3/22/2025,2025-03-22T14:47:00-06:00,Three-banded Butterflyfish,55534,"[-84.6697642016, 9.7030907881]","Provincia de Puntarenas, Garabito, Costa Rica","9.7030907881,-84.6697642016",research,d_gonzalez,Animalia,Chordata,Teleostei,Acanthuriformes,Chaetodontidae,Chaetodon,Chaetodon humeralis,species
268166763,3/22/2025,2025-03-22T14:01:00-06:00,Wrasses and Parrotfishes,49284,"[-84.6697642016, 9.7030907881]","Provincia de Puntarenas, Garabito, Costa Rica","9.7030907881,-84.6697642016",needs_id,d_gonzalez,Animalia,Chordata,Teleostei,Eupercaria incertae sedis,Labridae,,Labridae,family
268166761,3/22/2025,2025-03-22T14:46:00-06:00,Panamic Porkfish,94136,"[-84.6697642016, 9.7030907881]","Provincia de Puntarenas, Garabito, Costa Rica","9.7030907881,-84.6697642016",research,d_gonzalez,Animalia,Chordata,Teleostei,Eupercaria incertae sedis,Haemulidae,Anisotremus,Anisotremus taeniatus,species
268166760,3/23/2025,2025-03-23T19:05:00-06:00,Green Spiny Lobster,108357,"[-84.6698665908, 9.7053733722]","Garabito, CR-PU, CR","9.7053733722,-84.6698665908",needs_id,d_gonzalez,Animalia,Arthropoda,Malacostraca,Decapoda,Palinuridae,Panulirus,Panulirus gracilis,species
268166759,3/23/2025,2025-03-23T19:05:00-06:00,Octocorals,340493,"[-84.6697329437, 9.7052754429]","Provincia de Puntarenas, Garabito, Costa Rica","9.7052754429,-84.6697329437",needs_id,d_gonzalez,Animalia,Cnidaria,Octocorallia,,,,Octocorallia,subclass
268166757,3/23/2025,2025-03-23T19:05:00-06:00,Longspined Porcupinefish,49269,"[-84.6697329437, 9.7052754429]","Provincia de Puntarenas, Garabito, Costa Rica","9.7052754429,-84.6697329437",research,d_gonzalez,Animalia,Chordata,Teleostei,Tetraodontiformes,Diodontidae,Diodon,Diodon holocanthus,species
268166754,3/23/2025,2025-03-23T19:05:00-06:00,Longspined Porcupinefish,49269,"[-84.6697329437, 9.7052754429]","Provincia de Puntarenas, Garabito, Costa Rica","9.7052754429,-84.6697329437",research,d_gonzalez,Animalia,Chordata,Teleostei,Tetraodontiformes,Diodontidae,Diodon,Diodon holocanthus,species
268166753,3/23/2025,2025-03-23T19:05:00-06:00,Blue-spotted Cornetfish,57399,"[-84.6697329437, 9.7052754429]","Provincia de Puntarenas, Garabito, Costa Rica","9.7052754429,-84.6697329437",research,d_gonzalez,Animalia,Chordata,Teleostei,Syngnathiformes,Fistulariidae,Fistularia,Fistularia commersonii,species
268166752,3/23/2025,2025-03-23T19:05:00-06:00,Bluntspine Blenny,93031,"[-84.6697329437, 9.7052754429]","Provincia de Puntarenas, Garabito, Costa Rica","9.7052754429,-84.6697329437",research,d_gonzalez,Animalia,Chordata,Teleostei,Blenniiformes,Chaenopsidae,Acanthemblemaria,Acanthemblemaria exilispinus,species
268166751,3/23/2025,2025-03-23T19:05:00-06:00,Thorny Oysters,123464,"[-84.6697329437, 9.7052754429]","Provincia de Puntarenas, Garabito, Costa Rica","9.7052754429,-84.6697329437",needs_id,d_gonzalez,Animalia,Mollusca,Bivalvia,Pectinida,Spondylidae,Spondylus,Spondylus,genus
268166750,3/23/2025,2025-03-23T19:05:00-06:00,Agassiz's Chromodorid,437705,"[-84.6697329437, 9.7052754429]","Provincia de Puntarenas, Garabito, Costa Rica","9.7052754429,-84.6697329437",research,d_gonzalez,Animalia,Mollusca,Gastropoda,Nudibranchia,Chromodorididae,Felimare,Felimare agassizii,species
268166748,3/23/2025,2025-03-23T19:05:00-06:00,Needle Sea Urchin,83298,"[-84.6697329437, 9.7052754429]","Provincia de Puntarenas, Garabito, Costa Rica","9.7052754429,-84.6697329437",needs_id,d_gonzalez,Animalia,Echinodermata,Echinoidea,Diadematoida,Diadematidae,Diadema,Diadema mexicanum,species
268166747,3/23/2025,2025-03-23T19:05:00-06:00,Thorny Oysters,123464,"[-84.6697329437, 9.7052754429]","Provincia de Puntarenas, Garabito, Costa Rica","9.7052754429,-84.6697329437",needs_id,d_gonzalez,Animalia,Mollusca,Bivalvia,Pectinida,Spondylidae,Spondylus,Spondylus,genus
268166746,3/23/2025,2025-03-23T19:05:00-06:00,Thorny Oysters,123464,"[-84.6697329437, 9.7052754429]","Provincia de Puntarenas, Garabito, Costa Rica","9.7052754429,-84.6697329437",needs_id,d_gonzalez,Animalia,Mollusca,Bivalvia,Pectinida,Spondylidae,Spondylus,Spondylus,genus
268166745,3/23/2025,2025-03-23T19:05:00-06:00,Brown Gorgonian,485384,"[-84.6697329437, 9.7052754429]","Provincia de Puntarenas, Garabito, Costa Rica","9.7052754429,-84.6697329437",needs_id,d_gonzalez,Animalia,Cnidaria,Octocorallia,Malacalcyonacea,Plexauridae,Muricea,Muricea fruticosa,species
268166744,3/23/2025,2025-03-23T19:05:00-06:00,Muricea,132267,"[-84.6697329437, 9.7052754429]","Provincia de Puntarenas, Garabito, Costa Rica","9.7052754429,-84.6697329437",needs_id,d_gonzalez,Animalia,Cnidaria,Octocorallia,Malacalcyonacea,Plexauridae,Muricea,Muricea,genus
268166743,3/23/2025,2025-03-23T19:05:00-06:00,Silver Gray Grunt,94129,"[-84.6697329437, 9.7052754429]","Provincia de Puntarenas, Garabito, Costa Rica","9.7052754429,-84.6697329437",research,d_gonzalez,Animalia,Chordata,Teleostei,Eupercaria incertae sedis,Haemulidae,Anisotremus,Anisotremus caesius,species
268166742,3/23/2025,2025-03-23T19:05:00-06:00,Brittle Stars,48836,"[-84.6697329437, 9.7052754429]","Provincia de Puntarenas, Garabito, Costa Rica","9.7052754429,-84.6697329437",needs_id,d_gonzalez,Animalia,Echinodermata,Ophiuroidea,,,,Ophiuroidea,class
268166740,3/23/2025,2025-03-23T19:05:00-06:00,Filtering Sea Cucumbers,49482,"[-84.6697329437, 9.7052754429]","Provincia de Puntarenas, Garabito, Costa Rica","9.7052754429,-84.6697329437",needs_id,d_gonzalez,Animalia,Echinodermata,Holothuroidea,Dendrochirotida,,,Dendrochirotida,order
268166739,3/23/2025,2025-03-23T19:05:00-06:00,Mottled Soapfish,111903,"[-84.6697329437, 9.7052754429]","Provincia de Puntarenas, Garabito, Costa Rica","9.7052754429,-84.6697329437",needs_id,d_gonzalez,Animalia,Chordata,Teleostei,Perciformes,Grammistidae,Rypticus,Rypticus bicolor,species
268166738,3/23/2025,2025-03-23T19:05:00-06:00,Pyramid Sea Star,344899,"[-84.6697329437, 9.7052754429]","Provincia de Puntarenas, Garabito, Costa Rica","9.7052754429,-84.6697329437",research,d_gonzalez,Animalia,Echinodermata,Asteroidea,Valvatida,Ophidiasteridae,Pharia,Pharia pyramidata,species
268166736,3/23/2025,2025-03-23T19:05:00-06:00,Blue Sea Star,195833,"[-84.6697329437, 9.7052754429]","Provincia de Puntarenas, Garabito, Costa Rica","9.7052754429,-84.6697329437",needs_id,d_gonzalez,Animalia,Echinodermata,Asteroidea,Valvatida,Ophidiasteridae,Phataria,Phataria unifascialis,species
268166735,3/23/2025,2025-03-23T19:05:00-06:00,Green Spiny Lobster,108357,"[-84.6697329437, 9.7052754429]","Provincia de Puntarenas, Garabito, Costa Rica","9.7052754429,-84.6697329437",needs_id,d_gonzalez,Animalia,Arthropoda,Malacostraca,Decapoda,Palinuridae,Panulirus,Panulirus gracilis,species
268166734,3/23/2025,2025-03-23T19:05:00-06:00,Axinellidae,131769,"[-84.6697329437, 9.7052754429]","Provincia de Puntarenas, Garabito, Costa Rica","9.7052754429,-84.6697329437",needs_id,d_gonzalez,Animalia,Porifera,Demospongiae,Axinellida,Axinellidae,,Axinellidae,family
268166733,3/23/2025,2025-03-23T19:05:00-06:00,Thorny Oysters,123464,"[-84.6697329437, 9.7052754429]","Provincia de Puntarenas, Garabito, Costa Rica","9.7052754429,-84.6697329437",needs_id,d_gonzalez,Animalia,Mollusca,Bivalvia,Pectinida,Spondylidae,Spondylus,Spondylus,genus
268166732,3/23/2025,2025-03-23T19:05:00-06:00,Stone Scorpionfish,112345,"[-84.6697329437, 9.7052754429]","Provincia de Puntarenas, Garabito, Costa Rica","9.7052754429,-84.6697329437",research,d_gonzalez,Animalia,Chordata,Teleostei,Perciformes,Scorpaenidae,Scorpaena,Scorpaena mystes,species
268166730,3/23/2025,2025-03-23T19:05:00-06:00,Feather Duster Worms,49282,"[-84.6697329437, 9.7052754429]","Provincia de Puntarenas, Garabito, Costa Rica","9.7052754429,-84.6697329437",needs_id,d_gonzalez,Animalia,Annelida,Polychaeta,Sabellida,Sabellidae,,Sabellidae,family
268166727,3/23/2025,2025-03-23T19:05:00-06:00,Pacific Graysby,97000,"[-84.6697329437, 9.7052754429]","Provincia de Puntarenas, Garabito, Costa Rica","9.7052754429,-84.6697329437",research,d_gonzalez,Animalia,Chordata,Teleostei,Perciformes,Epinephelidae,Cephalopholis,Cephalopholis panamensis,species
268166725,3/23/2025,2025-03-23T19:05:00-06:00,Brown Sea Cucumber,195747,"[-84.7630297395, 9.6043993705]","Puntarenas, CR","9.6043993705,-84.7630297395",research,d_gonzalez,Animalia,Echinodermata,Holothuroidea,Synallactida,Stichopodidae,Isostichopus,Isostichopus fuscus,species
268166724,3/22/2025,2025-03-22T14:01:00-06:00,Pacific Yellowfin Mojarra,187420,"[-84.6697642016, 9.7030907881]","Provincia de Puntarenas, Garabito, Costa Rica","9.7030907881,-84.6697642016",needs_id,d_gonzalez,Animalia,Chordata,Teleostei,Eupercaria incertae sedis,Gerreidae,Gerres,Gerres simillimus,species
268166722,3/22/2025,2025-03-22T14:01:00-06:00,Hancock's Blenny,93032,"[-84.6697642016, 9.7030907881]","Provincia de Puntarenas, Garabito, Costa Rica","9.7030907881,-84.6697642016",research,d_gonzalez,Animalia,Chordata,Teleostei,Blenniiformes,Chaenopsidae,Acanthemblemaria,Acanthemblemaria hancocki,species
268166721,3/22/2025,2025-03-22T14:01:00-06:00,Zoantharians,51198,"[-84.6697642016, 9.7030907881]","Provincia de Puntarenas, Garabito, Costa Rica","9.7030907881,-84.6697642016",needs_id,d_gonzalez,Animalia,Cnidaria,Hexacorallia,Zoantharia,,,Zoantharia,order
268166720,3/22/2025,2025-03-22T14:01:00-06:00,Hancock's Blenny,93032,"[-84.6697642016, 9.7030907881]","Provincia de Puntarenas, Garabito, Costa Rica","9.7030907881,-84.6697642016",research,d_gonzalez,Animalia,Chordata,Teleostei,Blenniiformes,Chaenopsidae,Acanthemblemaria,Acanthemblemaria hancocki,species
268166719,3/22/2025,2025-03-22T14:01:00-06:00,Demosponges,57736,"[-84.6697642016, 9.7030907881]","Provincia de Puntarenas, Garabito, Costa Rica","9.7030907881,-84.6697642016",needs_id,d_gonzalez,Animalia,Porifera,Demospongiae,,,,Demospongiae,class
268166718,3/22/2025,2025-03-22T14:01:00-06:00,Snowflake Coral,51012,"[-84.6697642016, 9.7030907881]","Provincia de Puntarenas, Garabito, Costa Rica","9.7030907881,-84.6697642016",needs_id,d_gonzalez,Animalia,Cnidaria,Octocorallia,Malacalcyonacea,Carijoidae,Carijoa,Carijoa riisei,species
268166717,3/22/2025,2025-03-22T14:01:00-06:00,Feather Duster Worms,49282,"[-84.6697642016, 9.7030907881]","Provincia de Puntarenas, Garabito, Costa Rica","9.7030907881,-84.6697642016",needs_id,d_gonzalez,Animalia,Annelida,Polychaeta,Sabellida,Sabellidae,,Sabellidae,family
268166716,3/22/2025,2025-03-22T14:01:00-06:00,Needle Sea Urchin,83298,"[-84.6697642016, 9.7030907881]","Provincia de Puntarenas, Garabito, Costa Rica","9.7030907881,-84.6697642016",needs_id,d_gonzalez,Animalia,Echinodermata,Echinoidea,Diadematoida,Diadematidae,Diadema,Diadema mexicanum,species
268166715,3/22/2025,2025-03-22T14:01:00-06:00,Christmas Tree Hydroid,195464,"[-84.6697642016, 9.7030907881]","Provincia de Puntarenas, Garabito, Costa Rica","9.7030907881,-84.6697642016",needs_id,d_gonzalez,Animalia,Cnidaria,Hydrozoa,Anthoathecata,Pennariidae,Pennaria,Pennaria disticha,species
268166713,3/22/2025,2025-03-22T14:01:00-06:00,Rhopalaea birkelandi,338499,"[-84.6697642016, 9.7030907881]","Provincia de Puntarenas, Garabito, Costa Rica","9.7030907881,-84.6697642016",needs_id,d_gonzalez,Animalia,Chordata,Ascidiacea,Aplousobranchia,Diazonidae,Rhopalaea,Rhopalaea birkelandi,species
260095268,1/12/2025,2025-01-12T11:52:00-06:00,Bluefin Trevally,123690,"[-83.8817571, 8.707268]","Isla del Cano, Costa Rica","8.707268,-83.8817571",research,d_gonzalez,Animalia,Chordata,Teleostei,Carangiformes,Carangidae,Caranx,Caranx melampygus,species
260095267,1/12/2025,2025-01-12T11:53:00-06:00,Feather Duster Worms,49282,"[-83.8817571, 8.707268]","Isla del Cano, Costa Rica","8.707268,-83.8817571",needs_id,d_gonzalez,Animalia,Annelida,Polychaeta,Sabellida,Sabellidae,,Sabellidae,family
260095266,1/12/2025,2025-01-12T11:51:00-06:00,Rockmover Wrasse,63597,"[-83.8817571, 8.707268]","Isla del Cano, Costa Rica","8.707268,-83.8817571",research,d_gonzalez,Animalia,Chordata,Teleostei,Eupercaria incertae sedis,Labridae,Novaculichthys,Novaculichthys taeniourus,species
260095265,1/12/2025,2025-01-12T11:49:00-06:00,Yellow Snapper,47293,"[-83.8817571, 8.707268]","Isla del Cano, Costa Rica","8.707268,-83.8817571",research,d_gonzalez,Animalia,Chordata,Teleostei,Eupercaria incertae sedis,Lutjanidae,Lutjanus,Lutjanus argentiventris,species
260095264,1/12/2025,2025-01-12T11:49:00-06:00,Bluefin Trevally,123690,"[-83.8817571, 8.707268]","Isla del Cano, Costa Rica","8.707268,-83.8817571",research,d_gonzalez,Animalia,Chordata,Teleostei,Carangiformes,Carangidae,Caranx,Caranx melampygus,species
260095263,1/12/2025,2025-01-12T11:49:00-06:00,Leather Bass,83293,"[-83.8817571, 8.707268]","Isla del Cano, Costa Rica","8.707268,-83.8817571",needs_id,d_gonzalez,Animalia,Chordata,Teleostei,Perciformes,Epinephelidae,Dermatolepis,Dermatolepis dermatolepis,species
260095262,1/12/2025,2025-01-12T11:45:00-06:00,Leopard Round Stingray,607552,"[-83.8817571, 8.707268]","Isla del Cano, Costa Rica","8.707268,-83.8817571",research,d_gonzalez,Animalia,Chordata,Elasmobranchii,Myliobatiformes,Urotrygonidae,Urobatis,Urobatis pardalis,species
260095261,1/12/2025,2025-01-12T11:35:00-06:00,King Angelfish,56797,"[-83.8817571, 8.707268]","Isla del Cano, Costa Rica","8.707268,-83.8817571",research,d_gonzalez,Animalia,Chordata,Teleostei,Acanthuriformes,Pomacanthidae,Holacanthus,Holacanthus passer,species
260095260,1/12/2025,2025-01-12T11:34:00-06:00,Redlip Parrotfish,83297,"[-83.8817571, 8.707268]","Isla del Cano, Costa Rica","8.707268,-83.8817571",needs_id,d_gonzalez,Animalia,Chordata,Teleostei,Eupercaria incertae sedis,Scaridae,Scarus,Scarus rubroviolaceus,species
260095257,1/12/2025,2025-01-12T11:34:00-06:00,King Angelfish,56797,"[-83.8817571, 8.707268]","Isla del Cano, Costa Rica","8.707268,-83.8817571",research,d_gonzalez,Animalia,Chordata,Teleostei,Acanthuriformes,Pomacanthidae,Holacanthus,Holacanthus passer,species
260095256,1/12/2025,2025-01-12T11:31:00-06:00,Yellowfin Surgeonfish,132366,"[-83.8817571, 8.707268]","Isla del Cano, Costa Rica","8.707268,-83.8817571",research,d_gonzalez,Animalia,Chordata,Teleostei,Acanthuriformes,Acanthuridae,Acanthurus,Acanthurus xanthopterus,species
260095252,1/12/2025,2025-01-12T11:31:00-06:00,Yellowfin Surgeonfish,132366,"[-83.8817571, 8.707268]","Isla del Cano, Costa Rica","8.707268,-83.8817571",research,d_gonzalez,Animalia,Chordata,Teleostei,Acanthuriformes,Acanthuridae,Acanthurus,Acanthurus xanthopterus,species
260095250,1/12/2025,2025-01-12T11:31:00-06:00,Blue-barred Parrotfish,84175,"[-83.8817571, 8.707268]","Isla del Cano, Costa Rica","8.707268,-83.8817571",research,d_gonzalez,Animalia,Chordata,Teleostei,Eupercaria incertae sedis,Scaridae,Scarus,Scarus ghobban,species
260095249,1/12/2025,2025-01-12T11:31:00-06:00,Yellow Snapper,47293,"[-83.8817571, 8.707268]","Isla del Cano, Costa Rica","8.707268,-83.8817571",research,d_gonzalez,Animalia,Chordata,Teleostei,Eupercaria incertae sedis,Lutjanidae,Lutjanus,Lutjanus argentiventris,species
260095246,1/12/2025,2025-01-12T11:28:00-06:00,Heteroconger,88872,"[-83.8817571, 8.707268]","Isla del Cano, Costa Rica","8.707268,-83.8817571",needs_id,d_gonzalez,Animalia,Chordata,Teleostei,Anguilliformes,Congridae,Heteroconger,Heteroconger,genus
260095245,1/12/2025,2025-01-12T11:26:00-06:00,Panamic Porkfish,94136,"[-83.8817571, 8.707268]","Isla del Cano, Costa Rica","8.707268,-83.8817571",research,d_gonzalez,Animalia,Chordata,Teleostei,Eupercaria incertae sedis,Haemulidae,Anisotremus,Anisotremus taeniatus,species
260095243,1/12/2025,2025-01-12T10:33:00-06:00,Razor Surgeonfish,56772,"[-83.8817571, 8.707268]","Isla del Cano, Costa Rica","8.707268,-83.8817571",research,d_gonzalez,Animalia,Chordata,Teleostei,Acanthuriformes,Acanthuridae,Prionurus,Prionurus laticlavius,species
260095241,1/12/2025,2025-01-12T10:32:00-06:00,Giant Damselfish,105832,"[-83.8817571, 8.707268]","Isla del Cano, Costa Rica","8.707268,-83.8817571",research,d_gonzalez,Animalia,Chordata,Teleostei,Ovalentaria incertae sedis,Pomacentridae,Microspathodon,Microspathodon dorsalis,species
260095240,1/12/2025,2025-01-12T10:32:00-06:00,Spotted Porcupinefish,52313,"[-83.8817571, 8.707268]","Isla del Cano, Costa Rica","8.707268,-83.8817571",research,d_gonzalez,Animalia,Chordata,Teleostei,Tetraodontiformes,Diodontidae,Diodon,Diodon hystrix,species
260095239,1/12/2025,2025-01-12T10:31:00-06:00,Blue-and-gold Snapper,104862,"[-83.8817571, 8.707268]","Isla del Cano, Costa Rica","8.707268,-83.8817571",research,d_gonzalez,Animalia,Chordata,Teleostei,Eupercaria incertae sedis,Lutjanidae,Lutjanus,Lutjanus viridis,species
260095238,1/12/2025,2025-01-12T10:31:00-06:00,Razor Surgeonfish,56772,"[-83.8817571, 8.707268]","Isla del Cano, Costa Rica","8.707268,-83.8817571",research,d_gonzalez,Animalia,Chordata,Teleostei,Acanthuriformes,Acanthuridae,Prionurus,Prionurus laticlavius,species
260095237,1/12/2025,2025-01-12T10:29:00-06:00,Spotted Porcupinefish,52313,"[-83.8817571, 8.707268]","Isla del Cano, Costa Rica","8.707268,-83.8817571",research,d_gonzalez,Animalia,Chordata,Teleostei,Tetraodontiformes,Diodontidae,Diodon,Diodon hystrix,species
260095235,1/12/2025,2025-01-12T10:26:00-06:00,Needle Sea Urchin,83298,"[-83.8817571, 8.707268]","Isla del Cano, Costa Rica","8.707268,-83.8817571",needs_id,d_gonzalez,Animalia,Echinodermata,Echinoidea,Diadematoida,Diadematidae,Diadema,Diadema mexicanum,species
260095234,1/12/2025,2025-01-12T10:20:00-06:00,Blue-and-gold Snapper,104862,"[-83.8817571, 8.707268]","Isla del Cano, Costa Rica","8.707268,-83.8817571",research,d_gonzalez,Animalia,Chordata,Teleostei,Eupercaria incertae sedis,Lutjanidae,Lutjanus,Lutjanus viridis,species
260095233,1/12/2025,2025-01-12T10:20:00-06:00,Blue-spotted Bristletooth,123528,"[-83.8817571, 8.707268]","Isla del Cano, Costa Rica","8.707268,-83.8817571",research,d_gonzalez,Animalia,Chordata,Teleostei,Acanthuriformes,Acanthuridae,Ctenochaetus,Ctenochaetus marginatus,species
260095231,1/12/2025,2025-01-12T10:19:00-06:00,Orangeside Triggerfish,57295,"[-83.8817571, 8.707268]","Isla del Cano, Costa Rica","8.707268,-83.8817571",research,d_gonzalez,Animalia,Chordata,Teleostei,Tetraodontiformes,Balistidae,Sufflamen,Sufflamen verres,species
260095230,1/12/2025,2025-01-12T10:18:00-06:00,Mexican Hogfish,57333,"[-83.8817571, 8.707268]","Isla del Cano, Costa Rica","8.707268,-83.8817571",research,d_gonzalez,Animalia,Chordata,Teleostei,Eupercaria incertae sedis,Labridae,Bodianus,Bodianus diplotaenia,species
260095229,1/12/2025,2025-01-12T10:15:00-06:00,Yellowfin Surgeonfish,132366,"[-83.8817571, 8.707268]","Isla del Cano, Costa Rica","8.707268,-83.8817571",needs_id,d_gonzalez,Animalia,Chordata,Teleostei,Acanthuriformes,Acanthuridae,Acanthurus,Acanthurus xanthopterus,species
260095228,1/12/2025,2025-01-12T10:13:00-06:00,Chestnut Moray,85113,"[-83.8817571, 8.707268]","Isla del Cano, Costa Rica","8.707268,-83.8817571",research,d_gonzalez,Animalia,Chordata,Teleostei,Anguilliformes,Muraenidae,Gymnothorax,Gymnothorax castaneus,species
260095227,1/12/2025,2025-01-12T11:56:00-06:00,Lisa's Mantis Shrimp,1474794,"[-83.8817571, 8.707268]","Isla del Cano, Costa Rica","8.707268,-83.8817571",needs_id,d_gonzalez,Animalia,Arthropoda,Malacostraca,Stomatopoda,Lysiosquillidae,Lysiosquilla,Lysiosquilla lisa,species
260095226,1/12/2025,2025-01-12T11:51:00-06:00,Stone Scorpionfish,112345,"[-83.8817571, 8.707268]","Isla del Cano, Costa Rica","8.707268,-83.8817571",needs_id,d_gonzalez,Animalia,Chordata,Teleostei,Perciformes,Scorpaenidae,Scorpaena,Scorpaena mystes,species
260095224,1/12/2025,2025-01-12T11:41:00-06:00,Octopuses,47458,"[-83.8817571, 8.707268]","Isla del Cano, Costa Rica","8.707268,-83.8817571",needs_id,d_gonzalez,Animalia,Mollusca,Cephalopoda,Octopoda,,,Octopoda,order
260095223,1/12/2025,2025-01-12T11:44:00-06:00,Leopard Round Stingray,607552,"[-83.8817571, 8.707268]","Isla del Cano, Costa Rica","8.707268,-83.8817571",research,d_gonzalez,Animalia,Chordata,Elasmobranchii,Myliobatiformes,Urotrygonidae,Urobatis,Urobatis pardalis,species
260095221,1/12/2025,2025-01-12T11:40:00-06:00,Leopard Round Stingray,607552,"[-83.8817571, 8.707268]","Isla del Cano, Costa Rica","8.707268,-83.8817571",research,d_gonzalez,Animalia,Chordata,Elasmobranchii,Myliobatiformes,Urotrygonidae,Urobatis,Urobatis pardalis,species
260095220,1/12/2025,2025-01-12T11:37:00-06:00,Tubulariidae,48920,"[-83.8817571, 8.707268]","Isla del Cano, Costa Rica","8.707268,-83.8817571",needs_id,d_gonzalez,Animalia,Cnidaria,Hydrozoa,Anthoathecata,Tubulariidae,,Tubulariidae,family
260095219,1/12/2025,2025-01-12T11:35:00-06:00,Yellow Snapper,47293,"[-83.8817571, 8.707268]","Isla del Cano, Costa Rica","8.707268,-83.8817571",research,d_gonzalez,Animalia,Chordata,Teleostei,Eupercaria incertae sedis,Lutjanidae,Lutjanus,Lutjanus argentiventris,species
260095217,1/12/2025,2025-01-12T11:33:00-06:00,Moorish Idol,83290,"[-83.8817571, 8.707268]","Isla del Cano, Costa Rica","8.707268,-83.8817571",research,d_gonzalez,Animalia,Chordata,Teleostei,Acanthuriformes,Zanclidae,Zanclus,Zanclus cornutus,species
260095216,1/12/2025,2025-01-12T11:32:00-06:00,Leopard Round Stingray,607552,"[-83.8817571, 8.707268]","Isla del Cano, Costa Rica","8.707268,-83.8817571",research,d_gonzalez,Animalia,Chordata,Elasmobranchii,Myliobatiformes,Urotrygonidae,Urobatis,Urobatis pardalis,species
260095215,1/12/2025,2025-01-12T11:29:00-06:00,Stone Scorpionfish,112345,"[-83.8817571, 8.707268]","Isla del Cano, Costa Rica","8.707268,-83.8817571",needs_id,d_gonzalez,Animalia,Chordata,Teleostei,Perciformes,Scorpaenidae,Scorpaena,Scorpaena mystes,species
260095213,1/12/2025,2025-01-12T10:32:00-06:00,Redlip Parrotfish,83297,"[-83.8817571, 8.707268]","Isla del Cano, Costa Rica","8.707268,-83.8817571",research,d_gonzalez,Animalia,Chordata,Teleostei,Eupercaria incertae sedis,Scaridae,Scarus,Scarus rubroviolaceus,species
260095211,1/12/2025,2025-01-12T10:31:00-06:00,"Butterflyfishes, Angelfishes, and Allies",1303726,"[-83.8817571, 8.707268]","Isla del Cano, Costa Rica","8.707268,-83.8817571",needs_id,d_gonzalez,Animalia,Chordata,Teleostei,Acanthuriformes,,,Acanthuriformes,order
260095210,1/12/2025,2025-01-12T10:18:00-06:00,Redlip Parrotfish,83297,"[-83.8817571, 8.707268]","Isla del Cano, Costa Rica","8.707268,-83.8817571",research,d_gonzalez,Animalia,Chordata,Teleostei,Eupercaria incertae sedis,Scaridae,Scarus,Scarus rubroviolaceus,species
260095207,1/12/2025,2025-01-12T10:08:00-06:00,Mccoskerichthys,89786,"[-83.8817571, 8.707268]","Isla del Cano, Costa Rica","8.707268,-83.8817571",needs_id,d_gonzalez,Animalia,Chordata,Teleostei,Blenniiformes,Chaenopsidae,Mccoskerichthys,Mccoskerichthys,genus
260095206,1/12/2025,2025-01-12T10:12:00-06:00,Rockmover Wrasse,63597,"[-83.8817571, 8.707268]","Isla del Cano, Costa Rica","8.707268,-83.8817571",research,d_gonzalez,Animalia,Chordata,Teleostei,Eupercaria incertae sedis,Labridae,Novaculichthys,Novaculichthys taeniourus,species
260095204,1/11/2025,2025-01-11T13:56:00-06:00,Echinolittorina aspera,489205,"[-83.6778375537, 9.0866282432]","Playa Ventanas, Provincia de Puntarenas, Osa, Costa Rica","9.0866282432,-83.6778375537",needs_id,d_gonzalez,Animalia,Mollusca,Gastropoda,Littorinimorpha,Littorinidae,Echinolittorina,Echinolittorina aspera,species
260095201,1/11/2025,2025-01-11T14:05:00-06:00,Rough-ribbed Nerite,201367,"[-83.6778375537, 9.0866282432]","Playa Ventanas, Provincia de Puntarenas, Osa, Costa Rica","9.0866282432,-83.6778375537",research,d_gonzalez,Animalia,Mollusca,Gastropoda,Cycloneritida,Neritidae,Nerita,Nerita scabricosta,species
260095199,1/11/2025,2025-01-11T14:02:00-06:00,Sally Lightfoot Crab,55295,"[-83.6778375537, 9.0866282432]","Playa Ventanas, Provincia de Puntarenas, Osa, Costa Rica","9.0866282432,-83.6778375537",needs_id,d_gonzalez,Animalia,Arthropoda,Malacostraca,Decapoda,Grapsidae,Grapsus,Grapsus grapsus,species
260095198,1/11/2025,2025-01-11T14:04:00-06:00,Brachidontes,52174,"[-83.6778375537, 9.0866282432]","Playa Ventanas, Provincia de Puntarenas, Osa, Costa Rica","9.0866282432,-83.6778375537",needs_id,d_gonzalez,Animalia,Mollusca,Bivalvia,Mytilida,Mytilidae,Brachidontes,Brachidontes,genus
260095195,1/11/2025,2025-01-11T14:01:00-06:00,Rough-ribbed Nerite,201367,"[-83.6778375537, 9.0866282432]","Playa Ventanas, Provincia de Puntarenas, Osa, Costa Rica","9.0866282432,-83.6778375537",needs_id,d_gonzalez,Animalia,Mollusca,Gastropoda,Cycloneritida,Neritidae,Nerita,Nerita scabricosta,species
260095193,1/11/2025,2025-01-11T14:01:00-06:00,Sally Lightfoot Crab,55295,"[-83.6778375537, 9.0866282432]","Playa Ventanas, Provincia de Puntarenas, Osa, Costa Rica","9.0866282432,-83.6778375537",needs_id,d_gonzalez,Animalia,Arthropoda,Malacostraca,Decapoda,Grapsidae,Grapsus,Grapsus grapsus,species
260095191,1/11/2025,2025-01-11T13:59:00-06:00,Rough-ribbed Nerite,201367,"[-83.6778375537, 9.0866282432]","Playa Ventanas, Provincia de Puntarenas, Osa, Costa Rica","9.0866282432,-83.6778375537",research,d_gonzalez,Animalia,Mollusca,Gastropoda,Cycloneritida,Neritidae,Nerita,Nerita scabricosta,species
260095190,1/11/2025,2025-01-11T13:40:00-06:00,Rough-ribbed Nerite,201367,"[-83.6778375537, 9.0866282432]","Playa Ventanas, Provincia de Puntarenas, Osa, Costa Rica","9.0866282432,-83.6778375537",research,d_gonzalez,Animalia,Mollusca,Gastropoda,Cycloneritida,Neritidae,Nerita,Nerita scabricosta,species
260095188,1/11/2025,2025-01-11T13:38:00-06:00,Echinolittorina,246650,"[-83.6778375537, 9.0866282432]","Playa Ventanas, Provincia de Puntarenas, Osa, Costa Rica","9.0866282432,-83.6778375537",needs_id,d_gonzalez,Animalia,Mollusca,Gastropoda,Littorinimorpha,Littorinidae,Echinolittorina,Echinolittorina,genus
260095184,1/11/2025,2025-01-11T13:37:00-06:00,Echinolittorina,246650,"[-83.6778375537, 9.0866282432]","Playa Ventanas, Provincia de Puntarenas, Osa, Costa Rica","9.0866282432,-83.6778375537",needs_id,d_gonzalez,Animalia,Mollusca,Gastropoda,Littorinimorpha,Littorinidae,Echinolittorina,Echinolittorina,genus
257931653,8/4/2024,2024-08-04T13:08:00+01:00,Redbacked Cleaner Shrimp,363940,"[-16.3287769176, 28.3983162338]","Radazul, Santa Cruz de Tenerife, Spain","28.3983162338,-16.3287769176",research,d_gonzalez,Animalia,Arthropoda,Malacostraca,Decapoda,Lysmatidae,Lysmata,Lysmata grabhami,species
257931652,8/4/2024,2024-08-04T13:08:00+01:00,Variable Sea Cucumber,432925,"[-16.3287769176, 28.3983162338]","Radazul, Santa Cruz de Tenerife, Spain","28.3983162338,-16.3287769176",research,d_gonzalez,Animalia,Echinodermata,Holothuroidea,Holothuriida,Holothuriidae,Holothuria,Holothuria sanctori,species
257931651,8/4/2024,2024-08-04T13:08:00+01:00,Branchiomma,132543,"[-16.3287769176, 28.3983162338]","Radazul, Santa Cruz de Tenerife, Spain","28.3983162338,-16.3287769176",needs_id,d_gonzalez,Animalia,Annelida,Polychaeta,Sabellida,Sabellidae,Branchiomma,Branchiomma,genus
257931650,8/4/2024,2024-08-04T13:08:00+01:00,Black-spotted Feather Duster,132542,"[-16.3287769176, 28.3983162338]","Radazul, Santa Cruz de Tenerife, Spain","28.3983162338,-16.3287769176",research,d_gonzalez,Animalia,Annelida,Polychaeta,Sabellida,Sabellidae,Branchiomma,Branchiomma nigromaculatum,species
257931649,8/4/2024,2024-08-04T13:08:00+01:00,Mediterranean Red Sea Star,117446,"[-16.3287769176, 28.3983162338]","Radazul, Santa Cruz de Tenerife, Spain","28.3983162338,-16.3287769176",research,d_gonzalez,Animalia,Echinodermata,Asteroidea,Spinulosida,Echinasteridae,Echinaster,Echinaster sepositus,species
257931648,8/4/2024,2024-08-04T13:08:00+01:00,Grey Triggerfish,49606,"[-16.3287769176, 28.3983162338]","Radazul, Santa Cruz de Tenerife, Spain","28.3983162338,-16.3287769176",research,d_gonzalez,Animalia,Chordata,Teleostei,Tetraodontiformes,Balistidae,Balistes,Balistes capriscus,species
257931647,8/4/2024,2024-08-04T13:08:00+01:00,Spiny Fan Mussel,292173,"[-16.3287769176, 28.3983162338]","Radazul, Santa Cruz de Tenerife, Spain","28.3983162338,-16.3287769176",research,d_gonzalez,Animalia,Mollusca,Bivalvia,Ostreida,Pinnidae,Pinna,Pinna rudis,species
257931646,8/4/2024,2024-08-04T13:08:00+01:00,Atlantic Lizardfish,113701,"[-16.3287769176, 28.3983162338]","Radazul, Santa Cruz de Tenerife, Spain","28.3983162338,-16.3287769176",research,d_gonzalez,Animalia,Chordata,Teleostei,Aulopiformes,Synodontidae,Synodus,Synodus saurus,species
257931645,8/4/2024,2024-08-04T13:08:00+01:00,Red Lizardfish,131428,"[-16.3287769176, 28.3983162338]","Radazul, Santa Cruz de Tenerife, Spain","28.3983162338,-16.3287769176",research,d_gonzalez,Animalia,Chordata,Teleostei,Aulopiformes,Synodontidae,Synodus,Synodus synodus,species
257931644,8/4/2024,2024-08-04T13:08:00+01:00,Planehead Filefish,132526,"[-16.3287769176, 28.3983162338]","Radazul, Santa Cruz de Tenerife, Spain","28.3983162338,-16.3287769176",research,d_gonzalez,Animalia,Chordata,Teleostei,Tetraodontiformes,Monacanthidae,Stephanolepis,Stephanolepis hispida,species
257931643,8/4/2024,2024-08-04T13:08:00+01:00,Ornate Wrasse,50972,"[-16.3287769176, 28.3983162338]","Radazul, Santa Cruz de Tenerife, Spain","28.3983162338,-16.3287769176",research,d_gonzalez,Animalia,Chordata,Teleostei,Eupercaria incertae sedis,Labridae,Thalassoma,Thalassoma pavo,species
257931642,8/4/2024,2024-08-04T13:08:00+01:00,European Parrotfish,112860,"[-16.3287769176, 28.3983162338]","Radazul, Santa Cruz de Tenerife, Spain","28.3983162338,-16.3287769176",research,d_gonzalez,Animalia,Chordata,Teleostei,Eupercaria incertae sedis,Scaridae,Sparisoma,Sparisoma cretense,species
257931641,8/4/2024,2024-08-04T13:08:00+01:00,Madeira Scorpionfish,342288,"[-16.3287769176, 28.3983162338]","Radazul, Santa Cruz de Tenerife, Spain","28.3983162338,-16.3287769176",research,d_gonzalez,Animalia,Chordata,Teleostei,Perciformes,Scorpaenidae,Scorpaena,Scorpaena maderensis,species
257931640,8/4/2024,2024-08-04T13:08:00+01:00,Atlantic Purple Sea Urchin,48032,"[-16.3287769176, 28.3983162338]","Radazul, Santa Cruz de Tenerife, Spain","28.3983162338,-16.3287769176",research,d_gonzalez,Animalia,Echinodermata,Echinoidea,Camarodonta,Parechinidae,Paracentrotus,Paracentrotus lividus,species
257930902,7/24/2024,2024-07-24T18:01:00+01:00,Wide-eyed Flounder,118640,"[-16.3133986415, 28.4048787591]","38190 Bocacangrejo, Santa Cruz de Tenerife, Spain","28.4048787591,-16.3133986415",research,d_gonzalez,Animalia,Chordata,Teleostei,Pleuronectiformes,Bothidae,Bothus,Bothus podas,species
257930901,7/24/2024,2024-07-24T18:01:00+01:00,Arrow Crab,363949,"[-16.3133986415, 28.4048787591]","38190 Bocacangrejo, Santa Cruz de Tenerife, Spain","28.4048787591,-16.3133986415",research,d_gonzalez,Animalia,Arthropoda,Malacostraca,Decapoda,Inachoididae,Stenorhynchus,Stenorhynchus lanceolatus,species
257930899,7/24/2024,2024-07-24T18:01:00+01:00,Violet Sea Urchin,118753,"[-16.3133986415, 28.4048787591]","38190 Bocacangrejo, Santa Cruz de Tenerife, Spain","28.4048787591,-16.3133986415",research,d_gonzalez,Animalia,Echinodermata,Echinoidea,Camarodonta,Toxopneustidae,Sphaerechinus,Sphaerechinus granularis,species
257930897,7/24/2024,2024-07-24T18:01:00+01:00,Bearded Fireworm,49520,"[-16.3133986415, 28.4048787591]","38190 Bocacangrejo, Santa Cruz de Tenerife, Spain","28.4048787591,-16.3133986415",research,d_gonzalez,Animalia,Annelida,Polychaeta,Amphinomida,Amphinomidae,Hermodice,Hermodice carunculata,species
257930896,7/24/2024,2024-07-24T18:01:00+01:00,Regal Sea Goddess,469400,"[-16.3133986415, 28.4048787591]","38190 Bocacangrejo, Santa Cruz de Tenerife, Spain","28.4048787591,-16.3133986415",research,d_gonzalez,Animalia,Mollusca,Gastropoda,Nudibranchia,Chromodorididae,Felimare,Felimare picta,species
257930895,7/24/2024,2024-07-24T18:01:00+01:00,Atlantic Damselfish,342041,"[-16.3133986415, 28.4048787591]","38190 Bocacangrejo, Santa Cruz de Tenerife, Spain","28.4048787591,-16.3133986415",research,d_gonzalez,Animalia,Chordata,Teleostei,Ovalentaria incertae sedis,Pomacentridae,Chromis,Chromis limbata,species
257930749,8/6/2024,2024-08-06T12:00:00+01:00,Brown Colonial Anemone,851945,"[-16.3298599408, 28.5759035978]","38240 Punta del Hidalgo, Santa Cruz de Tenerife, Spain","28.5759035978,-16.3298599408",needs_id,d_gonzalez,Animalia,Cnidaria,Hexacorallia,Zoantharia,Sphenopidae,Palythoa,Palythoa grandiflora,species
257930748,8/6/2024,2024-08-06T12:00:00+01:00,Rockpool Prawn,153169,"[-16.3298599408, 28.5759035978]","38240 Punta del Hidalgo, Santa Cruz de Tenerife, Spain","28.5759035978,-16.3298599408",research,d_gonzalez,Animalia,Arthropoda,Malacostraca,Decapoda,Palaemonidae,Palaemon,Palaemon elegans,species
257930747,8/6/2024,2024-08-06T12:00:00+01:00,White Sea Star,255717,"[-16.3298599408, 28.5759035978]","38240 Punta del Hidalgo, Santa Cruz de Tenerife, Spain","28.5759035978,-16.3298599408",research,d_gonzalez,Animalia,Echinodermata,Asteroidea,Forcipulatida,Asteriidae,Coscinasterias,Coscinasterias tenuispina,species
257930745,8/6/2024,2024-08-06T12:00:00+01:00,Clibanarius aequabilis,954396,"[-16.3298599408, 28.5759035978]","38240 Punta del Hidalgo, Santa Cruz de Tenerife, Spain","28.5759035978,-16.3298599408",research,d_gonzalez,Animalia,Arthropoda,Malacostraca,Decapoda,Diogenidae,Clibanarius,Clibanarius aequabilis,species
257930744,8/6/2024,2024-08-06T12:00:00+01:00,Rock-pool Blenny,108409,"[-16.3298599408, 28.5759035978]","38240 Punta del Hidalgo, Santa Cruz de Tenerife, Spain","28.5759035978,-16.3298599408",research,d_gonzalez,Animalia,Chordata,Teleostei,Blenniiformes,Blenniidae,Parablennius,Parablennius parvicornis,species
253365827,5/25/2024,2024-05-25T20:32:00-06:00,Guineafowl Puffer,83318,"[-85.7128096, 10.942263]","Bahía Cuajiniquil, Costa Rica","10.942263,-85.7128096",research,d_gonzalez,Animalia,Chordata,Teleostei,Tetraodontiformes,Tetraodontidae,Arothron,Arothron meleagris,species
253365826,5/25/2024,2024-05-25T20:32:00-06:00,Gregories,49306,"[-85.7128096, 10.942263]","Bahía Cuajiniquil, Costa Rica","10.942263,-85.7128096",needs_id,d_gonzalez,Animalia,Chordata,Teleostei,Ovalentaria incertae sedis,Pomacentridae,Stegastes,Stegastes,genus
253365824,5/25/2024,2024-05-25T20:32:00-06:00,Octopus,47456,"[-85.7128096, 10.942263]","Bahía Cuajiniquil, Costa Rica","10.942263,-85.7128096",needs_id,d_gonzalez,Animalia,Mollusca,Cephalopoda,Octopoda,Octopodidae,Octopus,Octopus,genus
253365823,5/25/2024,2024-05-25T20:32:00-06:00,Octopuses,47458,"[-85.7128096, 10.942263]","Bahía Cuajiniquil, Costa Rica","10.942263,-85.7128096",needs_id,d_gonzalez,Animalia,Mollusca,Cephalopoda,Octopoda,,,Octopoda,order
253365820,5/25/2024,2024-05-25T20:32:00-06:00,Black-nosed Butterflyfish,85124,"[-85.7128096, 10.942263]","Bahía Cuajiniquil, Costa Rica","10.942263,-85.7128096",research,d_gonzalez,Animalia,Chordata,Teleostei,Acanthuriformes,Chaetodontidae,Johnrandallia,Johnrandallia nigrirostris,species
253365819,5/25/2024,2024-05-25T20:32:00-06:00,Sea Cucumbers,47720,"[-85.7128096, 10.942263]","Bahía Cuajiniquil, Costa Rica","10.942263,-85.7128096",needs_id,d_gonzalez,Animalia,Echinodermata,Holothuroidea,,,,Holothuroidea,class
253365818,5/25/2024,2024-05-25T20:32:00-06:00,Hexaplex princeps,244527,"[-85.7128096, 10.942263]","Bahía Cuajiniquil, Costa Rica","10.942263,-85.7128096",needs_id,d_gonzalez,Animalia,Mollusca,Gastropoda,Neogastropoda,Muricidae,Hexaplex,Hexaplex princeps,species
253365816,5/25/2024,2024-05-25T20:32:00-06:00,Hexaplex princeps,244527,"[-85.7128096, 10.942263]","Bahía Cuajiniquil, Costa Rica","10.942263,-85.7128096",research,d_gonzalez,Animalia,Mollusca,Gastropoda,Neogastropoda,Muricidae,Hexaplex,Hexaplex princeps,species
253365815,5/25/2024,2024-05-25T20:32:00-06:00,Spinster Wrasse,56919,"[-85.7128096, 10.942263]","Bahía Cuajiniquil, Costa Rica","10.942263,-85.7128096",research,d_gonzalez,Animalia,Chordata,Teleostei,Eupercaria incertae sedis,Labridae,Halichoeres,Halichoeres nicholsi,species
253365812,5/25/2024,2024-05-25T20:32:00-06:00,Spinster Wrasse,56919,"[-85.7128096, 10.942263]","Bahía Cuajiniquil, Costa Rica","10.942263,-85.7128096",research,d_gonzalez,Animalia,Chordata,Teleostei,Eupercaria incertae sedis,Labridae,Halichoeres,Halichoeres nicholsi,species
253365811,5/25/2024,2024-05-25T20:32:00-06:00,Spottail Grunt,101999,"[-85.7128096, 10.942263]","Bahía Cuajiniquil, Costa Rica","10.942263,-85.7128096",needs_id,d_gonzalez,Animalia,Chordata,Teleostei,Eupercaria incertae sedis,Haemulidae,Haemulon,Haemulon maculicauda,species
253365810,5/25/2024,2024-05-25T20:32:00-06:00,Chameleon Wrasse,52555,"[-85.7128096, 10.942263]","Bahía Cuajiniquil, Costa Rica","10.942263,-85.7128096",research,d_gonzalez,Animalia,Chordata,Teleostei,Eupercaria incertae sedis,Labridae,Halichoeres,Halichoeres dispilus,species
253365809,5/25/2024,2024-05-25T20:32:00-06:00,Chameleon Wrasse,52555,"[-85.7128096, 10.942263]","Bahía Cuajiniquil, Costa Rica","10.942263,-85.7128096",research,d_gonzalez,Animalia,Chordata,Teleostei,Eupercaria incertae sedis,Labridae,Halichoeres,Halichoeres dispilus,species
253365808,5/25/2024,2024-05-25T20:32:00-06:00,Guineafowl Puffer,83318,"[-85.7128096, 10.942263]","Bahía Cuajiniquil, Costa Rica","10.942263,-85.7128096",research,d_gonzalez,Animalia,Chordata,Teleostei,Tetraodontiformes,Tetraodontidae,Arothron,Arothron meleagris,species
253365806,5/25/2024,2024-05-25T20:32:00-06:00,Guineafowl Puffer,83318,"[-85.7128096, 10.942263]","Bahía Cuajiniquil, Costa Rica","10.942263,-85.7128096",research,d_gonzalez,Animalia,Chordata,Teleostei,Tetraodontiformes,Tetraodontidae,Arothron,Arothron meleagris,species
253357604,3/2/2024,,Leopard Round Stingray,607552,"[-85.7128096, 10.942263]","Bahía Cuajiniquil, Costa Rica","10.942263,-85.7128096",research,d_gonzalez,Animalia,Chordata,Elasmobranchii,Myliobatiformes,Urotrygonidae,Urobatis,Urobatis pardalis,species
253357603,3/2/2024,,Black-nosed Butterflyfish,85124,"[-85.7128096, 10.942263]","Bahía Cuajiniquil, Costa Rica","10.942263,-85.7128096",research,d_gonzalez,Animalia,Chordata,Teleostei,Acanthuriformes,Chaetodontidae,Johnrandallia,Johnrandallia nigrirostris,species
253356719,9/7/2024,,Graybar Grunt,102001,"[-83.8817571, 8.707268]","Isla del Cano, Costa Rica","8.707268,-83.8817571",research,d_gonzalez,Animalia,Chordata,Teleostei,Eupercaria incertae sedis,Haemulidae,Haemulon,Haemulon sexfasciatum,species
253356718,9/7/2024,,Graybar Grunt,102001,"[-83.8817571, 8.707268]","Isla del Cano, Costa Rica","8.707268,-83.8817571",research,d_gonzalez,Animalia,Chordata,Teleostei,Eupercaria incertae sedis,Haemulidae,Haemulon,Haemulon sexfasciatum,species
253356717,9/7/2024,,Whitetip Reef Shark,52314,"[-83.8817571, 8.707268]","Isla del Cano, Costa Rica","8.707268,-83.8817571",research,d_gonzalez,Animalia,Chordata,Elasmobranchii,Carcharhiniformes,Carcharhinidae,Triaenodon,Triaenodon obesus,species
253356716,9/7/2024,,Orangeside Triggerfish,57295,"[-83.8817571, 8.707268]","Isla del Cano, Costa Rica","8.707268,-83.8817571",research,d_gonzalez,Animalia,Chordata,Teleostei,Tetraodontiformes,Balistidae,Sufflamen,Sufflamen verres,species
253356714,9/7/2024,,Graybar Grunt,102001,"[-83.8817571, 8.707268]","Isla del Cano, Costa Rica","8.707268,-83.8817571",research,d_gonzalez,Animalia,Chordata,Teleostei,Eupercaria incertae sedis,Haemulidae,Haemulon,Haemulon sexfasciatum,species
253356713,9/7/2024,,Beaubrummel,113104,"[-83.8817571, 8.707268]","Isla del Cano, Costa Rica","8.707268,-83.8817571",research,d_gonzalez,Animalia,Chordata,Teleostei,Ovalentaria incertae sedis,Pomacentridae,Stegastes,Stegastes flavilatus,species
253356711,9/7/2024,,Starry Grouper,67529,"[-83.8817571, 8.707268]","Isla del Cano, Costa Rica","8.707268,-83.8817571",research,d_gonzalez,Animalia,Chordata,Teleostei,Perciformes,Epinephelidae,Epinephelus,Epinephelus labriformis,species
253356710,9/7/2024,,Moorish Idol,83290,"[-83.8817571, 8.707268]","Isla del Cano, Costa Rica","8.707268,-83.8817571",research,d_gonzalez,Animalia,Chordata,Teleostei,Acanthuriformes,Zanclidae,Zanclus,Zanclus cornutus,species
253356708,9/7/2024,,Blue-barred Parrotfish,84175,"[-83.8817571, 8.707268]","Isla del Cano, Costa Rica","8.707268,-83.8817571",research,d_gonzalez,Animalia,Chordata,Teleostei,Eupercaria incertae sedis,Scaridae,Scarus,Scarus ghobban,species
253356707,9/7/2024,,Moorish Idol,83290,"[-83.8817571, 8.707268]","Isla del Cano, Costa Rica","8.707268,-83.8817571",research,d_gonzalez,Animalia,Chordata,Teleostei,Acanthuriformes,Zanclidae,Zanclus,Zanclus cornutus,species
253356706,9/7/2024,,Stone Triggerfish,110933,"[-83.8817571, 8.707268]","Isla del Cano, Costa Rica","8.707268,-83.8817571",research,d_gonzalez,Animalia,Chordata,Teleostei,Tetraodontiformes,Balistidae,Pseudobalistes,Pseudobalistes naufragium,species
253356704,9/7/2024,,Green Sea Turtle,39659,"[-83.8527784564, 8.7971672682]","Puntarenas, CR","8.7971672682,-83.8527784564",research,d_gonzalez,Animalia,Chordata,,Testudines,Cheloniidae,Chelonia,Chelonia mydas,species
253356703,9/7/2024,,Hawksbill Sea Turtle,39672,"[-83.8849494309, 8.7873358677]","Puntarenas, CR","8.7873358677,-83.8849494309",needs_id,d_gonzalez,Animalia,Chordata,,Testudines,Cheloniidae,Eretmochelys,Eretmochelys imbricata,species
253356702,9/7/2024,,Green Sea Turtle,39659,"[-83.8628258593, 8.7140343124]","Puntarenas, CR","8.7140343124,-83.8628258593",research,d_gonzalez,Animalia,Chordata,,Testudines,Cheloniidae,Chelonia,Chelonia mydas,species
253356700,9/7/2024,,Yellowfin Surgeonfish,132366,"[-83.8817571, 8.707268]","Isla del Cano, Costa Rica","8.707268,-83.8817571",research,d_gonzalez,Animalia,Chordata,Teleostei,Acanthuriformes,Acanthuridae,Acanthurus,Acanthurus xanthopterus,species
253356699,9/7/2024,,Blue-and-gold Snapper,104862,"[-83.8817571, 8.707268]","Isla del Cano, Costa Rica","8.707268,-83.8817571",research,d_gonzalez,Animalia,Chordata,Teleostei,Eupercaria incertae sedis,Lutjanidae,Lutjanus,Lutjanus viridis,species
253356698,9/7/2024,,Pacific Creolefish,1439800,"[-83.8817571, 8.707268]","Isla del Cano, Costa Rica","8.707268,-83.8817571",research,d_gonzalez,Animalia,Chordata,Teleostei,Perciformes,Epinephelidae,Cephalopholis,Cephalopholis colonus,species
253356696,9/7/2024,,Three-banded Butterflyfish,55534,"[-83.8817571, 8.707268]","Isla del Cano, Costa Rica","8.707268,-83.8817571",research,d_gonzalez,Animalia,Chordata,Teleostei,Acanthuriformes,Chaetodontidae,Chaetodon,Chaetodon humeralis,species
253356695,9/7/2024,,Bluefin Trevally,123690,"[-83.8817571, 8.707268]","Isla del Cano, Costa Rica","8.707268,-83.8817571",research,d_gonzalez,Animalia,Chordata,Teleostei,Carangiformes,Carangidae,Caranx,Caranx melampygus,species
253356694,9/7/2024,,Pacific Creolefish,1439800,"[-83.8817571, 8.707268]","Isla del Cano, Costa Rica","8.707268,-83.8817571",research,d_gonzalez,Animalia,Chordata,Teleostei,Perciformes,Epinephelidae,Cephalopholis,Cephalopholis colonus,species
253356693,9/7/2024,,Green Jack,96738,"[-83.8817571, 8.707268]","Isla del Cano, Costa Rica","8.707268,-83.8817571",research,d_gonzalez,Animalia,Chordata,Teleostei,Carangiformes,Carangidae,Caranx,Caranx caballus,species
253356691,9/7/2024,2024-09-07T12:13:00-06:00,Whitecheek Surgeonfish,121193,"[-83.8817571, 8.707268]","Isla del Cano, Costa Rica","8.707268,-83.8817571",research,d_gonzalez,Animalia,Chordata,Teleostei,Acanthuriformes,Acanthuridae,Acanthurus,Acanthurus nigricans,species
253356690,9/7/2024,2024-09-07T12:15:00-06:00,Yellowmargin Moray,121740,"[-83.8817571, 8.707268]","Isla del Cano, Costa Rica","8.707268,-83.8817571",research,d_gonzalez,Animalia,Chordata,Teleostei,Anguilliformes,Muraenidae,Gymnothorax,Gymnothorax flavimarginatus,species
253356688,9/7/2024,2024-09-07T12:12:00-06:00,King Angelfish,56797,"[-83.8817571, 8.707268]","Isla del Cano, Costa Rica","8.707268,-83.8817571",research,d_gonzalez,Animalia,Chordata,Teleostei,Acanthuriformes,Pomacanthidae,Holacanthus,Holacanthus passer,species
253356687,9/7/2024,2024-09-07T12:14:00-06:00,Spottail Grunt,101999,"[-83.8817571, 8.707268]","Isla del Cano, Costa Rica","8.707268,-83.8817571",research,d_gonzalez,Animalia,Chordata,Teleostei,Eupercaria incertae sedis,Haemulidae,Haemulon,Haemulon maculicauda,species
253356686,9/7/2024,2024-09-07T12:11:00-06:00,Guineafowl Puffer,83318,"[-83.8817571, 8.707268]","Isla del Cano, Costa Rica","8.707268,-83.8817571",research,d_gonzalez,Animalia,Chordata,Teleostei,Tetraodontiformes,Tetraodontidae,Arothron,Arothron meleagris,species
253356683,9/7/2024,2024-09-07T12:10:00-06:00,Stone Scorpionfish,112345,"[-83.8817571, 8.707268]","Isla del Cano, Costa Rica","8.707268,-83.8817571",research,d_gonzalez,Animalia,Chordata,Teleostei,Perciformes,Scorpaenidae,Scorpaena,Scorpaena mystes,species
253356682,9/7/2024,2024-09-07T12:07:00-06:00,Pacifigorgia,195539,"[-83.8817571, 8.707268]","Isla del Cano, Costa Rica","8.707268,-83.8817571",needs_id,d_gonzalez,Animalia,Cnidaria,Octocorallia,Malacalcyonacea,Gorgoniidae,Pacifigorgia,Pacifigorgia,genus
253356681,9/7/2024,2024-09-07T12:07:00-06:00,Orange Cup Coral,51802,"[-83.8817571, 8.707268]","Isla del Cano, Costa Rica","8.707268,-83.8817571",needs_id,d_gonzalez,Animalia,Cnidaria,Hexacorallia,Scleractinia,Dendrophylliidae,Tubastraea,Tubastraea coccinea,species
253356680,9/7/2024,2024-09-07T12:07:00-06:00,Green Sea Turtle,39659,"[-83.9283276902, 8.7967569907]","Puntarenas, CR","8.7967569907,-83.9283276902",research,d_gonzalez,Animalia,Chordata,,Testudines,Cheloniidae,Chelonia,Chelonia mydas,species
253356679,9/7/2024,2024-09-07T12:04:00-06:00,Pacifigorgia,195539,"[-83.8817571, 8.707268]","Isla del Cano, Costa Rica","8.707268,-83.8817571",needs_id,d_gonzalez,Animalia,Cnidaria,Octocorallia,Malacalcyonacea,Gorgoniidae,Pacifigorgia,Pacifigorgia,genus
253356678,9/7/2024,2024-09-07T12:05:00-06:00,Yellowmargin Moray,121740,"[-83.8817571, 8.707268]","Isla del Cano, Costa Rica","8.707268,-83.8817571",research,d_gonzalez,Animalia,Chordata,Teleostei,Anguilliformes,Muraenidae,Gymnothorax,Gymnothorax flavimarginatus,species
253356677,9/7/2024,2024-09-07T12:03:00-06:00,Hawksbill Sea Turtle,39672,"[-83.9662430933, 8.66389313]","Puntarenas, CR","8.66389313,-83.9662430933",research,d_gonzalez,Animalia,Chordata,,Testudines,Cheloniidae,Eretmochelys,Eretmochelys imbricata,species
253356676,9/7/2024,2024-09-07T12:02:00-06:00,Golden Trevally,194896,"[-83.8817571, 8.707268]","Isla del Cano, Costa Rica","8.707268,-83.8817571",research,d_gonzalez,Animalia,Chordata,Teleostei,Carangiformes,Carangidae,Gnathanodon,Gnathanodon speciosus,species
253356675,9/7/2024,2024-09-07T12:02:00-06:00,Whitetip Reef Shark,52314,"[-83.8817571, 8.707268]","Isla del Cano, Costa Rica","8.707268,-83.8817571",research,d_gonzalez,Animalia,Chordata,Elasmobranchii,Carcharhiniformes,Carcharhinidae,Triaenodon,Triaenodon obesus,species
253356672,9/7/2024,2024-09-07T11:59:00-06:00,Pacific Graysby,97000,"[-83.8817571, 8.707268]","Isla del Cano, Costa Rica","8.707268,-83.8817571",research,d_gonzalez,Animalia,Chordata,Teleostei,Perciformes,Epinephelidae,Cephalopholis,Cephalopholis panamensis,species
253356671,9/7/2024,2024-09-07T11:59:00-06:00,Bigscale Soldierfish,49622,"[-83.8817571, 8.707268]","Isla del Cano, Costa Rica","8.707268,-83.8817571",research,d_gonzalez,Animalia,Chordata,Teleostei,Holocentriformes,Holocentridae,Myripristis,Myripristis berndti,species
253356670,9/7/2024,2024-09-07T11:57:00-06:00,Leptogorgia alba,195546,"[-83.8817571, 8.707268]","Isla del Cano, Costa Rica","8.707268,-83.8817571",research,d_gonzalez,Animalia,Cnidaria,Octocorallia,Malacalcyonacea,Gorgoniidae,Leptogorgia,Leptogorgia alba,species
253356668,9/7/2024,2024-09-07T11:57:00-06:00,Pavona gigantea,108980,"[-83.8817571, 8.707268]","Isla del Cano, Costa Rica","8.707268,-83.8817571",needs_id,d_gonzalez,Animalia,Cnidaria,Hexacorallia,Scleractinia,Agariciidae,Pavona,Pavona gigantea,species
253356667,9/7/2024,2024-09-07T11:57:00-06:00,Black-nosed Butterflyfish,85124,"[-83.8817571, 8.707268]","Isla del Cano, Costa Rica","8.707268,-83.8817571",research,d_gonzalez,Animalia,Chordata,Teleostei,Acanthuriformes,Chaetodontidae,Johnrandallia,Johnrandallia nigrirostris,species
253356666,9/7/2024,2024-09-07T10:51:00-06:00,Pixy Hawkfish,132687,"[-83.8817571, 8.707268]","Isla del Cano, Costa Rica","8.707268,-83.8817571",research,d_gonzalez,Animalia,Chordata,Teleostei,Centrarchiformes,Cirrhitidae,Cirrhitichthys,Cirrhitichthys oxycephalus,species
253356664,9/7/2024,2024-09-07T10:50:00-06:00,Cauliflower Corals,60547,"[-83.8817571, 8.707268]","Isla del Cano, Costa Rica","8.707268,-83.8817571",needs_id,d_gonzalez,Animalia,Cnidaria,Hexacorallia,Scleractinia,Pocilloporidae,Pocillopora,Pocillopora,genus
253356663,9/7/2024,2024-09-07T10:49:00-06:00,Flagtail Blanquillo,121424,"[-83.8817571, 8.707268]","Isla del Cano, Costa Rica","8.707268,-83.8817571",research,d_gonzalez,Animalia,Chordata,Teleostei,Eupercaria incertae sedis,Malacanthidae,Malacanthus,Malacanthus brevirostris,species
253356662,9/7/2024,2024-09-07T10:49:00-06:00,Thorny Oysters,123464,"[-83.8817571, 8.707268]","Isla del Cano, Costa Rica","8.707268,-83.8817571",needs_id,d_gonzalez,Animalia,Mollusca,Bivalvia,Pectinida,Spondylidae,Spondylus,Spondylus,genus
253356659,9/7/2024,2024-09-07T10:50:00-06:00,Redlip Parrotfish,83297,"[-83.8817571, 8.707268]","Isla del Cano, Costa Rica","8.707268,-83.8817571",research,d_gonzalez,Animalia,Chordata,Teleostei,Eupercaria incertae sedis,Scaridae,Scarus,Scarus rubroviolaceus,species
253356657,9/7/2024,2024-09-07T10:49:00-06:00,Redlip Parrotfish,83297,"[-83.8817571, 8.707268]","Isla del Cano, Costa Rica","8.707268,-83.8817571",research,d_gonzalez,Animalia,Chordata,Teleostei,Eupercaria incertae sedis,Scaridae,Scarus,Scarus rubroviolaceus,species
253356656,9/7/2024,2024-09-07T10:47:00-06:00,Demosponges,57736,"[-83.8817571, 8.707268]","Isla del Cano, Costa Rica","8.707268,-83.8817571",needs_id,d_gonzalez,Animalia,Porifera,Demospongiae,,,,Demospongiae,class
253356655,9/7/2024,2024-09-07T10:47:00-06:00,Leptogorgia alba,195546,"[-83.8817571, 8.707268]","Isla del Cano, Costa Rica","8.707268,-83.8817571",research,d_gonzalez,Animalia,Cnidaria,Octocorallia,Malacalcyonacea,Gorgoniidae,Leptogorgia,Leptogorgia alba,species
253356653,9/7/2024,2024-09-07T10:45:00-06:00,Bluefin Trevally,123690,"[-83.8817571, 8.707268]","Isla del Cano, Costa Rica","8.707268,-83.8817571",research,d_gonzalez,Animalia,Chordata,Teleostei,Carangiformes,Carangidae,Caranx,Caranx melampygus,species
253356652,9/7/2024,2024-09-07T10:38:00-06:00,Octopus,47456,"[-83.8817571, 8.707268]","Isla del Cano, Costa Rica","8.707268,-83.8817571",needs_id,d_gonzalez,Animalia,Mollusca,Cephalopoda,Octopoda,Octopodidae,Octopus,Octopus,genus
253356651,9/7/2024,2024-09-07T10:40:00-06:00,Graybar Grunt,102001,"[-83.8817571, 8.707268]","Isla del Cano, Costa Rica","8.707268,-83.8817571",research,d_gonzalez,Animalia,Chordata,Teleostei,Eupercaria incertae sedis,Haemulidae,Haemulon,Haemulon sexfasciatum,species
253356649,9/7/2024,2024-09-07T10:36:00-06:00,Green Jack,96738,"[-83.8817571, 8.707268]","Isla del Cano, Costa Rica","8.707268,-83.8817571",research,d_gonzalez,Animalia,Chordata,Teleostei,Carangiformes,Carangidae,Caranx,Caranx caballus,species
253356648,9/7/2024,2024-09-07T10:35:00-06:00,Starry Grouper,67529,"[-83.8817571, 8.707268]","Isla del Cano, Costa Rica","8.707268,-83.8817571",research,d_gonzalez,Animalia,Chordata,Teleostei,Perciformes,Epinephelidae,Epinephelus,Epinephelus labriformis,species
253356647,9/7/2024,2024-09-07T10:35:00-06:00,Green Sea Turtle,39659,"[-83.8222139915, 8.6098446021]","Puntarenas, CR","8.6098446021,-83.8222139915",research,d_gonzalez,Animalia,Chordata,,Testudines,Cheloniidae,Chelonia,Chelonia mydas,species
253356644,9/7/2024,2024-09-07T10:34:00-06:00,Pacifigorgia,195539,"[-83.8817571, 8.707268]","Isla del Cano, Costa Rica","8.707268,-83.8817571",needs_id,d_gonzalez,Animalia,Cnidaria,Octocorallia,Malacalcyonacea,Gorgoniidae,Pacifigorgia,Pacifigorgia,genus
253356643,9/7/2024,2024-09-07T10:33:00-06:00,Green Sea Turtle,39659,"[-83.8951780241, 8.6856444425]","Puntarenas, CR","8.6856444425,-83.8951780241",research,d_gonzalez,Animalia,Chordata,,Testudines,Cheloniidae,Chelonia,Chelonia mydas,species
253356641,9/7/2024,2024-09-07T10:28:00-06:00,Longtail Stingray,623852,"[-83.8817571, 8.707268]","Isla del Cano, Costa Rica","8.707268,-83.8817571",research,d_gonzalez,Animalia,Chordata,Elasmobranchii,Myliobatiformes,Dasyatidae,Hypanus,Hypanus longus,species
253356640,9/7/2024,2024-09-07T10:28:00-06:00,White-spotted Puffer,144017,"[-83.8817571, 8.707268]","Isla del Cano, Costa Rica","8.707268,-83.8817571",research,d_gonzalez,Animalia,Chordata,Teleostei,Tetraodontiformes,Tetraodontidae,Arothron,Arothron hispidus,species
253356639,9/7/2024,2024-09-07T10:26:00-06:00,Panamic Porkfish,94136,"[-83.8817571, 8.707268]","Isla del Cano, Costa Rica","8.707268,-83.8817571",research,d_gonzalez,Animalia,Chordata,Teleostei,Eupercaria incertae sedis,Haemulidae,Anisotremus,Anisotremus taeniatus,species
253356634,9/7/2024,2024-09-07T10:25:00-06:00,Spottail Grunt,101999,"[-83.8817571, 8.707268]","Isla del Cano, Costa Rica","8.707268,-83.8817571",needs_id,d_gonzalez,Animalia,Chordata,Teleostei,Eupercaria incertae sedis,Haemulidae,Haemulon,Haemulon maculicauda,species
253356633,9/7/2024,2024-09-07T10:25:00-06:00,Yellow Snapper,47293,"[-83.8817571, 8.707268]","Isla del Cano, Costa Rica","8.707268,-83.8817571",research,d_gonzalez,Animalia,Chordata,Teleostei,Eupercaria incertae sedis,Lutjanidae,Lutjanus,Lutjanus argentiventris,species
253356632,9/7/2024,2024-09-07T10:23:00-06:00,Barred Pargo,102938,"[-83.8817571, 8.707268]","Isla del Cano, Costa Rica","8.707268,-83.8817571",research,d_gonzalez,Animalia,Chordata,Teleostei,Eupercaria incertae sedis,Lutjanidae,Hoplopagrus,Hoplopagrus guentherii,species
253356631,9/7/2024,2024-09-07T10:22:00-06:00,Pore Corals,47530,"[-83.8817571, 8.707268]","Isla del Cano, Costa Rica","8.707268,-83.8817571",needs_id,d_gonzalez,Animalia,Cnidaria,Hexacorallia,Scleractinia,Poritidae,Porites,Porites,genus
253356630,9/7/2024,2024-09-07T10:22:00-06:00,File Clams,50578,"[-83.8817571, 8.707268]","Isla del Cano, Costa Rica","8.707268,-83.8817571",needs_id,d_gonzalez,Animalia,Mollusca,Bivalvia,Limida,Limidae,,Limidae,family
253356629,9/7/2024,2024-09-07T10:20:00-06:00,Whitetip Reef Shark,52314,"[-83.8817571, 8.707268]","Isla del Cano, Costa Rica","8.707268,-83.8817571",research,d_gonzalez,Animalia,Chordata,Elasmobranchii,Carcharhiniformes,Carcharhinidae,Triaenodon,Triaenodon obesus,species
253356628,9/7/2024,2024-09-07T10:19:00-06:00,Pixy Hawkfish,132687,"[-83.8817571, 8.707268]","Isla del Cano, Costa Rica","8.707268,-83.8817571",research,d_gonzalez,Animalia,Chordata,Teleostei,Centrarchiformes,Cirrhitidae,Cirrhitichthys,Cirrhitichthys oxycephalus,species
253356627,9/7/2024,,Frogfishes,63279,"[-83.8817571, 8.707268]","Isla del Cano, Costa Rica","8.707268,-83.8817571",needs_id,d_gonzalez,Animalia,Chordata,Teleostei,Lophiiformes,Antennariidae,,Antennariidae,family
253136929,6/18/2017,,Cortez Angelfish,110022,"[-83.2666979222, 8.5685573091]","Golfo Dulce, Costa Rica","8.5685573091,-83.2666979222",research,d_gonzalez,Animalia,Chordata,Teleostei,Acanthuriformes,Pomacanthidae,Pomacanthus,Pomacanthus zonipectus,species
253136927,6/18/2017,,Snowflake Moray,54441,"[-83.2666979222, 8.5685573091]","Golfo Dulce, Costa Rica","8.5685573091,-83.2666979222",research,d_gonzalez,Animalia,Chordata,Teleostei,Anguilliformes,Muraenidae,Echidna,Echidna nebulosa,species
253136926,6/18/2017,,Filtering Sea Cucumbers,49482,"[-83.2666979222, 8.5685573091]","Golfo Dulce, Costa Rica","8.5685573091,-83.2666979222",needs_id,d_gonzalez,Animalia,Echinodermata,Holothuroidea,Dendrochirotida,,,Dendrochirotida,order
253136925,6/18/2017,,Spottail Grunt,101999,"[-83.2666979222, 8.5685573091]","Golfo Dulce, Costa Rica","8.5685573091,-83.2666979222",needs_id,d_gonzalez,Animalia,Chordata,Teleostei,Eupercaria incertae sedis,Haemulidae,Haemulon,Haemulon maculicauda,species
253136922,6/18/2017,,Placospongia,247178,"[-83.2666979222, 8.5685573091]","Golfo Dulce, Costa Rica","8.5685573091,-83.2666979222",needs_id,d_gonzalez,Animalia,Porifera,Demospongiae,Clionaida,Placospongiidae,Placospongia,Placospongia,genus
253136921,6/18/2017,,Barred Pargo,102938,"[-83.2666979222, 8.5685573091]","Golfo Dulce, Costa Rica","8.5685573091,-83.2666979222",research,d_gonzalez,Animalia,Chordata,Teleostei,Eupercaria incertae sedis,Lutjanidae,Hoplopagrus,Hoplopagrus guentherii,species
253136920,6/18/2017,,Pacific Crevalle Jack,96739,"[-83.2666979222, 8.5685573091]","Golfo Dulce, Costa Rica","8.5685573091,-83.2666979222",needs_id,d_gonzalez,Animalia,Chordata,Teleostei,Carangiformes,Carangidae,Caranx,Caranx caninus,species
253136919,6/18/2017,,Stone Triggerfish,110933,"[-83.2666979222, 8.5685573091]","Golfo Dulce, Costa Rica","8.5685573091,-83.2666979222",needs_id,d_gonzalez,Animalia,Chordata,Teleostei,Tetraodontiformes,Balistidae,Pseudobalistes,Pseudobalistes naufragium,species
253136918,6/18/2017,,Longfin Salema,115043,"[-83.2666979222, 8.5685573091]","Golfo Dulce, Costa Rica","8.5685573091,-83.2666979222",needs_id,d_gonzalez,Animalia,Chordata,Teleostei,Eupercaria incertae sedis,Haemulidae,Xenichthys,Xenichthys xanti,species
253136917,6/18/2017,,Panamic Sergeant Major,92989,"[-83.2666979222, 8.5685573091]","Golfo Dulce, Costa Rica","8.5685573091,-83.2666979222",research,d_gonzalez,Animalia,Chordata,Teleostei,Ovalentaria incertae sedis,Pomacentridae,Abudefduf,Abudefduf troschelii,species
253136914,6/18/2017,,Panama pearl oyster,204978,"[-83.2666979222, 8.5685573091]","Golfo Dulce, Costa Rica","8.5685573091,-83.2666979222",research,d_gonzalez,Animalia,Mollusca,Bivalvia,Ostreida,Margaritidae,Pinctada,Pinctada mazatlanica,species
253135452,4/29/2023,2023-04-29T11:08:00-06:00,Tidal Spray Crab,295350,"[-82.8090805556, 9.7337]","Parque Nacional Cahuita, Talamanca, Limón, Costa Rica","9.7337,-82.8090805556",research,d_gonzalez,Animalia,Arthropoda,Malacostraca,Decapoda,Plagusiidae,Plagusia,Plagusia depressa,species
253135449,4/28/2023,2023-04-28T10:56:00-06:00,Atlantic Rock-boring Urchin,194691,"[-82.8538055556, 9.7454472222]","Talamanca, Limón, Costa Rica","9.7454472222,-82.8538055556",needs_id,d_gonzalez,Animalia,Echinodermata,Echinoidea,Camarodonta,Echinometridae,Echinometra,Echinometra lucunter,species
253135448,4/28/2023,2023-04-28T10:36:00-06:00,Sea Anemones,47797,"[-82.8546611111, 9.7444861111]","Limón, Talamanca, Costa Rica","9.7444861111,-82.8546611111",needs_id,d_gonzalez,Animalia,Cnidaria,Hexacorallia,Actiniaria,,,Actiniaria,order
253135447,4/28/2023,2023-04-28T10:40:00-06:00,Sabellastarte,121447,"[-82.8537527778, 9.7453111111]","Talamanca, Limón, Costa Rica","9.7453111111,-82.8537527778",needs_id,d_gonzalez,Animalia,Annelida,Polychaeta,Sabellida,Sabellidae,Sabellastarte,Sabellastarte,genus
253135446,4/28/2023,2023-04-28T10:35:00-06:00,Harlequin Sea Cucumber,132518,"[-82.8536972222, 9.7452722222]","Talamanca, Limón, Costa Rica","9.7452722222,-82.8536972222",research,d_gonzalez,Animalia,Echinodermata,Holothuroidea,Holothuriida,Holothuriidae,Holothuria,Holothuria grisea,species
253135445,4/28/2023,2023-04-28T10:33:00-06:00,Pale Anemone,785634,"[-82.8537611111, 9.7452888889]","Talamanca, Limón, Costa Rica","9.7452888889,-82.8537611111",needs_id,d_gonzalez,Animalia,Cnidaria,Hexacorallia,Actiniaria,Aiptasiidae,Exaiptasia,Exaiptasia diaphana,species
253135444,4/30/2023,2023-04-30T22:07:00-06:00,Beaded Sea Cucumber,255692,"[-82.6873418137, 9.6454900767]","Limón Province, Punta Uva, Costa Rica","9.6454900767,-82.6873418137",research,d_gonzalez,Animalia,Echinodermata,Holothuroidea,Apodida,Synaptidae,Euapta,Euapta lappa,species
253135442,4/30/2023,2023-04-30T22:07:00-06:00,Beaded Sea Cucumber,255692,"[-82.6873418137, 9.6454900767]","Limón Province, Punta Uva, Costa Rica","9.6454900767,-82.6873418137",needs_id,d_gonzalez,Animalia,Echinodermata,Holothuroidea,Apodida,Synaptidae,Euapta,Euapta lappa,species
253135441,4/30/2023,2023-04-30T22:07:00-06:00,sun anemone,194210,"[-82.6873418137, 9.6454900767]","Limón Province, Punta Uva, Costa Rica","9.6454900767,-82.6873418137",research,d_gonzalez,Animalia,Cnidaria,Hexacorallia,Actiniaria,Stichodactylidae,Stichodactyla,Stichodactyla helianthus,species
253135440,4/30/2023,2023-04-30T22:07:00-06:00,Caribbean Sea Mat,324157,"[-82.6873418137, 9.6454900767]","Limón Province, Punta Uva, Costa Rica","9.6454900767,-82.6873418137",research,d_gonzalez,Animalia,Cnidaria,Hexacorallia,Zoantharia,Sphenopidae,Palythoa,Palythoa caribaeorum,species
253135439,4/30/2023,2023-04-30T22:07:00-06:00,Rock-boring Urchins,128201,"[-82.6873418137, 9.6454900767]","Limón Province, Punta Uva, Costa Rica","9.6454900767,-82.6873418137",needs_id,d_gonzalez,Animalia,Echinodermata,Echinoidea,Camarodonta,Echinometridae,Echinometra,Echinometra,genus
253135437,4/30/2023,2023-04-30T22:07:00-06:00,Brittle Stars,48836,"[-82.6873418137, 9.6454900767]","Limón Province, Punta Uva, Costa Rica","9.6454900767,-82.6873418137",needs_id,d_gonzalez,Animalia,Echinodermata,Ophiuroidea,,,,Ophiuroidea,class
253135436,4/30/2023,2023-04-30T22:07:00-06:00,Caribbean Bluehead Wrasse,49491,"[-82.6873418137, 9.6454900767]","Limón Province, Punta Uva, Costa Rica","9.6454900767,-82.6873418137",research,d_gonzalez,Animalia,Chordata,Teleostei,Eupercaria incertae sedis,Labridae,Thalassoma,Thalassoma bifasciatum,species
253135435,4/30/2023,2023-04-30T22:07:00-06:00,Fire Corals,89967,"[-82.6873418137, 9.6454900767]","Limón Province, Punta Uva, Costa Rica","9.6454900767,-82.6873418137",needs_id,d_gonzalez,Animalia,Cnidaria,Hydrozoa,Anthoathecata,Milleporidae,Millepora,Millepora,genus
253135433,4/30/2023,2023-04-30T22:07:00-06:00,Blade Fire Coral,105880,"[-82.6873418137, 9.6454900767]","Limón Province, Punta Uva, Costa Rica","9.6454900767,-82.6873418137",needs_id,d_gonzalez,Animalia,Cnidaria,Hydrozoa,Anthoathecata,Milleporidae,Millepora,Millepora complanata,species
253135432,4/30/2023,2023-04-30T22:07:00-06:00,Slate Pencil Urchin,47836,"[-82.6873418137, 9.6454900767]","Limón Province, Punta Uva, Costa Rica","9.6454900767,-82.6873418137",research,d_gonzalez,Animalia,Echinodermata,Echinoidea,Cidaroida,Cidaridae,Eucidaris,Eucidaris tribuloides,species
253135431,4/30/2023,2023-04-30T22:07:00-06:00,Reef Urchin,128200,"[-82.6873418137, 9.6454900767]","Limón Province, Punta Uva, Costa Rica","9.6454900767,-82.6873418137",needs_id,d_gonzalez,Animalia,Echinodermata,Echinoidea,Camarodonta,Echinometridae,Echinometra,Echinometra viridis,species
253135430,4/30/2023,2023-04-30T22:07:00-06:00,Atlantic Long-spined Sea Urchin,52290,"[-82.6873418137, 9.6454900767]","Limón Province, Punta Uva, Costa Rica","9.6454900767,-82.6873418137",research,d_gonzalez,Animalia,Echinodermata,Echinoidea,Diadematoida,Diadematidae,Diadema,Diadema antillarum,species
253135429,4/30/2023,2023-04-30T22:07:00-06:00,Knobby Brain Coral,504640,"[-82.6873418137, 9.6454900767]","Limón Province, Punta Uva, Costa Rica","9.6454900767,-82.6873418137",needs_id,d_gonzalez,Animalia,Cnidaria,Hexacorallia,Scleractinia,Faviidae,Pseudodiploria,Pseudodiploria clivosa,species
253135428,4/30/2023,2023-04-30T22:07:00-06:00,Atlantic Long-spined Sea Urchin,52290,"[-82.6873418137, 9.6454900767]","Limón Province, Punta Uva, Costa Rica","9.6454900767,-82.6873418137",research,d_gonzalez,Animalia,Echinodermata,Echinoidea,Diadematoida,Diadematidae,Diadema,Diadema antillarum,species
253135426,4/30/2023,2023-04-30T22:07:00-06:00,Grooved Brain Coral,504638,"[-82.6873418137, 9.6454900767]","Limón Province, Punta Uva, Costa Rica","9.6454900767,-82.6873418137",needs_id,d_gonzalez,Animalia,Cnidaria,Hexacorallia,Scleractinia,Faviidae,Diploria,Diploria labyrinthiformis,species
253135425,4/30/2023,2023-04-30T22:07:00-06:00,West Indian Sea Egg,49955,"[-82.6873418137, 9.6454900767]","Limón Province, Punta Uva, Costa Rica","9.6454900767,-82.6873418137",needs_id,d_gonzalez,Animalia,Echinodermata,Echinoidea,Camarodonta,Toxopneustidae,Tripneustes,Tripneustes ventricosus,species
253135424,4/30/2023,2023-04-30T22:07:00-06:00,Thin Leaf Lettuce Coral,93528,"[-82.6790261697, 9.7877339665]",,"9.7877339665,-82.6790261697",needs_id,d_gonzalez,Animalia,Cnidaria,Hexacorallia,Scleractinia,Agariciidae,Agaricia,Agaricia tenuifolia,species
253135423,4/30/2023,2023-04-30T22:07:00-06:00,West Indian Sea Egg,49955,"[-82.6873418137, 9.6454900767]","Limón Province, Punta Uva, Costa Rica","9.6454900767,-82.6873418137",needs_id,d_gonzalez,Animalia,Echinodermata,Echinoidea,Camarodonta,Toxopneustidae,Tripneustes,Tripneustes ventricosus,species
253135422,4/30/2023,2023-04-30T22:07:00-06:00,Knobby Brain Coral,504640,"[-82.6873418137, 9.6454900767]","Limón Province, Punta Uva, Costa Rica","9.6454900767,-82.6873418137",needs_id,d_gonzalez,Animalia,Cnidaria,Hexacorallia,Scleractinia,Faviidae,Pseudodiploria,Pseudodiploria clivosa,species
253135420,4/30/2023,2023-04-30T22:07:00-06:00,Lesser Starlet Coral,112555,"[-82.6873418137, 9.6454900767]","Limón Province, Punta Uva, Costa Rica","9.6454900767,-82.6873418137",needs_id,d_gonzalez,Animalia,Cnidaria,Hexacorallia,Scleractinia,Rhizangiidae,Siderastrea,Siderastrea radians,species
253135419,4/30/2023,2023-04-30T22:07:00-06:00,Arachnactidae,132477,"[-82.6873418137, 9.6454900767]","Limón Province, Punta Uva, Costa Rica","9.6454900767,-82.6873418137",needs_id,d_gonzalez,Animalia,Cnidaria,Hexacorallia,Ceriantharia,Arachnactidae,,Arachnactidae,family
253135418,4/30/2023,2023-04-30T22:07:00-06:00,Knobby Brain Coral,504640,"[-82.6873418137, 9.6454900767]","Limón Province, Punta Uva, Costa Rica","9.6454900767,-82.6873418137",needs_id,d_gonzalez,Animalia,Cnidaria,Hexacorallia,Scleractinia,Faviidae,Pseudodiploria,Pseudodiploria clivosa,species
253135417,4/29/2023,2023-04-29T22:07:00-06:00,Blade Fire Coral,105880,"[-82.8174400058, 9.7395788739]","Limón, Talamanca, Costa Rica","9.7395788739,-82.8174400058",needs_id,d_gonzalez,Animalia,Cnidaria,Hydrozoa,Anthoathecata,Milleporidae,Millepora,Millepora complanata,species
253135416,4/29/2023,2023-04-29T22:07:00-06:00,Sea Cucumbers,47720,"[-82.8174400058, 9.7395788739]","Limón, Talamanca, Costa Rica","9.7395788739,-82.8174400058",needs_id,d_gonzalez,Animalia,Echinodermata,Holothuroidea,,,,Holothuroidea,class
253135414,4/29/2023,2023-04-29T22:07:00-06:00,Sea Cucumbers,47720,"[-82.8174400058, 9.7395788739]","Limón, Talamanca, Costa Rica","9.7395788739,-82.8174400058",needs_id,d_gonzalez,Animalia,Echinodermata,Holothuroidea,,,,Holothuroidea,class
253135412,4/29/2023,2023-04-29T22:07:00-06:00,Sea Cucumbers,47720,"[-82.8174400058, 9.7395788739]","Limón, Talamanca, Costa Rica","9.7395788739,-82.8174400058",needs_id,d_gonzalez,Animalia,Echinodermata,Holothuroidea,,,,Holothuroidea,class
253135413,4/29/2023,2023-04-29T22:07:00-06:00,Sea Cucumbers,47720,"[-82.8174400058, 9.7395788739]","Limón, Talamanca, Costa Rica","9.7395788739,-82.8174400058",needs_id,d_gonzalez,Animalia,Echinodermata,Holothuroidea,,,,Holothuroidea,class
253135410,4/29/2023,2023-04-29T22:07:00-06:00,Sea Cucumbers,47720,"[-82.8174400058, 9.7395788739]","Limón, Talamanca, Costa Rica","9.7395788739,-82.8174400058",needs_id,d_gonzalez,Animalia,Echinodermata,Holothuroidea,,,,Holothuroidea,class
253135409,4/29/2023,2023-04-29T22:07:00-06:00,Sea Cucumbers,47720,"[-82.8174400058, 9.7395788739]","Limón, Talamanca, Costa Rica","9.7395788739,-82.8174400058",needs_id,d_gonzalez,Animalia,Echinodermata,Holothuroidea,,,,Holothuroidea,class
253135408,4/29/2023,2023-04-29T22:07:00-06:00,Sea Cucumbers,47720,"[-82.8174400058, 9.7395788739]","Limón, Talamanca, Costa Rica","9.7395788739,-82.8174400058",needs_id,d_gonzalez,Animalia,Echinodermata,Holothuroidea,,,,Holothuroidea,class
253135407,4/29/2023,2023-04-29T22:07:00-06:00,Bar Jack,82330,"[-82.8174400058, 9.7395788739]","Limón, Talamanca, Costa Rica","9.7395788739,-82.8174400058",research,d_gonzalez,Animalia,Chordata,Teleostei,Carangiformes,Carangidae,Caranx,Caranx ruber,species
253135406,4/29/2023,2023-04-29T22:07:00-06:00,Bearded Fireworm,49520,"[-82.8174400058, 9.7395788739]","Limón, Talamanca, Costa Rica","9.7395788739,-82.8174400058",research,d_gonzalez,Animalia,Annelida,Polychaeta,Amphinomida,Amphinomidae,Hermodice,Hermodice carunculata,species
253135405,4/29/2023,2023-04-29T22:07:00-06:00,Sea Cucumbers,47720,"[-82.8174400058, 9.7395788739]","Limón, Talamanca, Costa Rica","9.7395788739,-82.8174400058",needs_id,d_gonzalez,Animalia,Echinodermata,Holothuroidea,,,,Holothuroidea,class
253135404,4/29/2023,2023-04-29T22:07:00-06:00,Common Lionfish,47280,"[-82.8174400058, 9.7395788739]","Limón, Talamanca, Costa Rica","9.7395788739,-82.8174400058",research,d_gonzalez,Animalia,Chordata,Teleostei,Perciformes,Scorpaenidae,Pterois,Pterois volitans,species
253135403,4/29/2023,2023-04-29T22:07:00-06:00,French Grunt,62600,"[-82.8174400058, 9.7395788739]","Limón, Talamanca, Costa Rica","9.7395788739,-82.8174400058",research,d_gonzalez,Animalia,Chordata,Teleostei,Eupercaria incertae sedis,Haemulidae,Haemulon,Haemulon flavolineatum,species
253135400,4/29/2023,2023-04-29T22:07:00-06:00,Gray Snapper,49509,"[-82.8174400058, 9.7395788739]","Limón, Talamanca, Costa Rica","9.7395788739,-82.8174400058",research,d_gonzalez,Animalia,Chordata,Teleostei,Eupercaria incertae sedis,Lutjanidae,Lutjanus,Lutjanus griseus,species
253135399,4/29/2023,2023-04-29T22:07:00-06:00,Porkfish,49947,"[-82.8174400058, 9.7395788739]","Limón, Talamanca, Costa Rica","9.7395788739,-82.8174400058",research,d_gonzalez,Animalia,Chordata,Teleostei,Eupercaria incertae sedis,Haemulidae,Anisotremus,Anisotremus virginicus,species
253135397,4/29/2023,2023-04-29T22:07:00-06:00,Yellow Jack,1316792,"[-82.8174400058, 9.7395788739]","Limón, Talamanca, Costa Rica","9.7395788739,-82.8174400058",research,d_gonzalez,Animalia,Chordata,Teleostei,Carangiformes,Carangidae,Caranx,Caranx bartholomaei,species
253135396,4/29/2023,2023-04-29T22:07:00-06:00,Atlantic Blue Tang,121196,"[-82.8174400058, 9.7395788739]","Limón, Talamanca, Costa Rica","9.7395788739,-82.8174400058",needs_id,d_gonzalez,Animalia,Chordata,Teleostei,Acanthuriformes,Acanthuridae,Acanthurus,Acanthurus coeruleus,species
253135395,4/29/2023,2023-04-29T22:07:00-06:00,Sea Chubs,49688,"[-82.8174400058, 9.7395788739]","Limón, Talamanca, Costa Rica","9.7395788739,-82.8174400058",needs_id,d_gonzalez,Animalia,Chordata,Teleostei,Centrarchiformes,Kyphosidae,,Kyphosidae,family
253135393,4/29/2023,2023-04-29T22:07:00-06:00,Slate Pencil Urchin,47836,"[-82.8174400058, 9.7395788739]","Limón, Talamanca, Costa Rica","9.7395788739,-82.8174400058",needs_id,d_gonzalez,Animalia,Echinodermata,Echinoidea,Cidaroida,Cidaridae,Eucidaris,Eucidaris tribuloides,species
253135392,4/29/2023,2023-04-29T22:07:00-06:00,Atlantic Long-spined Sea Urchin,52290,"[-82.8174400058, 9.7395788739]","Limón, Talamanca, Costa Rica","9.7395788739,-82.8174400058",research,d_gonzalez,Animalia,Echinodermata,Echinoidea,Diadematoida,Diadematidae,Diadema,Diadema antillarum,species
253135391,4/29/2023,2023-04-29T22:07:00-06:00,Atlantic Long-spined Sea Urchin,52290,"[-82.8174400058, 9.7395788739]","Limón, Talamanca, Costa Rica","9.7395788739,-82.8174400058",needs_id,d_gonzalez,Animalia,Echinodermata,Echinoidea,Diadematoida,Diadematidae,Diadema,Diadema antillarum,species
253135390,4/29/2023,2023-04-29T22:07:00-06:00,Massive Starlet Coral,112557,"[-82.8174400058, 9.7395788739]","Limón, Talamanca, Costa Rica","9.7395788739,-82.8174400058",research,d_gonzalez,Animalia,Cnidaria,Hexacorallia,Scleractinia,Rhizangiidae,Siderastrea,Siderastrea siderea,species
253135389,4/29/2023,2023-04-29T22:07:00-06:00,Slimy Sea Plume,886070,"[-82.8174400058, 9.7395788739]","Limón, Talamanca, Costa Rica","9.7395788739,-82.8174400058",needs_id,d_gonzalez,Animalia,Cnidaria,Octocorallia,Malacalcyonacea,Gorgoniidae,Antillogorgia,Antillogorgia americana,species
253135388,4/29/2023,2023-04-29T22:07:00-06:00,Knobby Brain Coral,504640,"[-82.8174400058, 9.7395788739]","Limón, Talamanca, Costa Rica","9.7395788739,-82.8174400058",needs_id,d_gonzalez,Animalia,Cnidaria,Hexacorallia,Scleractinia,Faviidae,Pseudodiploria,Pseudodiploria clivosa,species
253135387,4/29/2023,2023-04-29T22:07:00-06:00,Massive Starlet Coral,112557,"[-82.8174400058, 9.7395788739]","Limón, Talamanca, Costa Rica","9.7395788739,-82.8174400058",research,d_gonzalez,Animalia,Cnidaria,Hexacorallia,Scleractinia,Rhizangiidae,Siderastrea,Siderastrea siderea,species
253135386,4/29/2023,2023-04-29T22:07:00-06:00,Plexaurid Sea Fans,85999,"[-82.8174400058, 9.7395788739]","Limón, Talamanca, Costa Rica","9.7395788739,-82.8174400058",needs_id,d_gonzalez,Animalia,Cnidaria,Octocorallia,Malacalcyonacea,Plexauridae,,Plexauridae,family
253135385,4/29/2023,2023-04-29T22:07:00-06:00,Elkhorn Coral,93312,"[-82.8450940607, 9.7912710479]","Limón, CR","9.7912710479,-82.8450940607",research,d_gonzalez,Animalia,Cnidaria,Hexacorallia,Scleractinia,Acroporidae,Acropora,Acropora palmata,species
252649106,3/24/2018,,Green Ormer,210285,"[-16.329363585, 28.5766924755]","Santa Cruz de Tenerife, España","28.5766924755,-16.329363585",research,d_gonzalez,Animalia,Mollusca,Gastropoda,Lepetellida,Haliotidae,Haliotis,Haliotis tuberculata,species
252649104,3/24/2018,,Balanophyllia regia,637404,"[-16.329363585, 28.5766924755]","Santa Cruz de Tenerife, España","28.5766924755,-16.329363585",research,d_gonzalez,Animalia,Cnidaria,Hexacorallia,Scleractinia,Dendrophylliidae,Balanophyllia,Balanophyllia regia,species
252649100,3/24/2018,,Estrella de brazos multiples,255717,"[-16.329363585, 28.5766924755]","Santa Cruz de Tenerife, España","28.5766924755,-16.329363585",research,d_gonzalez,Animalia,Echinodermata,Asteroidea,Forcipulatida,Asteriidae,Coscinasterias,Coscinasterias tenuispina,species
252649096,3/24/2018,,Barriguda,108409,"[-16.329363585, 28.5766924755]","Santa Cruz de Tenerife, España","28.5766924755,-16.329363585",research,d_gonzalez,Animalia,Chordata,Teleostei,Blenniiformes,Blenniidae,Parablennius,Parablennius parvicornis,species
252649095,3/24/2018,,Estrella de brazos multiples,255717,"[-16.329363585, 28.5766924755]","Santa Cruz de Tenerife, España","28.5766924755,-16.329363585",research,d_gonzalez,Animalia,Echinodermata,Asteroidea,Forcipulatida,Asteriidae,Coscinasterias,Coscinasterias tenuispina,species
252649094,3/24/2018,,Pez verde,50972,"[-16.329363585, 28.5766924755]","Santa Cruz de Tenerife, España","28.5766924755,-16.329363585",research,d_gonzalez,Animalia,Chordata,Teleostei,Eupercaria incertae sedis,Labridae,Thalassoma,Thalassoma pavo,species
252649090,3/24/2018,,Echinacea,774993,"[-16.329363585, 28.5766924755]","Santa Cruz de Tenerife, España","28.5766924755,-16.329363585",needs_id,d_gonzalez,Animalia,Echinodermata,Echinoidea,,,,Echinacea,subterclass
252649089,3/24/2018,,Atlantic Purple Sea Urchin,48032,"[-16.329363585, 28.5766924755]","Santa Cruz de Tenerife, España","28.5766924755,-16.329363585",research,d_gonzalez,Animalia,Echinodermata,Echinoidea,Camarodonta,Parechinidae,Paracentrotus,Paracentrotus lividus,species
252649088,3/24/2018,,Enthemonae,813978,"[-16.329363585, 28.5766924755]","Santa Cruz de Tenerife, España","28.5766924755,-16.329363585",needs_id,d_gonzalez,Animalia,Cnidaria,Hexacorallia,Actiniaria,,,Enthemonae,suborder
252649086,3/24/2018,,Anémona Común de Mar,118895,"[-16.329363585, 28.5766924755]","Santa Cruz de Tenerife, España","28.5766924755,-16.329363585",research,d_gonzalez,Animalia,Cnidaria,Hexacorallia,Actiniaria,Actiniidae,Anemonia,Anemonia viridis,species
252649085,3/24/2018,,Fragata portuguesa,117302,"[-16.329363585, 28.5766924755]","Santa Cruz de Tenerife, España","28.5766924755,-16.329363585",research,d_gonzalez,Animalia,Cnidaria,Hydrozoa,Siphonophorae,Physaliidae,Physalia,Physalia physalis,species
252649084,3/24/2018,,erizo de mar,48032,"[-16.329363585, 28.5766924755]","Santa Cruz de Tenerife, España","28.5766924755,-16.329363585",research,d_gonzalez,Animalia,Echinodermata,Echinoidea,Camarodonta,Parechinidae,Paracentrotus,Paracentrotus lividus,species
252649083,3/24/2018,,erizo de mar,48032,"[-16.329363585, 28.5766924755]","Santa Cruz de Tenerife, España","28.5766924755,-16.329363585",research,d_gonzalez,Animalia,Echinodermata,Echinoidea,Camarodonta,Parechinidae,Paracentrotus,Paracentrotus lividus,species
252649081,3/24/2018,,Aplysia punctata,57663,"[-16.329363585, 28.5766924755]","Santa Cruz de Tenerife, España","28.5766924755,-16.329363585",needs_id,d_gonzalez,Animalia,Mollusca,Gastropoda,Aplysiida,Aplysiidae,Aplysia,Aplysia punctata,species
252649080,3/24/2018,,Estrella de brazos multiples,255717,"[-16.329363585, 28.5766924755]","Santa Cruz de Tenerife, España","28.5766924755,-16.329363585",research,d_gonzalez,Animalia,Echinodermata,Asteroidea,Forcipulatida,Asteriidae,Coscinasterias,Coscinasterias tenuispina,species
252649079,3/24/2018,,Anémona Común de Mar,118895,"[-16.329363585, 28.5766924755]","Santa Cruz de Tenerife, España","28.5766924755,-16.329363585",research,d_gonzalez,Animalia,Cnidaria,Hexacorallia,Actiniaria,Actiniidae,Anemonia,Anemonia viridis,species
252649078,3/24/2018,,Fula,1256672,"[-16.329363585, 28.5766924755]","Santa Cruz de Tenerife, España","28.5766924755,-16.329363585",research,d_gonzalez,Animalia,Chordata,Teleostei,Ovalentaria incertae sedis,Pomacentridae,Similiparma,Similiparma lurida,species
252649076,3/24/2018,,Estrella de brazos multiples,255717,"[-16.329363585, 28.5766924755]","Santa Cruz de Tenerife, España","28.5766924755,-16.329363585",research,d_gonzalez,Animalia,Echinodermata,Asteroidea,Forcipulatida,Asteriidae,Coscinasterias,Coscinasterias tenuispina,species
252649075,3/24/2018,,Balanophyllia regia,637404,"[-16.329363585, 28.5766924755]","Santa Cruz de Tenerife, España","28.5766924755,-16.329363585",research,d_gonzalez,Animalia,Cnidaria,Hexacorallia,Scleractinia,Dendrophylliidae,Balanophyllia,Balanophyllia regia,species
252649074,3/24/2018,,spotted seahare,50543,"[-16.329363585, 28.5766924755]","Santa Cruz de Tenerife, España","28.5766924755,-16.329363585",research,d_gonzalez,Animalia,Mollusca,Gastropoda,Aplysiida,Aplysiidae,Aplysia,Aplysia dactylomela,species
252574569,7/30/2019,2019-07-30T00:33:00-07:00,Anémonas Plumosas,49069,"[-123.0130950756, 48.5455569954]","Condado de San Juan, Washington, EE. UU.","48.5455569954,-123.0130950756",needs_id,d_gonzalez,Animalia,Cnidaria,Hexacorallia,Actiniaria,Metridiidae,Metridium,Metridium,genus
252574568,7/31/2019,,Haliclystus sanjuanensis,502902,"[-122.9621361111, 48.4509722222]","Condado de San Juan, Washington, EE. UU.","48.4509722222,-122.9621361111",research,d_gonzalez,Animalia,Cnidaria,Staurozoa,Stauromedusae,Haliclystidae,Haliclystus,Haliclystus sanjuanensis,species
252574567,7/22/2019,2019-07-22T10:19:00-07:00,Armina,47499,"[-123.0134416667, 48.5455027778]","Condado de San Juan, Washington, EE. UU.","48.5455027778,-123.0134416667",research,d_gonzalez,Animalia,Mollusca,Gastropoda,Nudibranchia,Arminidae,Armina,Armina californica,species
252574566,8/12/2019,2019-08-12T10:50:00-07:00,Urticina eques,461075,"[-123.0135416667, 48.5456194444]","Condado de San Juan, Washington, EE. UU.","48.5456194444,-123.0135416667",needs_id,d_gonzalez,Animalia,Cnidaria,Hexacorallia,Actiniaria,Actiniidae,Urticina,Urticina eques,species
252574565,8/11/2019,2019-08-11T16:52:00-07:00,Caracol Burbuja de Cristal,49812,"[-123.0129916667, 48.5457916667]","Condado de San Juan, Washington, EE. UU.","48.5457916667,-123.0129916667",needs_id,d_gonzalez,Animalia,Mollusca,Gastropoda,Cephalaspidea,Haminoeidae,Haminoea,Haminoea vesicula,species
252574564,7/31/2019,2019-07-31T10:52:00-07:00,Microcionidae,63668,"[-122.9624472222, 48.4507305556]","Condado de San Juan, Washington, EE. UU.","48.4507305556,-122.9624472222",needs_id,d_gonzalez,Animalia,Porifera,Demospongiae,Poecilosclerida,Microcionidae,,Microcionidae,family
252574563,7/31/2019,2019-07-31T10:43:00-07:00,Leptasterias hexactis,117691,"[-122.9621361111, 48.4509722222]","Condado de San Juan, Washington, EE. UU.","48.4509722222,-122.9621361111",needs_id,d_gonzalez,Animalia,Echinodermata,Asteroidea,Forcipulatida,Asteriidae,Leptasterias,Leptasterias hexactis,species
252574562,7/31/2019,2019-07-31T10:41:00-07:00,Aggregating Anemone,52564,"[-122.9620361111, 48.4509472222]","Condado de San Juan, Washington, EE. UU.","48.4509472222,-122.9620361111",research,d_gonzalez,Animalia,Cnidaria,Hexacorallia,Actiniaria,Actiniidae,Anthopleura,Anthopleura elegantissima,species
252574561,7/31/2019,2019-07-31T10:40:00-07:00,Evasterias troschelii,84265,"[-122.9620277778, 48.4509666667]","Condado de San Juan, Washington, EE. UU.","48.4509666667,-122.9620277778",research,d_gonzalez,Animalia,Echinodermata,Asteroidea,Forcipulatida,Asteriidae,Evasterias,Evasterias troschelii,species
252574560,7/31/2019,2019-07-31T10:35:00-07:00,Aggregating Anemone,52564,"[-122.9619305556, 48.4507777778]","Condado de San Juan, Washington, EE. UU.","48.4507777778,-122.9619305556",research,d_gonzalez,Animalia,Cnidaria,Hexacorallia,Actiniaria,Actiniidae,Anthopleura,Anthopleura elegantissima,species
252574558,7/31/2019,2019-07-31T10:23:00-07:00,Gooseneck Barnacle,48786,"[-122.9620972222, 48.4514888889]","Condado de San Juan, Washington, EE. UU.","48.4514888889,-122.9620972222",research,d_gonzalez,Animalia,Arthropoda,Thecostraca,Pollicipedomorpha,Pollicipedidae,Pollicipes,Pollicipes polymerus,species
252574557,7/31/2019,2019-07-31T10:31:00-07:00,Cryptochiton stelleri,49053,"[-122.9618694444, 48.4508944444]","Condado de San Juan, Washington, EE. UU.","48.4508944444,-122.9618694444",research,d_gonzalez,Animalia,Mollusca,Polyplacophora,Chitonida,Acanthochitonidae,Cryptochiton,Cryptochiton stelleri,species
252574554,7/31/2019,2019-07-31T10:14:00-07:00,Haliclona,129864,"[-122.9621361111, 48.4514916667]","Condado de San Juan, Washington, EE. UU.","48.4514916667,-122.9621361111",needs_id,d_gonzalez,Animalia,Porifera,Demospongiae,Haplosclerida,Chalinidae,Haliclona,Haliclona,genus
252574553,7/31/2019,2019-07-31T10:14:00-07:00,Esponja Mija de Pan,186854,"[-122.9620444444, 48.4515]","Condado de San Juan, Washington, EE. UU.","48.4515,-122.9620444444",needs_id,d_gonzalez,Animalia,Porifera,Demospongiae,Suberitida,Halichondriidae,Halichondria,Halichondria panicea,species
252574552,7/31/2019,2019-07-31T10:12:00-07:00,Actiniaria,47797,"[-122.9618916667, 48.4501833333]","Condado de San Juan, Washington, EE. UU.","48.4501833333,-122.9618916667",needs_id,d_gonzalez,Animalia,Cnidaria,Hexacorallia,Actiniaria,,,Actiniaria,order
252574551,7/31/2019,2019-07-31T10:09:00-07:00,Aggregating Anemone,52564,"[-122.9619138889, 48.4516805556]","Condado de San Juan, Washington, EE. UU.","48.4516805556,-122.9619138889",research,d_gonzalez,Animalia,Cnidaria,Hexacorallia,Actiniaria,Actiniidae,Anthopleura,Anthopleura elegantissima,species
252574548,7/31/2019,2019-07-31T10:07:00-07:00,Actiniaria,47797,"[-122.9619916667, 48.4518611111]","Condado de San Juan, Washington, EE. UU.","48.4518611111,-122.9619916667",needs_id,d_gonzalez,Animalia,Cnidaria,Hexacorallia,Actiniaria,,,Actiniaria,order
252574547,7/31/2019,2019-07-31T10:06:00-07:00,Actiniaria,47797,"[-122.9620583333, 48.45165]","Condado de San Juan, Washington, EE. UU.","48.45165,-122.9620583333",needs_id,d_gonzalez,Animalia,Cnidaria,Hexacorallia,Actiniaria,,,Actiniaria,order
252574546,7/31/2019,2019-07-31T10:03:00-07:00,Leptasterias hexactis,117691,"[-122.9618833333, 48.4517777778]","Condado de San Juan, Washington, EE. UU.","48.4517777778,-122.9618833333",needs_id,d_gonzalez,Animalia,Echinodermata,Asteroidea,Forcipulatida,Asteriidae,Leptasterias,Leptasterias hexactis,species
252574544,7/31/2019,2019-07-31T10:03:00-07:00,Pepino de Mar Cinco Senderos,51695,"[-122.9618833333, 48.4517777778]","Condado de San Juan, Washington, EE. UU.","48.4517777778,-122.9618833333",needs_id,d_gonzalez,Animalia,Echinodermata,Holothuroidea,Dendrochirotida,Sclerodactylidae,Eupentacta,Eupentacta quinquesemita,species
252574543,7/31/2019,2019-07-31T10:03:00-07:00,Leptasterias hexactis,117691,"[-122.9618833333, 48.4517777778]","Condado de San Juan, Washington, EE. UU.","48.4517777778,-122.9618833333",needs_id,d_gonzalez,Animalia,Echinodermata,Asteroidea,Forcipulatida,Asteriidae,Leptasterias,Leptasterias hexactis,species
252574542,7/31/2019,2019-07-31T10:02:00-07:00,Strongylocentrotus,48036,"[-122.9619, 48.4517694444]","Condado de San Juan, Washington, EE. UU.","48.4517694444,-122.9619",needs_id,d_gonzalez,Animalia,Echinodermata,Echinoidea,Camarodonta,Strongylocentrotidae,Strongylocentrotus,Strongylocentrotus,genus
252574541,7/31/2019,2019-07-31T10:02:00-07:00,Erizo de mar morado,48035,"[-122.9618444444, 48.4518]","Condado de San Juan, Washington, EE. UU.","48.4518,-122.9618444444",needs_id,d_gonzalez,Animalia,Echinodermata,Echinoidea,Camarodonta,Strongylocentrotidae,Strongylocentrotus,Strongylocentrotus purpuratus,species
252574540,7/31/2019,2019-07-31T09:59:00-07:00,Amphiodia occidentalis,56670,"[-122.9618222222, 48.4518861111]","Condado de San Juan, Washington, EE. UU.","48.4518861111,-122.9618222222",needs_id,d_gonzalez,Animalia,Echinodermata,Ophiuroidea,Amphilepidida,Amphiuridae,Amphiodia,Amphiodia occidentalis,species
252574539,7/31/2019,2019-07-31T09:55:00-07:00,Leptasterias hexactis,117691,"[-122.9618527778, 48.4518861111]","Condado de San Juan, Washington, EE. UU.","48.4518861111,-122.9618527778",needs_id,d_gonzalez,Animalia,Echinodermata,Asteroidea,Forcipulatida,Asteriidae,Leptasterias,Leptasterias hexactis,species
252574538,7/31/2019,2019-07-31T09:52:00-07:00,Dórido de Monterey,47469,"[-122.9615333333, 48.4518361111]","Condado de San Juan, Washington, EE. UU.","48.4518361111,-122.9615333333",research,d_gonzalez,Animalia,Mollusca,Gastropoda,Nudibranchia,Dorididae,Doris,Doris montereyensis,species
252574537,7/31/2019,2019-07-31T09:52:00-07:00,Aggregating Anemone,52564,"[-122.9619222222, 48.4520138889]","Condado de San Juan, Washington, EE. UU.","48.4520138889,-122.9619222222",research,d_gonzalez,Animalia,Cnidaria,Hexacorallia,Actiniaria,Actiniidae,Anthopleura,Anthopleura elegantissima,species
252574536,7/31/2019,2019-07-31T09:50:00-07:00,Aggregating Anemone,52564,"[-122.9618611111, 48.4519527778]","Condado de San Juan, Washington, EE. UU.","48.4519527778,-122.9618611111",research,d_gonzalez,Animalia,Cnidaria,Hexacorallia,Actiniaria,Actiniidae,Anthopleura,Anthopleura elegantissima,species
252574535,7/31/2019,2019-07-31T09:50:00-07:00,California Mussel,62806,"[-122.9620361111, 48.4518916667]","Condado de San Juan, Washington, EE. UU.","48.4518916667,-122.9620361111",research,d_gonzalez,Animalia,Mollusca,Bivalvia,Mytilida,Mytilidae,Mytilus,Mytilus californianus,species
252574534,7/31/2019,2019-07-31T09:42:00-07:00,Aggregating Anemone,52564,"[-122.9618, 48.4522472222]","Condado de San Juan, Washington, EE. UU.","48.4522472222,-122.9618",research,d_gonzalez,Animalia,Cnidaria,Hexacorallia,Actiniaria,Actiniidae,Anthopleura,Anthopleura elegantissima,species
252574533,7/31/2019,2019-07-31T09:32:00-07:00,Henricia leviuscula,1551664,"[-122.9622027778, 48.4525555556]","Condado de San Juan, Washington, EE. UU.","48.4525555556,-122.9622027778",needs_id,d_gonzalez,Animalia,Echinodermata,Asteroidea,Spinulosida,Echinasteridae,Henricia,Henricia leviuscula,complex
252574532,7/31/2019,2019-07-31T09:30:00-07:00,Urticina,47795,"[-122.9622944444, 48.4526166667]","Condado de San Juan, Washington, EE. UU.","48.4526166667,-122.9622944444",needs_id,d_gonzalez,Animalia,Cnidaria,Hexacorallia,Actiniaria,Actiniidae,Urticina,Urticina,genus
252574531,7/31/2019,2019-07-31T09:20:00-07:00,Pepino de Mar Cinco Senderos,51695,"[-122.9623194444, 48.4527083333]","Condado de San Juan, Washington, EE. UU.","48.4527083333,-122.9623194444",needs_id,d_gonzalez,Animalia,Echinodermata,Holothuroidea,Dendrochirotida,Sclerodactylidae,Eupentacta,Eupentacta quinquesemita,species
252574530,7/31/2019,2019-07-31T09:17:00-07:00,Pepino de Mar Cinco Senderos,51695,"[-122.9624472222, 48.4527472222]","Condado de San Juan, Washington, EE. UU.","48.4527472222,-122.9624472222",needs_id,d_gonzalez,Animalia,Echinodermata,Holothuroidea,Dendrochirotida,Sclerodactylidae,Eupentacta,Eupentacta quinquesemita,species
252574529,7/31/2019,2019-07-31T09:20:00-07:00,Estrellas de Mar,47668,"[-122.9623194444, 48.4527083333]","Condado de San Juan, Washington, EE. UU.","48.4527083333,-122.9623194444",needs_id,d_gonzalez,Animalia,Echinodermata,Asteroidea,,,,Asteroidea,class
252574528,7/31/2019,2019-07-31T09:14:00-07:00,Cucumaria miniata,117695,"[-122.9624777778, 48.4528722222]","Condado de San Juan, Washington, EE. UU.","48.4528722222,-122.9624777778",research,d_gonzalez,Animalia,Echinodermata,Holothuroidea,Dendrochirotida,Cucumariidae,Cucumaria,Cucumaria miniata,species
252574527,7/30/2019,2019-07-30T11:35:00-07:00,Diaulula odonoghuei,508237,"[-123.0142527778, 48.5216777778]","Condado de San Juan, Washington, EE. UU.","48.5216777778,-123.0142527778",research,d_gonzalez,Animalia,Mollusca,Gastropoda,Nudibranchia,Discodorididae,Diaulula,Diaulula odonoghuei,species
252574526,7/30/2019,2019-07-30T11:29:00-07:00,Cucumaria miniata,117695,"[-123.0141666667, 48.5216333333]","Condado de San Juan, Washington, EE. UU.","48.5216333333,-123.0141666667",needs_id,d_gonzalez,Animalia,Echinodermata,Holothuroidea,Dendrochirotida,Cucumariidae,Cucumaria,Cucumaria miniata,species
252574525,7/30/2019,2019-07-30T11:05:00-07:00,Estrella de Cuero,63382,"[-123.0138638889, 48.5216722222]","Condado de San Juan, Washington, EE. UU.","48.5216722222,-123.0138638889",research,d_gonzalez,Animalia,Echinodermata,Asteroidea,Valvatida,Asteropseidae,Dermasterias,Dermasterias imbricata,species
252574524,7/30/2019,2019-07-30T11:04:00-07:00,Erizo de mar morado,48035,"[-123.0135805556, 48.5216222222]","Condado de San Juan, Washington, EE. UU.","48.5216222222,-123.0135805556",research,d_gonzalez,Animalia,Echinodermata,Echinoidea,Camarodonta,Strongylocentrotidae,Strongylocentrotus,Strongylocentrotus purpuratus,species
252574523,7/30/2019,2019-07-30T10:57:00-07:00,Amphiodia occidentalis,56670,"[-123.0135027778, 48.52155]","Condado de San Juan, Washington, EE. UU.","48.52155,-123.0135027778",needs_id,d_gonzalez,Animalia,Echinodermata,Ophiuroidea,Amphilepidida,Amphiuridae,Amphiodia,Amphiodia occidentalis,species
252574521,7/30/2019,2019-07-30T11:20:00-07:00,Erizo de mar morado,48035,"[-123.0142138889, 48.5216777778]","Condado de San Juan, Washington, EE. UU.","48.5216777778,-123.0142138889",research,d_gonzalez,Animalia,Echinodermata,Echinoidea,Camarodonta,Strongylocentrotidae,Strongylocentrotus,Strongylocentrotus purpuratus,species
252574520,7/30/2019,2019-07-30T10:05:00-07:00,Mopalia muscosa,117633,"[-123.0691972222, 48.486]","Condado de San Juan, Washington, EE. UU.","48.486,-123.0691972222",research,d_gonzalez,Animalia,Mollusca,Polyplacophora,Chitonida,Mopaliidae,Mopalia,Mopalia muscosa,species
252574519,7/30/2019,2019-07-30T10:04:00-07:00,Katharina tunicata,47632,"[-123.0691611111, 48.4859166667]","Condado de San Juan, Washington, EE. UU.","48.4859166667,-123.0691611111",research,d_gonzalez,Animalia,Mollusca,Polyplacophora,Chitonida,Mopaliidae,Katharina,Katharina tunicata,species
252574518,7/30/2019,2019-07-30T09:16:00-07:00,Maldanidae,194016,"[-123.0717611111, 48.4818277778]","Condado de San Juan, Washington, EE. UU.","48.4818277778,-123.0717611111",needs_id,d_gonzalez,Animalia,Annelida,Polychaeta,,Maldanidae,,Maldanidae,family
252574517,7/30/2019,2019-07-30T09:14:00-07:00,Leptosynapta clarki,448305,"[-123.0717388889, 48.4818416667]","Condado de San Juan, Washington, EE. UU.","48.4818416667,-123.0717388889",needs_id,d_gonzalez,Animalia,Echinodermata,Holothuroidea,Apodida,Synaptidae,Leptosynapta,Leptosynapta clarki,species
252574516,7/30/2019,2019-07-30T09:11:00-07:00,Cyanea ferruginea,786996,"[-123.0720972222, 48.4818694444]","Condado de San Juan, Washington, EE. UU.","48.4818694444,-123.0720972222",research,d_gonzalez,Animalia,Cnidaria,Scyphozoa,Semaeostomeae,Cyaneidae,Cyanea,Cyanea ferruginea,species
252570713,6/6/2019,,Cliona tenuis,738393,"[-89.5442116698, 21.8210984213]","97606 Dzilam de Bravo, Yuc., México","21.8210984213,-89.5442116698",needs_id,d_gonzalez,Animalia,Porifera,Demospongiae,Clionaida,Clionaidae,Cliona,Cliona tenuis,species
252570712,6/6/2019,,Esponjas Y Parientes,48824,"[-89.5442116698, 21.8210984213]","97606 Dzilam de Bravo, Yuc., México","21.8210984213,-89.5442116698",needs_id,d_gonzalez,Animalia,Porifera,,,,,Porifera,phylum
252570711,6/6/2019,,Cliona tenuis,738393,"[-89.5442116698, 21.8210984213]","97606 Dzilam de Bravo, Yuc., México","21.8210984213,-89.5442116698",needs_id,d_gonzalez,Animalia,Porifera,Demospongiae,Clionaida,Clionaidae,Cliona,Cliona tenuis,species
252570710,6/6/2019,,payasito largo,52293,"[-89.5442116698, 21.8210984213]","97606 Dzilam de Bravo, Yuc., México","21.8210984213,-89.5442116698",research,d_gonzalez,Animalia,Chordata,Teleostei,Eupercaria incertae sedis,Sciaenidae,Pareques,Pareques acuminatus,species
252570709,6/6/2019,,Sapo Boquiblanca,132471,"[-89.5442116698, 21.8210984213]","97606 Dzilam de Bravo, Yuc., México","21.8210984213,-89.5442116698",needs_id,d_gonzalez,Animalia,Chordata,Teleostei,Batrachoidiformes,Batrachoididae,Opsanus,Opsanus beta,species
252570708,6/6/2019,,Pterogorgia,132250,"[-89.5442116698, 21.8210984213]","97606 Dzilam de Bravo, Yuc., México","21.8210984213,-89.5442116698",needs_id,d_gonzalez,Animalia,Cnidaria,Octocorallia,Malacalcyonacea,Pterogorgiidae,Pterogorgia,Pterogorgia,genus
252570707,6/6/2019,,Pez erizo apache,49269,"[-89.5442116698, 21.8210984213]","97606 Dzilam de Bravo, Yuc., México","21.8210984213,-89.5442116698",research,d_gonzalez,Animalia,Chordata,Teleostei,Tetraodontiformes,Diodontidae,Diodon,Diodon holocanthus,species
252570706,6/6/2019,,Esponjas Y Parientes,48824,"[-89.5442116698, 21.8210984213]","97606 Dzilam de Bravo, Yuc., México","21.8210984213,-89.5442116698",needs_id,d_gonzalez,Animalia,Porifera,,,,,Porifera,phylum
252570704,6/6/2019,,Hypoplectrus ecosur,620587,"[-89.5442116698, 21.8210984213]","97606 Dzilam de Bravo, Yuc., México","21.8210984213,-89.5442116698",research,d_gonzalez,Animalia,Chordata,Teleostei,Perciformes,Serranidae,Hypoplectrus,Hypoplectrus ecosur,species
252570703,6/6/2019,,Esponjas Y Parientes,48824,"[-89.5442116698, 21.8210984213]","97606 Dzilam de Bravo, Yuc., México","21.8210984213,-89.5442116698",needs_id,d_gonzalez,Animalia,Porifera,,,,,Porifera,phylum
252570702,6/6/2019,,Animals,1,"[-89.5442116698, 21.8210984213]","97606 Dzilam de Bravo, Yuc., México","21.8210984213,-89.5442116698",needs_id,d_gonzalez,Animalia,,,,,,Animalia,kingdom
252570699,6/6/2019,,Estrellas Quebradizas,48836,"[-89.5442116698, 21.8210984213]","97606 Dzilam de Bravo, Yuc., México","21.8210984213,-89.5442116698",needs_id,d_gonzalez,Animalia,Echinodermata,Ophiuroidea,,,,Ophiuroidea,class
252570698,6/6/2019,,Echinaster (Othilia) spinulosus,255906,"[-89.5442116698, 21.8210984213]","97606 Dzilam de Bravo, Yuc., México","21.8210984213,-89.5442116698",needs_id,d_gonzalez,Animalia,Echinodermata,Asteroidea,Spinulosida,Echinasteridae,Echinaster,Echinaster (Othilia) spinulosus,species
252570697,6/6/2019,,Erizo Verde de Mar,120069,"[-89.5442116698, 21.8210984213]","97606 Dzilam de Bravo, Yuc., México","21.8210984213,-89.5442116698",needs_id,d_gonzalez,Animalia,Echinodermata,Echinoidea,Camarodonta,Toxopneustidae,Lytechinus,Lytechinus variegatus,species
252570696,6/6/2019,,Echinaster (Othilia) spinulosus,255906,"[-89.5442116698, 21.8210984213]","97606 Dzilam de Bravo, Yuc., México","21.8210984213,-89.5442116698",needs_id,d_gonzalez,Animalia,Echinodermata,Asteroidea,Spinulosida,Echinasteridae,Echinaster,Echinaster (Othilia) spinulosus,species
252570695,6/6/2019,,Clypeaster subdepressus,133985,"[-89.5442116698, 21.8210984213]","97606 Dzilam de Bravo, Yuc., México","21.8210984213,-89.5442116698",needs_id,d_gonzalez,Animalia,Echinodermata,Echinoidea,Clypeasteroida,Clypeasteridae,Clypeaster,Clypeaster subdepressus,species
252570694,6/6/2019,,Echinaster (Othilia) spinulosus,255906,"[-89.5442116698, 21.8210984213]","97606 Dzilam de Bravo, Yuc., México","21.8210984213,-89.5442116698",needs_id,d_gonzalez,Animalia,Echinodermata,Asteroidea,Spinulosida,Echinasteridae,Echinaster,Echinaster (Othilia) spinulosus,species
252570693,6/6/2019,,Serrano Arenero,49421,"[-89.5442116698, 21.8210984213]","97606 Dzilam de Bravo, Yuc., México","21.8210984213,-89.5442116698",needs_id,d_gonzalez,Animalia,Chordata,Teleostei,Perciformes,Serranidae,Diplectrum,Diplectrum formosum,species
252570692,6/6/2019,,Clypeaster subdepressus,133985,"[-89.5442116698, 21.8210984213]","97606 Dzilam de Bravo, Yuc., México","21.8210984213,-89.5442116698",needs_id,d_gonzalez,Animalia,Echinodermata,Echinoidea,Clypeasteroida,Clypeasteridae,Clypeaster,Clypeaster subdepressus,species
252570691,6/6/2019,,Clypeaster subdepressus,133985,"[-89.5442116698, 21.8210984213]","97606 Dzilam de Bravo, Yuc., México","21.8210984213,-89.5442116698",needs_id,d_gonzalez,Animalia,Echinodermata,Echinoidea,Clypeasteroida,Clypeasteridae,Clypeaster,Clypeaster subdepressus,species
252570690,6/6/2019,,Serrano Arenero,49421,"[-89.5442116698, 21.8210984213]","97606 Dzilam de Bravo, Yuc., México","21.8210984213,-89.5442116698",needs_id,d_gonzalez,Animalia,Chordata,Teleostei,Perciformes,Serranidae,Diplectrum,Diplectrum formosum,species
252570689,6/6/2019,,Erizo Verde de Mar,120069,"[-89.5442116698, 21.8210984213]","97606 Dzilam de Bravo, Yuc., México","21.8210984213,-89.5442116698",needs_id,d_gonzalez,Animalia,Echinodermata,Echinoidea,Camarodonta,Toxopneustidae,Lytechinus,Lytechinus variegatus,species
252570688,6/6/2019,,Erizo Verde de Mar,120069,"[-89.5442116698, 21.8210984213]","97606 Dzilam de Bravo, Yuc., México","21.8210984213,-89.5442116698",needs_id,d_gonzalez,Animalia,Echinodermata,Echinoidea,Camarodonta,Toxopneustidae,Lytechinus,Lytechinus variegatus,species
252535019,3/29/2017,2017-03-29T15:06:00-06:00,Corales de Dedos,47530,"[-83.3023924782, 8.5970647922]","Golfo Dulce, Costa Rica","8.5970647922,-83.3023924782",needs_id,d_gonzalez,Animalia,Cnidaria,Hexacorallia,Scleractinia,Poritidae,Porites,Porites,genus
252535018,3/29/2017,2017-03-29T15:06:00-06:00,Gusanos Tubícolas Plumosos,49282,"[-83.3023924782, 8.5970647922]","Golfo Dulce, Costa Rica","8.5970647922,-83.3023924782",needs_id,d_gonzalez,Animalia,Annelida,Polychaeta,Sabellida,Sabellidae,,Sabellidae,family
252535017,3/29/2017,2017-03-29T15:06:00-06:00,Corales de Dedos,47530,"[-83.3023924782, 8.5970647922]","Golfo Dulce, Costa Rica","8.5970647922,-83.3023924782",needs_id,d_gonzalez,Animalia,Cnidaria,Hexacorallia,Scleractinia,Poritidae,Porites,Porites,genus
252535016,3/29/2017,2017-03-29T15:06:00-06:00,Pavona,90878,"[-83.3023924782, 8.5970647922]","Golfo Dulce, Costa Rica","8.5970647922,-83.3023924782",needs_id,d_gonzalez,Animalia,Cnidaria,Hexacorallia,Scleractinia,Agariciidae,Pavona,Pavona,genus
252535015,3/29/2017,2017-03-29T15:06:00-06:00,Telmatactis,195592,"[-83.3023924782, 8.5970647922]","Golfo Dulce, Costa Rica","8.5970647922,-83.3023924782",needs_id,d_gonzalez,Animalia,Cnidaria,Hexacorallia,Actiniaria,Andvakiidae,Telmatactis,Telmatactis,genus
252535014,3/29/2017,2017-03-29T15:06:00-06:00,Señorita camaleón,52555,"[-83.3023924782, 8.5970647922]","Golfo Dulce, Costa Rica","8.5970647922,-83.3023924782",research,d_gonzalez,Animalia,Chordata,Teleostei,Eupercaria incertae sedis,Labridae,Halichoeres,Halichoeres dispilus,species
252535013,3/29/2017,2017-03-29T15:06:00-06:00,Arañas de Mar,47825,"[-83.3023924782, 8.5970647922]","Golfo Dulce, Costa Rica","8.5970647922,-83.3023924782",needs_id,d_gonzalez,Animalia,Arthropoda,Pycnogonida,,,,Pycnogonida,class
252535009,3/29/2017,2017-03-29T15:06:00-06:00,Estrellas Quebradizas,48836,"[-83.3023924782, 8.5970647922]","Golfo Dulce, Costa Rica","8.5970647922,-83.3023924782",needs_id,d_gonzalez,Animalia,Echinodermata,Ophiuroidea,,,,Ophiuroidea,class
252535008,3/29/2017,2017-03-29T15:06:00-06:00,Morena verde panámica,85113,"[-83.3023924782, 8.5970647922]","Golfo Dulce, Costa Rica","8.5970647922,-83.3023924782",needs_id,d_gonzalez,Animalia,Chordata,Teleostei,Anguilliformes,Muraenidae,Gymnothorax,Gymnothorax castaneus,species
252535005,3/29/2017,2017-03-29T15:06:00-06:00,Hidroide Picador,124345,"[-83.3023924782, 8.5970647922]","Golfo Dulce, Costa Rica","8.5970647922,-83.3023924782",needs_id,d_gonzalez,Animalia,Cnidaria,Hydrozoa,Leptothecata,Aglaopheniidae,Macrorhynchia,Macrorhynchia philippina,species
252535004,3/29/2017,2017-03-29T15:06:00-06:00,Leptogorgia,195584,"[-83.3023924782, 8.5970647922]","Golfo Dulce, Costa Rica","8.5970647922,-83.3023924782",needs_id,d_gonzalez,Animalia,Cnidaria,Octocorallia,Malacalcyonacea,Gorgoniidae,Leptogorgia,Leptogorgia,genus
252535003,3/29/2017,2017-03-29T15:06:00-06:00,Mariposa barbero,85124,"[-83.3023924782, 8.5970647922]","Golfo Dulce, Costa Rica","8.5970647922,-83.3023924782",research,d_gonzalez,Animalia,Chordata,Teleostei,Acanthuriformes,Chaetodontidae,Johnrandallia,Johnrandallia nigrirostris,species
252535001,3/29/2017,2017-03-29T15:06:00-06:00,jurel dorado,194896,"[-83.3023924782, 8.5970647922]","Golfo Dulce, Costa Rica","8.5970647922,-83.3023924782",research,d_gonzalez,Animalia,Chordata,Teleostei,Carangiformes,Carangidae,Gnathanodon,Gnathanodon speciosus,species
252535000,3/29/2017,2017-03-29T15:06:00-06:00,Demosponjas,57736,"[-83.3023924782, 8.5970647922]","Golfo Dulce, Costa Rica","8.5970647922,-83.3023924782",needs_id,d_gonzalez,Animalia,Porifera,Demospongiae,,,,Demospongiae,class
252534999,3/29/2017,2017-03-29T15:06:00-06:00,Demosponjas,57736,"[-83.3023924782, 8.5970647922]","Golfo Dulce, Costa Rica","8.5970647922,-83.3023924782",needs_id,d_gonzalez,Animalia,Porifera,Demospongiae,,,,Demospongiae,class
252534996,3/29/2017,2017-03-29T15:06:00-06:00,Cabrilla enjambre,97000,"[-83.3023924782, 8.5970647922]","Golfo Dulce, Costa Rica","8.5970647922,-83.3023924782",research,d_gonzalez,Animalia,Chordata,Teleostei,Perciformes,Epinephelidae,Cephalopholis,Cephalopholis panamensis,species
252534995,3/29/2017,2017-03-29T15:06:00-06:00,Pacific Spadefish,97138,"[-83.3023924782, 8.5970647922]","Golfo Dulce, Costa Rica","8.5970647922,-83.3023924782",research,d_gonzalez,Animalia,Chordata,Teleostei,Acanthuriformes,Ephippidae,Chaetodipterus,Chaetodipterus zonatus,species
252534994,3/29/2017,2017-03-29T15:06:00-06:00,Raya coluda del Pacífico,883883,"[-83.3221831936, 8.5318100601]","Puntarenas, CR","8.5318100601,-83.3221831936",research,d_gonzalez,Animalia,Chordata,Elasmobranchii,Myliobatiformes,Potamotrygonidae,Styracura,Styracura pacifica,species
252534989,3/29/2017,2017-03-29T15:06:00-06:00,Corales de Dedos,47530,"[-83.3023924782, 8.5970647922]","Golfo Dulce, Costa Rica","8.5970647922,-83.3023924782",needs_id,d_gonzalez,Animalia,Cnidaria,Hexacorallia,Scleractinia,Poritidae,Porites,Porites,genus
252534988,3/29/2017,2017-03-29T15:06:00-06:00,Arcoiris de Cortés,49493,"[-83.3023924782, 8.5970647922]","Golfo Dulce, Costa Rica","8.5970647922,-83.3023924782",research,d_gonzalez,Animalia,Chordata,Teleostei,Eupercaria incertae sedis,Labridae,Thalassoma,Thalassoma lucasanum,species
252534987,3/29/2017,2017-03-29T15:06:00-06:00,Pixy Hawkfish,132687,"[-83.3023924782, 8.5970647922]","Golfo Dulce, Costa Rica","8.5970647922,-83.3023924782",research,d_gonzalez,Animalia,Chordata,Teleostei,Centrarchiformes,Cirrhitidae,Cirrhitichthys,Cirrhitichthys oxycephalus,species
252534985,3/29/2017,2017-03-29T15:06:00-06:00,Stony Corals,47532,"[-83.3023924782, 8.5970647922]","Golfo Dulce, Costa Rica","8.5970647922,-83.3023924782",needs_id,d_gonzalez,Animalia,Cnidaria,Hexacorallia,Scleractinia,,,Scleractinia,order
252534984,3/29/2017,2017-03-29T15:06:00-06:00,Coral Copo de Nieve,51012,"[-83.3023924782, 8.5970647922]","Golfo Dulce, Costa Rica","8.5970647922,-83.3023924782",needs_id,d_gonzalez,Animalia,Cnidaria,Octocorallia,Malacalcyonacea,Carijoidae,Carijoa,Carijoa riisei,species
252534982,3/29/2017,2017-03-29T15:06:00-06:00,Jureles Y Pámpanos,47232,"[-83.3023924782, 8.5970647922]","Golfo Dulce, Costa Rica","8.5970647922,-83.3023924782",needs_id,d_gonzalez,Animalia,Chordata,Teleostei,Carangiformes,Carangidae,,Carangidae,family
252534979,3/29/2017,2017-03-29T15:06:00-06:00,Botete bonito,96714,"[-83.3023924782, 8.5970647922]","Golfo Dulce, Costa Rica","8.5970647922,-83.3023924782",research,d_gonzalez,Animalia,Chordata,Teleostei,Tetraodontiformes,Tetraodontidae,Canthigaster,Canthigaster punctatissima,species
252534977,3/29/2017,2017-03-29T15:06:00-06:00,vieja mexicana,57333,"[-83.3023924782, 8.5970647922]","Golfo Dulce, Costa Rica","8.5970647922,-83.3023924782",research,d_gonzalez,Animalia,Chordata,Teleostei,Eupercaria incertae sedis,Labridae,Bodianus,Bodianus diplotaenia,species
252534976,3/29/2017,2017-03-29T15:06:00-06:00,Finescale Triggerfish,95064,"[-83.3023924782, 8.5970647922]","Golfo Dulce, Costa Rica","8.5970647922,-83.3023924782",research,d_gonzalez,Animalia,Chordata,Teleostei,Tetraodontiformes,Balistidae,Balistes,Balistes polylepis,species
252534975,3/29/2017,2017-03-29T15:06:00-06:00,Arcoiris de Cortés,49493,"[-83.3023924782, 8.5970647922]","Golfo Dulce, Costa Rica","8.5970647922,-83.3023924782",research,d_gonzalez,Animalia,Chordata,Teleostei,Eupercaria incertae sedis,Labridae,Thalassoma,Thalassoma lucasanum,species
252474277,3/27/2021,2021-03-27T20:52:00-07:00,corambe del Pacífico,50032,"[-116.6672138889, 31.8630666667]","U.A.B.C., Ensenada, B.C., México","31.8630666667,-116.6672138889",research,d_gonzalez,Animalia,Mollusca,Gastropoda,Nudibranchia,Corambidae,Corambe,Corambe pacifica,species
252474276,3/26/2021,2021-03-26T16:03:00-07:00,Ammotheidae,51488,"[-116.6673815171, 31.8630201534]","U.A.B.C., Ensenada, B.C., México","31.8630201534,-116.6673815171",needs_id,d_gonzalez,Animalia,Arthropoda,Pycnogonida,Pantopoda,Ammotheidae,,Ammotheidae,family
252474274,2/12/2020,2020-02-12T14:41:00-08:00,Eubranchus,50467,"[-116.6673444444, 31.863025]","U.A.B.C., Ensenada, B.C., México","31.863025,-116.6673444444",casual,d_gonzalez,Animalia,Mollusca,Gastropoda,Nudibranchia,Eubranchidae,Eubranchus,Eubranchus,genus
252474273,8/23/2020,2020-08-23T19:30:00-07:00,Nuttallina,63049,"[-116.6676603109, 31.8614104615]","Ensenada, MX-BN, MX","31.8614104615,-116.6676603109",needs_id,d_gonzalez,Animalia,Mollusca,Polyplacophora,Chitonida,Tonicellidae,Nuttallina,Nuttallina,genus
252474272,6/1/2021,2021-06-01T12:49:00-07:00,Caenogastropoda,246139,"[-116.66745, 31.8630611111]","U.A.B.C., Ensenada, B.C., México","31.8630611111,-116.66745",needs_id,d_gonzalez,Animalia,Mollusca,Gastropoda,,,,Caenogastropoda,subclass
252474269,6/8/2021,,Caracol Estrella Corrugado,121180,"[-116.667327717, 31.8630011013]","U.A.B.C., Ensenada, B.C., México","31.8630011013,-116.667327717",needs_id,d_gonzalez,Animalia,Mollusca,Gastropoda,Trochida,Turbinidae,Megastraea,Megastraea undosa,species
252474270,6/8/2021,,Apostichopus californicus,202640,"[-116.667327717, 31.8629737649]","U.A.B.C., Ensenada, B.C., México","31.8629737649,-116.667327717",needs_id,d_gonzalez,Animalia,Echinodermata,Holothuroidea,Synallactida,Stichopodidae,Apostichopus,Apostichopus californicus,species
252474268,9/15/2020,2020-09-15T17:21:00-07:00,Ciprea Castaña,311419,"[-116.6672888889, 31.8629416667]","U.A.B.C., Ensenada, B.C., México","31.8629416667,-116.6672888889",research,d_gonzalez,Animalia,Mollusca,Gastropoda,Littorinimorpha,Cypraeidae,Neobernaya,Neobernaya spadicea,species
252474265,1/31/2020,2020-01-31T19:23:00-08:00,Kellet's Whelk,125663,"[-116.6674055556, 31.8629666667]","U.A.B.C., Ensenada, B.C., México","31.8629666667,-116.6674055556",research,d_gonzalez,Animalia,Mollusca,Gastropoda,Neogastropoda,Austrosiphonidae,Kelletia,Kelletia kelletii,species
252474264,4/28/2020,,Ophiolepis,247029,"[-116.6677568704, 31.8614667004]","Ensenada, MX-BN, MX","31.8614667004,-116.6677568704",needs_id,d_gonzalez,Animalia,Echinodermata,Ophiuroidea,Amphilepidida,Ophiolepididae,Ophiolepis,Ophiolepis,genus
252474263,3/26/2021,2021-03-26T14:06:00-07:00,Liebre marina de California,48655,"[-116.6677139551, 31.8614884741]","Ensenada, MX-BN, MX","31.8614884741,-116.6677139551",research,d_gonzalez,Animalia,Mollusca,Gastropoda,Aplysiida,Aplysiidae,Aplysia,Aplysia californica,species
252474262,3/26/2021,2021-03-26T14:06:00-07:00,Black Seahare,48657,"[-116.6677139551, 31.8614884741]","Ensenada, MX-BN, MX","31.8614884741,-116.6677139551",needs_id,d_gonzalez,Animalia,Mollusca,Gastropoda,Aplysiida,Aplysiidae,Aplysia,Aplysia,genus
252474261,10/4/2020,,Xantic Sargo,94130,"[-116.6580166942, 31.8621346197]","Zona Playitas, 22870 Ensenada, B.C., México","31.8621346197,-116.6580166942",research,d_gonzalez,Animalia,Chordata,Teleostei,Eupercaria incertae sedis,Haemulidae,Anisotremus,Anisotremus davidsonii,species
252474260,10/4/2020,,Cabrilla sargacera,108547,"[-116.6580166942, 31.8621346197]","Zona Playitas, 22870 Ensenada, B.C., México","31.8621346197,-116.6580166942",research,d_gonzalez,Animalia,Chordata,Teleostei,Perciformes,Serranidae,Paralabrax,Paralabrax clathratus,species
252474259,10/4/2020,,Liebres marinas,48657,"[-116.6580166942, 31.8621346197]","Zona Playitas, 22870 Ensenada, B.C., México","31.8621346197,-116.6580166942",needs_id,d_gonzalez,Animalia,Mollusca,Gastropoda,Aplysiida,Aplysiidae,Aplysia,Aplysia,genus
252474258,10/4/2020,2020-10-04T17:30:00-07:00,California Golden Gorgonian,485383,"[-116.6580166942, 31.8621346197]","Zona Playitas, 22870 Ensenada, B.C., México","31.8621346197,-116.6580166942",research,d_gonzalez,Animalia,Cnidaria,Octocorallia,Malacalcyonacea,Plexauridae,Muricea,Muricea californica,species
252474257,10/4/2020,2020-10-04T17:30:00-07:00,Muricea,132267,"[-116.6580166942, 31.8621346197]","Zona Playitas, 22870 Ensenada, B.C., México","31.8621346197,-116.6580166942",needs_id,d_gonzalez,Animalia,Cnidaria,Octocorallia,Malacalcyonacea,Plexauridae,Muricea,Muricea,genus
252474256,8/23/2020,,Anémona Verde Gigante,51659,"[-116.6678259363, 31.8614429126]","Ensenada, MX-BN, MX","31.8614429126,-116.6678259363",research,d_gonzalez,Animalia,Cnidaria,Hexacorallia,Actiniaria,Actiniidae,Anthopleura,Anthopleura xanthogrammica,species
252474255,8/23/2020,,Pulpo Café de Baja California,121162,"[-116.6678410944, 31.8614793618]","Ensenada, MX-BN, MX","31.8614793618,-116.6678410944",needs_id,d_gonzalez,Animalia,Mollusca,Cephalopoda,Octopoda,Octopodidae,Octopus,Octopus bimaculatus,species
252474253,8/23/2020,,Fathead Sculpins,117533,"[-116.6678410944, 31.8614793618]","Ensenada, MX-BN, MX","31.8614793618,-116.6678410944",needs_id,d_gonzalez,Animalia,Chordata,Teleostei,Perciformes,Cottidae,Clinocottus,Clinocottus analis,species
252474252,8/23/2020,,Fathead Sculpins,117533,"[-116.6678410944, 31.8614793618]","Ensenada, MX-BN, MX","31.8614793618,-116.6678410944",needs_id,d_gonzalez,Animalia,Chordata,Teleostei,Perciformes,Cottidae,Clinocottus,Clinocottus analis,species
252474251,2/10/2021,2021-02-10T17:59:00-08:00,Anémona estrella,49051,"[-116.6677401056, 31.8614611372]","Ensenada, MX-BN, MX","31.8614611372,-116.6677401056",research,d_gonzalez,Animalia,Cnidaria,Hexacorallia,Actiniaria,Actiniidae,Anthopleura,Anthopleura sola,species
252474250,12/26/2019,2019-12-26T16:28:00-08:00,Sunburst Anemone,49051,"[-116.6680305556, 31.8612833333]","Ensenada, Baja California, Mexico","31.8612833333,-116.6680305556",research,d_gonzalez,Animalia,Cnidaria,Hexacorallia,Actiniaria,Actiniidae,Anthopleura,Anthopleura sola,species
252474248,12/26/2019,2019-12-26T16:36:00-08:00,Stenoplax,56693,"[-116.6677694444, 31.8613333333]","Ensenada, Baja California, Mexico","31.8613333333,-116.6677694444",needs_id,d_gonzalez,Animalia,Mollusca,Polyplacophora,Chitonida,Ischnochitonidae,Stenoplax,Stenoplax,genus
252474247,12/28/2019,2019-12-28T17:57:00-08:00,Red Sea Urchin,992313,"[-116.6676820311, 31.8614808425]","Ensenada, MX-BN, MX","31.8614808425,-116.6676820311",research,d_gonzalez,Animalia,Echinodermata,Echinoidea,Camarodonta,Strongylocentrotidae,Mesocentrotus,Mesocentrotus franciscanus,species
252474246,12/28/2019,2019-12-28T14:04:00-08:00,Estrellas Quebradizas,48836,"[-116.6674888889, 31.8616472222]","U.A.B.C., Ensenada, B.C., México","31.8616472222,-116.6674888889",needs_id,d_gonzalez,Animalia,Echinodermata,Ophiuroidea,,,,Ophiuroidea,class
252474245,12/26/2019,2019-12-26T15:57:00-08:00,Stenoplax conspicua,56692,"[-116.6673277778, 31.8614583333]","Ensenada, Baja California, Mexico","31.8614583333,-116.6673277778",research,d_gonzalez,Animalia,Mollusca,Polyplacophora,Chitonida,Ischnochitonidae,Stenoplax,Stenoplax conspicua,species
252474243,12/28/2019,2019-12-28T16:18:00-08:00,Erizo de Mar Morado,48035,"[-116.667525, 31.8613694444]","Ensenada, Baja California, Mexico","31.8613694444,-116.667525",needs_id,d_gonzalez,Animalia,Echinodermata,Echinoidea,Camarodonta,Strongylocentrotidae,Strongylocentrotus,Strongylocentrotus purpuratus,species
252474241,12/28/2019,2019-12-28T15:36:00-08:00,Black Seahare,49857,"[-116.6681277778, 31.8615388889]","Ensenada, Baja California, Mexico","31.8615388889,-116.6681277778",research,d_gonzalez,Animalia,Mollusca,Gastropoda,Aplysiida,Aplysiidae,Aplysia,Aplysia vaccaria,species
252474239,12/28/2019,2019-12-28T15:35:00-08:00,Estrellas Quebradizas,48836,"[-116.6681277778, 31.861525]","Ensenada, Baja California, Mexico","31.861525,-116.6681277778",needs_id,d_gonzalez,Animalia,Echinodermata,Ophiuroidea,,,,Ophiuroidea,class
252474238,12/28/2019,2019-12-28T15:34:00-08:00,Heptacarpus,63680,"[-116.6681277778, 31.861525]","Ensenada, Baja California, Mexico","31.861525,-116.6681277778",needs_id,d_gonzalez,Animalia,Arthropoda,Malacostraca,Decapoda,Thoridae,Heptacarpus,Heptacarpus,genus
252474237,12/28/2019,2019-12-28T15:33:00-08:00,Estrellas Quebradizas,48836,"[-116.6681361111, 31.8615222222]","Ensenada, Baja California, Mexico","31.8615222222,-116.6681361111",needs_id,d_gonzalez,Animalia,Echinodermata,Ophiuroidea,,,,Ophiuroidea,class
252474236,12/28/2019,2019-12-28T14:59:00-08:00,Mejillón de California,62806,"[-116.6678388889, 31.86145]","Ensenada, Baja California, Mexico","31.86145,-116.6678388889",needs_id,d_gonzalez,Animalia,Mollusca,Bivalvia,Mytilida,Mytilidae,Mytilus,Mytilus californianus,species
252474235,12/28/2019,2019-12-28T14:59:00-08:00,Gooseneck Barnacle,48786,"[-116.6678388889, 31.86145]","Ensenada, Baja California, Mexico","31.86145,-116.6678388889",research,d_gonzalez,Animalia,Arthropoda,Thecostraca,Pollicipedomorpha,Pollicipedidae,Pollicipes,Pollicipes polymerus,species
252474234,2/17/2020,2020-02-17T12:49:00-08:00,Spotted Dorid,47110,"[-116.6673666667, 31.8630166667]","U.A.B.C., Ensenada, B.C., México","31.8630166667,-116.6673666667",research,d_gonzalez,Animalia,Mollusca,Gastropoda,Nudibranchia,Polyceridae,Triopha,Triopha maculata,species
252474233,2/15/2020,2020-02-15T17:45:00-08:00,Patiria miniata,48830,"[-116.6673444444, 31.8628666667]","U.A.B.C., Ensenada, B.C., México","31.8628666667,-116.6673444444",research,d_gonzalez,Animalia,Echinodermata,Asteroidea,Valvatida,Asterinidae,Patiria,Patiria miniata,species
252474232,2/7/2020,2020-02-07T15:47:00-08:00,Melibe leonina,48455,"[-116.6673444444, 31.8630194444]","U.A.B.C., Ensenada, B.C., México","31.8630194444,-116.6673444444",research,d_gonzalez,Animalia,Mollusca,Gastropoda,Nudibranchia,Tethydidae,Melibe,Melibe leonina,species
252450593,4/29/2017,2017-04-29T13:39:00-06:00,Chiton stokesii,484192,"[-85.7128096, 10.942263]","Bahía Cuajiniquil, Costa Rica","10.942263,-85.7128096",research,d_gonzalez,Animalia,Mollusca,Polyplacophora,Chitonida,Chitonidae,Chiton,Chiton stokesii,species
252450592,4/30/2017,2017-04-30T09:58:00-06:00,Camarones Mantis,49796,"[-85.800109771, 10.9253412257]","Bahía Santa Elena, Costa Rica","10.9253412257,-85.800109771",needs_id,d_gonzalez,Animalia,Arthropoda,Malacostraca,Stomatopoda,,,Stomatopoda,order
252450591,4/30/2017,2017-04-30T09:39:00-06:00,Pepinos de Mar,47720,"[-85.800109771, 10.9253412257]","Bahía Santa Elena, Costa Rica","10.9253412257,-85.800109771",needs_id,d_gonzalez,Animalia,Echinodermata,Holothuroidea,,,,Holothuroidea,class
252450590,4/30/2017,2017-04-30T09:32:00-06:00,Quitón de Forbes,883908,"[-85.800109771, 10.9253412257]","Bahía Santa Elena, Costa Rica","10.9253412257,-85.800109771",research,d_gonzalez,Animalia,Mollusca,Polyplacophora,Chitonida,Chitonidae,Tonicia,Tonicia forbesii,species
252450588,4/30/2017,2017-04-30T09:30:00-06:00,Iphione,355684,"[-85.800109771, 10.9253412257]","Bahía Santa Elena, Costa Rica","10.9253412257,-85.800109771",needs_id,d_gonzalez,Animalia,Annelida,Polychaeta,Phyllodocida,Iphionidae,Iphione,Iphione,genus
252450586,4/30/2017,2017-04-30T09:23:00-06:00,Panama pearl oyster,204978,"[-85.800109771, 10.9253412257]","Bahía Santa Elena, Costa Rica","10.9253412257,-85.800109771",research,d_gonzalez,Animalia,Mollusca,Bivalvia,Ostreida,Margaritidae,Pinctada,Pinctada mazatlanica,species
252450585,4/30/2017,2017-04-30T09:18:00-06:00,Esponjas Y Parientes,48824,"[-85.800109771, 10.9253412257]","Bahía Santa Elena, Costa Rica","10.9253412257,-85.800109771",needs_id,d_gonzalez,Animalia,Porifera,,,,,Porifera,phylum
252450584,4/30/2017,2017-04-30T09:16:00-06:00,Gemophos,246693,"[-85.800109771, 10.9253412257]","Bahía Santa Elena, Costa Rica","10.9253412257,-85.800109771",needs_id,d_gonzalez,Animalia,Mollusca,Gastropoda,Neogastropoda,Pisaniidae,Gemophos,Gemophos,genus
252450583,4/30/2017,2017-04-30T09:13:00-06:00,Quitón de Forbes,883908,"[-85.800109771, 10.9253412257]","Bahía Santa Elena, Costa Rica","10.9253412257,-85.800109771",research,d_gonzalez,Animalia,Mollusca,Polyplacophora,Chitonida,Chitonidae,Tonicia,Tonicia forbesii,species
252450582,4/30/2017,2017-04-30T09:15:00-06:00,Bottleneck Sea Cucumber,195762,"[-85.800109771, 10.9253412257]","Bahía Santa Elena, Costa Rica","10.9253412257,-85.800109771",research,d_gonzalez,Animalia,Echinodermata,Holothuroidea,Holothuriida,Holothuriidae,Holothuria,Holothuria impatiens,species
252450581,4/30/2017,2017-04-30T09:12:00-06:00,slate pencil urchin,57294,"[-85.800109771, 10.9253412257]","Bahía Santa Elena, Costa Rica","10.9253412257,-85.800109771",needs_id,d_gonzalez,Animalia,Echinodermata,Echinoidea,Cidaroida,Cidaridae,Eucidaris,Eucidaris thouarsii,species
252450577,4/30/2017,2017-04-30T09:10:00-06:00,Exaiptasia diaphana,785634,"[-85.800109771, 10.9253412257]","Bahía Santa Elena, Costa Rica","10.9253412257,-85.800109771",research,d_gonzalez,Animalia,Cnidaria,Hexacorallia,Actiniaria,Aiptasiidae,Exaiptasia,Exaiptasia diaphana,species
252450576,4/30/2017,2017-04-30T09:07:00-06:00,Pennaria disticha,195464,"[-85.800109771, 10.9253412257]","Bahía Santa Elena, Costa Rica","10.9253412257,-85.800109771",needs_id,d_gonzalez,Animalia,Cnidaria,Hydrozoa,Anthoathecata,Pennariidae,Pennaria,Pennaria disticha,species
252450573,4/30/2017,2017-04-30T09:02:00-06:00,Bottleneck Sea Cucumber,195762,"[-85.800109771, 10.9253412257]","Bahía Santa Elena, Costa Rica","10.9253412257,-85.800109771",research,d_gonzalez,Animalia,Echinodermata,Holothuroidea,Holothuriida,Holothuriidae,Holothuria,Holothuria impatiens,species
252450572,4/30/2017,2017-04-30T09:02:00-06:00,slate pencil urchin,57294,"[-85.800109771, 10.9253412257]","Bahía Santa Elena, Costa Rica","10.9253412257,-85.800109771",needs_id,d_gonzalez,Animalia,Echinodermata,Echinoidea,Cidaroida,Cidaridae,Eucidaris,Eucidaris thouarsii,species
252450567,4/30/2017,2017-04-30T08:27:00-06:00,Gusanos tubícolas plumosos,49282,"[-85.800109771, 10.9253412257]","Bahía Santa Elena, Costa Rica","10.9253412257,-85.800109771",needs_id,d_gonzalez,Animalia,Annelida,Polychaeta,Sabellida,Sabellidae,,Sabellidae,family
252450565,4/30/2017,2017-04-30T08:27:00-06:00,Neaxius,248327,"[-85.800109771, 10.9253412257]","Bahía Santa Elena, Costa Rica","10.9253412257,-85.800109771",needs_id,d_gonzalez,Animalia,Arthropoda,Malacostraca,Decapoda,Strahlaxiidae,Neaxius,Neaxius,genus
252450564,4/29/2017,2017-04-29T14:20:00-06:00,Pleurobranchus areolatus,49908,"[-85.7128096, 10.942263]","Bahía Cuajiniquil, Costa Rica","10.942263,-85.7128096",research,d_gonzalez,Animalia,Mollusca,Gastropoda,Pleurobranchida,Pleurobranchidae,Pleurobranchus,Pleurobranchus areolatus,species
252450563,4/29/2017,2017-04-29T14:20:00-06:00,Pepino de Mar Californiano,293123,"[-85.7128096, 10.942263]","Bahía Cuajiniquil, Costa Rica","10.942263,-85.7128096",needs_id,d_gonzalez,Animalia,Echinodermata,Holothuroidea,Dendrochirotida,Cucumariidae,Pseudocnus,Pseudocnus californicus,species
252450562,4/29/2017,2017-04-29T14:14:00-06:00,Ascidea de Birkeland,338499,"[-85.7128096, 10.942263]","Bahía Cuajiniquil, Costa Rica","10.942263,-85.7128096",research,d_gonzalez,Animalia,Chordata,Ascidiacea,Aplousobranchia,Diazonidae,Rhopalaea,Rhopalaea birkelandi,species
252450560,4/29/2017,2017-04-29T14:14:00-06:00,Erizo Punta de Lapiz,57294,"[-85.7128096, 10.942263]","Bahía Cuajiniquil, Costa Rica","10.942263,-85.7128096",needs_id,d_gonzalez,Animalia,Echinodermata,Echinoidea,Cidaroida,Cidaridae,Eucidaris,Eucidaris thouarsii,species
252450559,4/29/2017,2017-04-29T14:11:00-06:00,Pepino de Mar Californiano,293123,"[-85.7128096, 10.942263]","Bahía Cuajiniquil, Costa Rica","10.942263,-85.7128096",needs_id,d_gonzalez,Animalia,Echinodermata,Holothuroidea,Dendrochirotida,Cucumariidae,Pseudocnus,Pseudocnus californicus,species
252450556,4/29/2017,2017-04-29T14:11:00-06:00,Pepinos de Mar,52393,"[-85.7128096, 10.942263]","Bahía Cuajiniquil, Costa Rica","10.942263,-85.7128096",needs_id,d_gonzalez,Animalia,Echinodermata,Holothuroidea,Holothuriida,Holothuriidae,Holothuria,Holothuria,genus
252450555,4/29/2017,2017-04-29T14:02:00-06:00,Pepinos de Mar Filtradores,49482,"[-85.7128096, 10.942263]","Bahía Cuajiniquil, Costa Rica","10.942263,-85.7128096",needs_id,d_gonzalez,Animalia,Echinodermata,Holothuroidea,Dendrochirotida,,,Dendrochirotida,order
252450554,4/29/2017,2017-04-29T14:02:00-06:00,Actiniaria,47797,"[-85.7128096, 10.942263]","Bahía Cuajiniquil, Costa Rica","10.942263,-85.7128096",needs_id,d_gonzalez,Animalia,Cnidaria,Hexacorallia,Actiniaria,,,Actiniaria,order
252450553,4/29/2017,2017-04-29T14:00:00-06:00,Bolinopsidae,171735,"[-85.7128096, 10.942263]","Bahía Cuajiniquil, Costa Rica","10.942263,-85.7128096",needs_id,d_gonzalez,Animalia,Ctenophora,Tentaculata,Lobata,Bolinopsidae,,Bolinopsidae,family
252450549,4/29/2017,2017-04-29T13:57:00-06:00,Bunodosoma grande,736005,"[-85.7128096, 10.942263]","Bahía Cuajiniquil, Costa Rica","10.942263,-85.7128096",research,d_gonzalez,Animalia,Cnidaria,Hexacorallia,Actiniaria,Actiniidae,Bunodosoma,Bunodosoma grande,species
252450548,4/29/2017,2017-04-29T13:55:00-06:00,Erizo de flor rosa,195811,"[-85.7128096, 10.942263]","Bahía Cuajiniquil, Costa Rica","10.942263,-85.7128096",research,d_gonzalez,Animalia,Echinodermata,Echinoidea,Camarodonta,Toxopneustidae,Toxopneustes,Toxopneustes roseus,species
252450546,4/29/2017,2017-04-29T13:53:00-06:00,morena estriada,54441,"[-85.7128096, 10.942263]","Bahía Cuajiniquil, Costa Rica","10.942263,-85.7128096",research,d_gonzalez,Animalia,Chordata,Teleostei,Anguilliformes,Muraenidae,Echidna,Echidna nebulosa,species
252450542,4/29/2017,2017-04-29T13:51:00-06:00,Erizo Punta de Lapiz,57294,"[-85.7128096, 10.942263]","Bahía Cuajiniquil, Costa Rica","10.942263,-85.7128096",needs_id,d_gonzalez,Animalia,Echinodermata,Echinoidea,Cidaroida,Cidaridae,Eucidaris,Eucidaris thouarsii,species
252450541,4/29/2017,2017-04-29T13:51:00-06:00,Estrellas Quebradizas,48836,"[-85.7128096, 10.942263]","Bahía Cuajiniquil, Costa Rica","10.942263,-85.7128096",needs_id,d_gonzalez,Animalia,Echinodermata,Ophiuroidea,,,,Ophiuroidea,class
252450540,4/29/2017,2017-04-29T13:50:00-06:00,Pepinos de Mar Filtradores,49482,"[-85.7128096, 10.942263]","Bahía Cuajiniquil, Costa Rica","10.942263,-85.7128096",needs_id,d_gonzalez,Animalia,Echinodermata,Holothuroidea,Dendrochirotida,,,Dendrochirotida,order
252450537,4/29/2017,2017-04-29T13:49:00-06:00,Catolasmus pilsbryi,1399939,"[-85.7128096, 10.942263]","Bahía Cuajiniquil, Costa Rica","10.942263,-85.7128096",research,d_gonzalez,Animalia,Arthropoda,Thecostraca,Balanomorpha,Catophragmidae,Catolasmus,Catolasmus pilsbryi,species
252450535,4/29/2017,2017-04-29T13:47:00-06:00,morena pinta,85111,"[-85.7128096, 10.942263]","Bahía Cuajiniquil, Costa Rica","10.942263,-85.7128096",research,d_gonzalez,Animalia,Chordata,Teleostei,Anguilliformes,Muraenidae,Muraena,Muraena lentiginosa,species
252450533,4/29/2017,2017-04-29T13:46:00-06:00,Erizo Marino de Las Rocas,195812,"[-85.7128096, 10.942263]","Bahía Cuajiniquil, Costa Rica","10.942263,-85.7128096",needs_id,d_gonzalez,Animalia,Echinodermata,Echinoidea,Camarodonta,Echinometridae,Echinometra,Echinometra vanbrunti,species
252450532,4/29/2017,2017-04-29T13:46:00-06:00,Borracho mono,107645,"[-85.7128096, 10.942263]","Bahía Cuajiniquil, Costa Rica","10.942263,-85.7128096",research,d_gonzalez,Animalia,Chordata,Teleostei,Blenniiformes,Blenniidae,Ophioblennius,Ophioblennius steindachneri,species
252450531,4/29/2017,2017-04-29T13:44:00-06:00,Pennaria,191218,"[-85.7128096, 10.942263]","Bahía Cuajiniquil, Costa Rica","10.942263,-85.7128096",needs_id,d_gonzalez,Animalia,Cnidaria,Hydrozoa,Anthoathecata,Pennariidae,Pennaria,Pennaria,genus
252450530,4/29/2017,2017-04-29T13:42:00-06:00,Erizo de flor rosa,195811,"[-85.7128096, 10.942263]","Bahía Cuajiniquil, Costa Rica","10.942263,-85.7128096",research,d_gonzalez,Animalia,Echinodermata,Echinoidea,Camarodonta,Toxopneustidae,Toxopneustes,Toxopneustes roseus,species
252450528,4/29/2017,2017-04-29T13:40:00-06:00,Jaqueta Acapulqueña,113101,"[-85.7128096, 10.942263]","Bahía Cuajiniquil, Costa Rica","10.942263,-85.7128096",needs_id,d_gonzalez,Animalia,Chordata,Teleostei,Ovalentaria incertae sedis,Pomacentridae,Stegastes,Stegastes acapulcoensis,species
252450527,4/29/2017,2017-04-29T13:40:00-06:00,Erizo Bandeado,83298,"[-85.7128096, 10.942263]","Bahía Cuajiniquil, Costa Rica","10.942263,-85.7128096",needs_id,d_gonzalez,Animalia,Echinodermata,Echinoidea,Diadematoida,Diadematidae,Diadema,Diadema mexicanum,species
252450526,4/29/2017,2017-04-29T13:40:00-06:00,Jureles Y Pámpanos,47232,"[-85.7128096, 10.942263]","Bahía Cuajiniquil, Costa Rica","10.942263,-85.7128096",needs_id,d_gonzalez,Animalia,Chordata,Teleostei,Carangiformes,Carangidae,,Carangidae,family
252450525,4/29/2017,2017-04-29T13:36:00-06:00,Erizo café,67762,"[-85.7128096, 10.942263]","Bahía Cuajiniquil, Costa Rica","10.942263,-85.7128096",research,d_gonzalez,Animalia,Echinodermata,Echinoidea,Camarodonta,Toxopneustidae,Tripneustes,Tripneustes depressus,species
252450524,4/29/2017,2017-04-29T13:34:00-06:00,Erizo Marino de Las Rocas,195812,"[-85.7128096, 10.942263]","Bahía Cuajiniquil, Costa Rica","10.942263,-85.7128096",needs_id,d_gonzalez,Animalia,Echinodermata,Echinoidea,Camarodonta,Echinometridae,Echinometra,Echinometra vanbrunti,species
252450522,4/29/2017,2017-04-29T10:41:00-06:00,Raya Águila Oriental,1303461,"[-85.7128096, 10.942263]","Bahía Cuajiniquil, Costa Rica","10.942263,-85.7128096",research,d_gonzalez,Animalia,Chordata,Elasmobranchii,Myliobatiformes,Aetobatidae,Aetobatus,Aetobatus laticeps,species
252450521,4/29/2017,2017-04-29T10:26:00-06:00,Estrella cojín,56775,"[-85.7128096, 10.942263]","Bahía Cuajiniquil, Costa Rica","10.942263,-85.7128096",research,d_gonzalez,Animalia,Echinodermata,Asteroidea,Valvatida,Oreasteridae,Pentaceraster,Pentaceraster cumingi,species
252450519,4/29/2017,2017-04-29T10:20:00-06:00,Octopus,47456,"[-85.7128096, 10.942263]","Bahía Cuajiniquil, Costa Rica","10.942263,-85.7128096",needs_id,d_gonzalez,Animalia,Mollusca,Cephalopoda,Octopoda,Octopodidae,Octopus,Octopus,genus
252450518,4/29/2017,2017-04-29T10:15:00-06:00,Erizo café,67762,"[-85.7128096, 10.942263]","Bahía Cuajiniquil, Costa Rica","10.942263,-85.7128096",research,d_gonzalez,Animalia,Echinodermata,Echinoidea,Camarodonta,Toxopneustidae,Tripneustes,Tripneustes depressus,species
252450517,4/29/2017,2017-04-29T10:10:00-06:00,morena pinta,85111,"[-85.7128096, 10.942263]","Bahía Cuajiniquil, Costa Rica","10.942263,-85.7128096",research,d_gonzalez,Animalia,Chordata,Teleostei,Anguilliformes,Muraenidae,Muraena,Muraena lentiginosa,species
252450516,4/29/2017,2017-04-29T10:00:00-06:00,Lion's Paw Sea Cucumber,50787,"[-85.7128096, 10.942263]","Bahía Cuajiniquil, Costa Rica","10.942263,-85.7128096",research,d_gonzalez,Animalia,Echinodermata,Holothuroidea,Apodida,Synaptidae,Euapta,Euapta godeffroyi,species
252450514,4/29/2017,2017-04-29T10:00:00-06:00,Erizo Bandeado,83298,"[-85.7128096, 10.942263]","Bahía Cuajiniquil, Costa Rica","10.942263,-85.7128096",needs_id,d_gonzalez,Animalia,Echinodermata,Echinoidea,Diadematoida,Diadematidae,Diadema,Diadema mexicanum,species
252450513,4/29/2017,2017-04-29T09:57:00-06:00,Corneta pintada,57399,"[-85.7128096, 10.942263]","Bahía Cuajiniquil, Costa Rica","10.942263,-85.7128096",research,d_gonzalez,Animalia,Chordata,Teleostei,Syngnathiformes,Fistulariidae,Fistularia,Fistularia commersonii,species
252450511,4/29/2017,2017-04-29T09:19:00-06:00,Erizo Punta de Lapiz,57294,"[-85.7128096, 10.942263]","Bahía Cuajiniquil, Costa Rica","10.942263,-85.7128096",needs_id,d_gonzalez,Animalia,Echinodermata,Echinoidea,Cidaroida,Cidaridae,Eucidaris,Eucidaris thouarsii,species
252450508,4/29/2017,2017-04-29T09:19:00-06:00,Erizo Bandeado,83298,"[-85.7128096, 10.942263]","Bahía Cuajiniquil, Costa Rica","10.942263,-85.7128096",needs_id,d_gonzalez,Animalia,Echinodermata,Echinoidea,Diadematoida,Diadematidae,Diadema,Diadema mexicanum,species
252450505,4/29/2017,2017-04-29T08:56:00-06:00,Exaiptasia diaphana,785634,"[-85.7128096, 10.942263]","Bahía Cuajiniquil, Costa Rica","10.942263,-85.7128096",research,d_gonzalez,Animalia,Cnidaria,Hexacorallia,Actiniaria,Aiptasiidae,Exaiptasia,Exaiptasia diaphana,species
252450504,4/29/2017,2017-04-29T07:59:00-06:00,Exaiptasia diaphana,785634,"[-85.7128096, 10.942263]","Bahía Cuajiniquil, Costa Rica","10.942263,-85.7128096",research,d_gonzalez,Animalia,Cnidaria,Hexacorallia,Actiniaria,Aiptasiidae,Exaiptasia,Exaiptasia diaphana,species
252450503,4/30/2017,2017-04-30T10:13:00-06:00,Placospongia,247178,"[-85.7999758, 10.9209212]","Bahía Santa Elena, Costa Rica","10.9209212,-85.7999758",needs_id,d_gonzalez,Animalia,Porifera,Demospongiae,Clionaida,Placospongiidae,Placospongia,Placospongia,genus
252450500,4/30/2017,2017-04-30T09:58:00-06:00,Estrellas Quebradizas,48836,"[-85.7999758, 10.9209212]","Bahía Santa Elena, Costa Rica","10.9209212,-85.7999758",needs_id,d_gonzalez,Animalia,Echinodermata,Ophiuroidea,,,,Ophiuroidea,class
252450498,4/30/2017,2017-04-30T09:58:00-06:00,Erizo Café,67762,"[-85.7999758, 10.9209212]","Bahía Santa Elena, Costa Rica","10.9209212,-85.7999758",needs_id,d_gonzalez,Animalia,Echinodermata,Echinoidea,Camarodonta,Toxopneustidae,Tripneustes,Tripneustes depressus,species
252442171,5/26/2024,2024-05-26T08:26:00-06:00,morena pinta,85111,"[-85.9544582591, 10.853905667]","Islas Murciélago, Costa Rica","10.853905667,-85.9544582591",research,d_gonzalez,Animalia,Chordata,Teleostei,Anguilliformes,Muraenidae,Muraena,Muraena lentiginosa,species
252442170,5/26/2024,2024-05-26T08:23:00-06:00,halcón de coral,132687,"[-85.9544582591, 10.853905667]","Islas Murciélago, Costa Rica","10.853905667,-85.9544582591",research,d_gonzalez,Animalia,Chordata,Teleostei,Centrarchiformes,Cirrhitidae,Cirrhitichthys,Cirrhitichthys oxycephalus,species
252442167,5/26/2024,2024-05-26T08:23:00-06:00,Señorita herida,102035,"[-85.9544582591, 10.853905667]","Islas Murciélago, Costa Rica","10.853905667,-85.9544582591",research,d_gonzalez,Animalia,Chordata,Teleostei,Eupercaria incertae sedis,Labridae,Halichoeres,Halichoeres chierchiae,species
252442165,5/26/2024,2024-05-26T10:36:00-06:00,Ángel real,56797,"[-85.9544582591, 10.853905667]","Islas Murciélago, Costa Rica","10.853905667,-85.9544582591",research,d_gonzalez,Animalia,Chordata,Teleostei,Acanthuriformes,Pomacanthidae,Holacanthus,Holacanthus passer,species
252442160,5/26/2024,2024-05-26T10:35:00-06:00,Flame Sea Cucumber,255772,"[-85.9544582591, 10.853905667]","Islas Murciélago, Costa Rica","10.853905667,-85.9544582591",research,d_gonzalez,Animalia,Echinodermata,Holothuroidea,Dendrochirotida,Cucumariidae,Cucumaria,Cucumaria flamma,species
252442159,5/26/2024,2024-05-26T10:27:00-06:00,halcón narigón,121197,"[-85.9544582591, 10.853905667]","Islas Murciélago, Costa Rica","10.853905667,-85.9544582591",research,d_gonzalez,Animalia,Chordata,Teleostei,Centrarchiformes,Cirrhitidae,Oxycirrhites,Oxycirrhites typus,species
252442155,5/26/2024,2024-05-26T10:27:00-06:00,Botete bonito,96714,"[-85.9544582591, 10.853905667]","Islas Murciélago, Costa Rica","10.853905667,-85.9544582591",research,d_gonzalez,Animalia,Chordata,Teleostei,Tetraodontiformes,Tetraodontidae,Canthigaster,Canthigaster punctatissima,species
252442151,5/26/2024,2024-05-26T10:27:00-06:00,Leptogorgia,195584,"[-85.9544582591, 10.853905667]","Islas Murciélago, Costa Rica","10.853905667,-85.9544582591",needs_id,d_gonzalez,Animalia,Cnidaria,Octocorallia,Malacalcyonacea,Gorgoniidae,Leptogorgia,Leptogorgia,genus
252442150,5/26/2024,2024-05-26T10:27:00-06:00,Leptogorgia,195584,"[-85.9544582591, 10.853905667]","Islas Murciélago, Costa Rica","10.853905667,-85.9544582591",needs_id,d_gonzalez,Animalia,Cnidaria,Octocorallia,Malacalcyonacea,Gorgoniidae,Leptogorgia,Leptogorgia,genus
252442149,5/26/2024,2024-05-26T10:25:00-06:00,Cabrilla enjambre,97000,"[-85.9544582591, 10.853905667]","Islas Murciélago, Costa Rica","10.853905667,-85.9544582591",research,d_gonzalez,Animalia,Chordata,Teleostei,Perciformes,Epinephelidae,Cephalopholis,Cephalopholis panamensis,species
252442147,5/26/2024,2024-05-26T10:24:00-06:00,Gorgonia Blanca,195546,"[-85.9544582591, 10.853905667]","Islas Murciélago, Costa Rica","10.853905667,-85.9544582591",needs_id,d_gonzalez,Animalia,Cnidaria,Octocorallia,Malacalcyonacea,Gorgoniidae,Leptogorgia,Leptogorgia alba,species
252442144,5/26/2024,2024-05-26T10:22:00-06:00,morena pinta,85111,"[-85.9544582591, 10.853905667]","Islas Murciélago, Costa Rica","10.853905667,-85.9544582591",needs_id,d_gonzalez,Animalia,Chordata,Teleostei,Anguilliformes,Muraenidae,Muraena,Muraena lentiginosa,species
252442142,5/26/2024,2024-05-26T10:16:00-06:00,jabonero moteado,111903,"[-85.9544582591, 10.853905667]","Islas Murciélago, Costa Rica","10.853905667,-85.9544582591",research,d_gonzalez,Animalia,Chordata,Teleostei,Perciformes,Grammistidae,Rypticus,Rypticus bicolor,species
252442141,5/26/2024,2024-05-26T10:16:00-06:00,Pepino de Mar Rosado Ceniciento,195764,"[-85.9544582591, 10.853905667]","Islas Murciélago, Costa Rica","10.853905667,-85.9544582591",needs_id,d_gonzalez,Animalia,Echinodermata,Holothuroidea,Holothuriida,Holothuriidae,Holothuria,Holothuria fuscocinerea,species
252442137,5/26/2024,2024-05-26T10:11:00-06:00,Esponja amarilla,1091442,"[-85.9544582591, 10.853905667]","Islas Murciélago, Costa Rica","10.853905667,-85.9544582591",research,d_gonzalez,Animalia,Porifera,Demospongiae,Verongiida,Aplysinidae,Aplysina,Aplysina gerardogreeni,species
252442135,5/26/2024,2024-05-26T10:10:00-06:00,Coral Sol,51802,"[-85.9544582591, 10.853905667]","Islas Murciélago, Costa Rica","10.853905667,-85.9544582591",needs_id,d_gonzalez,Animalia,Cnidaria,Hexacorallia,Scleractinia,Dendrophylliidae,Tubastraea,Tubastraea coccinea,species
252442134,5/26/2024,2024-05-26T10:10:00-06:00,Erizo Bandeado,83298,"[-85.9544582591, 10.853905667]","Islas Murciélago, Costa Rica","10.853905667,-85.9544582591",needs_id,d_gonzalez,Animalia,Echinodermata,Echinoidea,Diadematoida,Diadematidae,Diadema,Diadema mexicanum,species
252442130,5/26/2024,2024-05-26T08:51:00-06:00,Coral Sol,51802,"[-85.9544582591, 10.853905667]","Islas Murciélago, Costa Rica","10.853905667,-85.9544582591",needs_id,d_gonzalez,Animalia,Cnidaria,Hexacorallia,Scleractinia,Dendrophylliidae,Tubastraea,Tubastraea coccinea,species
252442129,5/26/2024,2024-05-26T08:51:00-06:00,Hourglass Moray,106237,"[-85.9544582591, 10.853905667]","Islas Murciélago, Costa Rica","10.853905667,-85.9544582591",research,d_gonzalez,Animalia,Chordata,Teleostei,Anguilliformes,Muraenidae,Muraena,Muraena clepsydra,species
252442128,5/26/2024,2024-05-26T08:50:00-06:00,Corales de dedos,47530,"[-85.9544582591, 10.853905667]","Islas Murciélago, Costa Rica","10.853905667,-85.9544582591",needs_id,d_gonzalez,Animalia,Cnidaria,Hexacorallia,Scleractinia,Poritidae,Porites,Porites,genus
252442125,5/26/2024,2024-05-26T08:43:00-06:00,Pepino de Mar Rosado Ceniciento,195764,"[-85.9544582591, 10.853905667]","Islas Murciélago, Costa Rica","10.853905667,-85.9544582591",needs_id,d_gonzalez,Animalia,Echinodermata,Holothuroidea,Holothuriida,Holothuriidae,Holothuria,Holothuria fuscocinerea,species
252442123,5/26/2024,2024-05-26T08:39:00-06:00,Manta voladora,623966,"[-85.9213088285, 10.9274725084]",Costa Rica,"10.9274725084,-85.9213088285",research,d_gonzalez,Animalia,Chordata,Elasmobranchii,Myliobatiformes,Mobulidae,Mobula,Mobula birostris,species
252442121,5/26/2024,2024-05-26T08:39:00-06:00,Cabrilla piedrera,67529,"[-85.9544582591, 10.853905667]","Islas Murciélago, Costa Rica","10.853905667,-85.9544582591",research,d_gonzalez,Animalia,Chordata,Teleostei,Perciformes,Epinephelidae,Epinephelus,Epinephelus labriformis,species
252442118,5/26/2024,2024-05-26T08:37:00-06:00,serrano guaseta,112499,"[-85.9544582591, 10.853905667]","Islas Murciélago, Costa Rica","10.853905667,-85.9544582591",research,d_gonzalez,Animalia,Chordata,Teleostei,Perciformes,Serranidae,Serranus,Serranus psittacinus,species
252442116,5/26/2024,2024-05-26T08:37:00-06:00,Madre Perla,204978,"[-85.9544582591, 10.853905667]","Islas Murciélago, Costa Rica","10.853905667,-85.9544582591",needs_id,d_gonzalez,Animalia,Mollusca,Bivalvia,Ostreida,Margaritidae,Pinctada,Pinctada mazatlanica,species
252442114,5/26/2024,2024-05-26T08:30:00-06:00,Tiburón toro,84996,"[-85.8922836336, 10.9501970992]",Costa Rica,"10.9501970992,-85.8922836336",research,d_gonzalez,Animalia,Chordata,Elasmobranchii,Carcharhiniformes,Carcharhinidae,Carcharhinus,Carcharhinus leucas,species
252437613,3/3/2024,2024-03-03T16:06:00-06:00,Jaqueta Acapulqueña,113101,"[-85.751292, 11.025629]","Provincia de Guanacaste, La Cruz, Costa Rica","11.025629,-85.751292",needs_id,d_gonzalez,Animalia,Chordata,Teleostei,Ovalentaria incertae sedis,Pomacentridae,Stegastes,Stegastes acapulcoensis,species
252437612,3/3/2024,2024-03-03T16:06:00-06:00,Spotted Sharpnose Puffer,96714,"[-85.751292, 11.025629]","Provincia de Guanacaste, La Cruz, Costa Rica","11.025629,-85.751292",research,d_gonzalez,Animalia,Chordata,Teleostei,Tetraodontiformes,Tetraodontidae,Canthigaster,Canthigaster punctatissima,species
252437611,3/3/2024,2024-03-03T16:06:00-06:00,Erizo Bandeado,83298,"[-85.751292, 11.025629]","Provincia de Guanacaste, La Cruz, Costa Rica","11.025629,-85.751292",needs_id,d_gonzalez,Animalia,Echinodermata,Echinoidea,Diadematoida,Diadematidae,Diadema,Diadema mexicanum,species
252437610,3/3/2024,2024-03-03T16:03:00-06:00,Pepinos de Mar Filtradores,49482,"[-85.751292, 11.025629]","Provincia de Guanacaste, La Cruz, Costa Rica","11.025629,-85.751292",needs_id,d_gonzalez,Animalia,Echinodermata,Holothuroidea,Dendrochirotida,,,Dendrochirotida,order
252437608,3/3/2024,2024-03-03T13:01:00-06:00,Sandy Sea Cucumber,432888,"[-85.7128096, 10.942263]","Bahía Cuajiniquil, Costa Rica","10.942263,-85.7128096",research,d_gonzalez,Animalia,Echinodermata,Holothuroidea,Holothuriida,Holothuriidae,Holothuria,Holothuria inornata,species
252437607,3/3/2024,2024-03-03T15:58:00-06:00,Erizo Marino de Las Rocas,195812,"[-85.751292, 11.025629]","Provincia de Guanacaste, La Cruz, Costa Rica","11.025629,-85.751292",needs_id,d_gonzalez,Animalia,Echinodermata,Echinoidea,Camarodonta,Echinometridae,Echinometra,Echinometra vanbrunti,species
252437606,3/3/2024,2024-03-03T16:03:00-06:00,Bunodosoma grande,736005,"[-85.751292, 11.025629]","Provincia de Guanacaste, La Cruz, Costa Rica","11.025629,-85.751292",research,d_gonzalez,Animalia,Cnidaria,Hexacorallia,Actiniaria,Actiniidae,Bunodosoma,Bunodosoma grande,species
252437605,3/3/2024,2024-03-03T12:36:00-06:00,Corales Coliflor,60547,"[-85.7128096, 10.942263]","Bahía Cuajiniquil, Costa Rica","10.942263,-85.7128096",needs_id,d_gonzalez,Animalia,Cnidaria,Hexacorallia,Scleractinia,Pocilloporidae,Pocillopora,Pocillopora,genus
252437604,3/3/2024,2024-03-03T11:51:00-06:00,Castañeta Cola de Tijera,1315937,"[-85.7128096, 10.942263]","Bahía Cuajiniquil, Costa Rica","10.942263,-85.7128096",needs_id,d_gonzalez,Animalia,Chordata,Teleostei,Ovalentaria incertae sedis,Pomacentridae,Azurina,Azurina atrilobata,species
252437603,3/3/2024,2024-03-03T11:51:00-06:00,Coral Gigante,108980,"[-85.7128096, 10.942263]","Bahía Cuajiniquil, Costa Rica","10.942263,-85.7128096",needs_id,d_gonzalez,Animalia,Cnidaria,Hexacorallia,Scleractinia,Agariciidae,Pavona,Pavona gigantea,species
252437601,3/3/2024,2024-03-03T11:44:00-06:00,Estrella de mar chispas de chocolate,195829,"[-85.7128096, 10.942263]","Bahía Cuajiniquil, Costa Rica","10.942263,-85.7128096",research,d_gonzalez,Animalia,Echinodermata,Asteroidea,Valvatida,Oreasteridae,Nidorellia,Nidorellia armata,species
252437598,3/3/2024,2024-03-03T11:21:00-06:00,Corneta pintada,57399,"[-85.7128096, 10.942263]","Bahía Cuajiniquil, Costa Rica","10.942263,-85.7128096",research,d_gonzalez,Animalia,Chordata,Teleostei,Syngnathiformes,Fistulariidae,Fistularia,Fistularia commersonii,species
252437596,3/3/2024,2024-03-03T11:20:00-06:00,Guineafowl Puffer,83318,"[-85.7128096, 10.942263]","Bahía Cuajiniquil, Costa Rica","10.942263,-85.7128096",research,d_gonzalez,Animalia,Chordata,Teleostei,Tetraodontiformes,Tetraodontidae,Arothron,Arothron meleagris,species
252437595,3/3/2024,2024-03-03T11:18:00-06:00,Erizo Bandeado,83298,"[-85.7128096, 10.942263]","Bahía Cuajiniquil, Costa Rica","10.942263,-85.7128096",needs_id,d_gonzalez,Animalia,Echinodermata,Echinoidea,Diadematoida,Diadematidae,Diadema,Diadema mexicanum,species
252437594,3/3/2024,2024-03-03T16:10:00-06:00,Chiles,49410,"[-85.751292, 11.025629]","Provincia de Guanacaste, La Cruz, Costa Rica","11.025629,-85.751292",needs_id,d_gonzalez,Animalia,Chordata,Teleostei,Aulopiformes,Synodontidae,,Synodontidae,family
252437593,3/3/2024,2024-03-03T16:10:00-06:00,Pulpos,47458,"[-85.751292, 11.025629]","Provincia de Guanacaste, La Cruz, Costa Rica","11.025629,-85.751292",needs_id,d_gonzalez,Animalia,Mollusca,Cephalopoda,Octopoda,,,Octopoda,order
252332600,3/2/2024,2024-03-02T11:40:00-06:00,Naticidae,48923,"[-85.7461548, 10.9737363]","Golfo de Santa Elena, Costa Rica","10.9737363,-85.7461548",needs_id,d_gonzalez,Animalia,Mollusca,Gastropoda,Littorinimorpha,Naticidae,,Naticidae,family
252332599,3/2/2024,2024-03-02T11:31:00-06:00,Caracol barril,244078,"[-85.7461548, 10.9737363]","Golfo de Santa Elena, Costa Rica","10.9737363,-85.7461548",research,d_gonzalez,Animalia,Mollusca,Gastropoda,Littorinimorpha,Tonnidae,Malea,Malea ringens,species
252332597,3/2/2024,2024-03-02T11:13:00-06:00,Stellamedusa ventana,779273,"[-85.7461548, 10.9737363]","Golfo de Santa Elena, Costa Rica","10.9737363,-85.7461548",research,d_gonzalez,Animalia,Cnidaria,Scyphozoa,Semaeostomeae,Ulmaridae,Stellamedusa,Stellamedusa ventana,species
252332594,3/2/2024,2024-03-02T11:10:00-06:00,Spaghetti Worms,47492,"[-85.7461548, 10.9737363]","Golfo de Santa Elena, Costa Rica","10.9737363,-85.7461548",needs_id,d_gonzalez,Animalia,Annelida,Polychaeta,Terebellida,Terebellidae,,Terebellidae,family
252332592,3/2/2024,2024-03-02T11:10:00-06:00,Gusanos Tubícolas,49518,"[-85.7461548, 10.9737363]","Golfo de Santa Elena, Costa Rica","10.9737363,-85.7461548",needs_id,d_gonzalez,Animalia,Annelida,Polychaeta,Sabellida,Serpulidae,,Serpulidae,family
252332591,3/2/2024,2024-03-02T11:09:00-06:00,Flame Sea Cucumber,255772,"[-85.7461548, 10.9737363]","Golfo de Santa Elena, Costa Rica","10.9737363,-85.7461548",research,d_gonzalez,Animalia,Echinodermata,Holothuroidea,Dendrochirotida,Cucumariidae,Cucumaria,Cucumaria flamma,species
252332590,3/2/2024,2024-03-02T11:04:00-06:00,Gusanos Tubícolas,49518,"[-85.7461548, 10.9737363]","Golfo de Santa Elena, Costa Rica","10.9737363,-85.7461548",needs_id,d_gonzalez,Animalia,Annelida,Polychaeta,Sabellida,Serpulidae,,Serpulidae,family
252332589,3/2/2024,2024-03-02T09:31:00-06:00,Botrylloides niger,800368,"[-85.7461548, 10.9737363]","Golfo de Santa Elena, Costa Rica","10.9737363,-85.7461548",needs_id,d_gonzalez,Animalia,Chordata,Ascidiacea,Stolidobranchia,Styelidae,Botrylloides,Botrylloides niger,species
252332588,3/2/2024,2024-03-02T09:22:00-06:00,Pirosomas,51109,"[-85.7461548, 10.9737363]","Golfo de Santa Elena, Costa Rica","10.9737363,-85.7461548",needs_id,d_gonzalez,Animalia,Chordata,Thaliacea,Pyrosomatida,Pyrosomatidae,Pyrosoma,Pyrosoma,genus
252332586,3/2/2024,2024-03-02T09:20:00-06:00,Oysters and Allies,47583,"[-85.7461548, 10.9737363]","Golfo de Santa Elena, Costa Rica","10.9737363,-85.7461548",needs_id,d_gonzalez,Animalia,Mollusca,Bivalvia,Ostreida,,,Ostreida,order
252332585,3/2/2024,2024-03-02T09:20:00-06:00,Coral Sol,51802,"[-85.7461548, 10.9737363]","Golfo de Santa Elena, Costa Rica","10.9737363,-85.7461548",needs_id,d_gonzalez,Animalia,Cnidaria,Hexacorallia,Scleractinia,Dendrophylliidae,Tubastraea,Tubastraea coccinea,species
252332582,3/2/2024,2024-03-02T09:09:00-06:00,Pirosomas,51105,"[-85.7461548, 10.9737363]","Golfo de Santa Elena, Costa Rica","10.9737363,-85.7461548",needs_id,d_gonzalez,Animalia,Chordata,Thaliacea,Pyrosomatida,,,Pyrosomatida,order
252332581,3/2/2024,2024-03-02T09:05:00-06:00,Spaghetti Worms,47492,"[-85.7461548, 10.9737363]","Golfo de Santa Elena, Costa Rica","10.9737363,-85.7461548",needs_id,d_gonzalez,Animalia,Annelida,Polychaeta,Terebellida,Terebellidae,,Terebellidae,family
252332580,3/2/2024,2024-03-02T09:04:00-06:00,Erizo de Flor Rosa,195811,"[-85.7461548, 10.9737363]","Golfo de Santa Elena, Costa Rica","10.9737363,-85.7461548",needs_id,d_gonzalez,Animalia,Echinodermata,Echinoidea,Camarodonta,Toxopneustidae,Toxopneustes,Toxopneustes roseus,species
252332579,3/2/2024,2024-03-02T09:05:00-06:00,Erizo Punta de Lapiz,57294,"[-85.7461548, 10.9737363]","Golfo de Santa Elena, Costa Rica","10.9737363,-85.7461548",needs_id,d_gonzalez,Animalia,Echinodermata,Echinoidea,Cidaroida,Cidaridae,Eucidaris,Eucidaris thouarsii,species
252332578,3/2/2024,2024-03-02T09:03:00-06:00,Blue Sea Star,195833,"[-85.7461548, 10.9737363]","Golfo de Santa Elena, Costa Rica","10.9737363,-85.7461548",research,d_gonzalez,Animalia,Echinodermata,Asteroidea,Valvatida,Ophidiasteridae,Phataria,Phataria unifascialis,species
252332577,3/2/2024,2024-03-02T09:00:00-06:00,Gorgonia Blanca,195546,"[-85.7461548, 10.9737363]","Golfo de Santa Elena, Costa Rica","10.9737363,-85.7461548",needs_id,d_gonzalez,Animalia,Cnidaria,Octocorallia,Malacalcyonacea,Gorgoniidae,Leptogorgia,Leptogorgia alba,species
252332576,3/2/2024,2024-03-02T08:58:00-06:00,Flame Sea Cucumber,255772,"[-85.7461548, 10.9737363]","Golfo de Santa Elena, Costa Rica","10.9737363,-85.7461548",research,d_gonzalez,Animalia,Echinodermata,Holothuroidea,Dendrochirotida,Cucumariidae,Cucumaria,Cucumaria flamma,species
252332575,3/2/2024,2024-03-02T09:00:00-06:00,Estrellas Quebradizas,48836,"[-85.7461548, 10.9737363]","Golfo de Santa Elena, Costa Rica","10.9737363,-85.7461548",needs_id,d_gonzalez,Animalia,Echinodermata,Ophiuroidea,,,,Ophiuroidea,class
252332574,3/2/2024,2024-03-02T08:56:00-06:00,Bumpy Jelly,779273,"[-85.7461548, 10.9737363]","Golfo de Santa Elena, Costa Rica","10.9737363,-85.7461548",research,d_gonzalez,Animalia,Cnidaria,Scyphozoa,Semaeostomeae,Ulmaridae,Stellamedusa,Stellamedusa ventana,species
252332572,3/2/2024,2024-03-02T08:53:00-06:00,Cangrejo araña panameño,195311,"[-85.7461548, 10.9737363]","Golfo de Santa Elena, Costa Rica","10.9737363,-85.7461548",research,d_gonzalez,Animalia,Arthropoda,Malacostraca,Decapoda,Inachoididae,Stenorhynchus,Stenorhynchus debilis,species
252332573,3/2/2024,2024-03-02T08:55:00-06:00,Pirosomas,51105,"[-85.7461548, 10.9737363]","Golfo de Santa Elena, Costa Rica","10.9737363,-85.7461548",needs_id,d_gonzalez,Animalia,Chordata,Thaliacea,Pyrosomatida,,,Pyrosomatida,order
252332570,3/2/2024,2024-03-02T08:51:00-06:00,Diosa de puntas rojas,1230992,"[-85.7461548, 10.9737363]","Golfo de Santa Elena, Costa Rica","10.9737363,-85.7461548",research,d_gonzalez,Animalia,Mollusca,Gastropoda,Nudibranchia,Chromodorididae,Chromolaichma,Chromolaichma sedna,species
252332569,3/2/2024,2024-03-02T08:53:00-06:00,Erizo Bandeado,83298,"[-85.7461548, 10.9737363]","Golfo de Santa Elena, Costa Rica","10.9737363,-85.7461548",needs_id,d_gonzalez,Animalia,Echinodermata,Echinoidea,Diadematoida,Diadematidae,Diadema,Diadema mexicanum,species
252332567,3/2/2024,2024-03-02T11:40:00-06:00,Estrella de Mar Chispas de Chocolate,195829,"[-85.7461548, 10.9737363]","Golfo de Santa Elena, Costa Rica","10.9737363,-85.7461548",needs_id,d_gonzalez,Animalia,Echinodermata,Asteroidea,Valvatida,Oreasteridae,Nidorellia,Nidorellia armata,species
252329873,5/25/2024,2024-05-25T10:32:00-06:00,Pennaria disticha,195464,"[-85.7125593335, 10.9443855311]","La Cruz, CR-GU, CR","10.9443855311,-85.7125593335",needs_id,d_gonzalez,Animalia,Cnidaria,Hydrozoa,Anthoathecata,Pennariidae,Pennaria,Pennaria disticha,species
252329871,5/25/2024,2024-05-25T10:20:00-06:00,Jaquetas,49306,"[-85.7111002118, 10.9437956433]","La Cruz, CR-GU, CR","10.9437956433,-85.7111002118",needs_id,d_gonzalez,Animalia,Chordata,Teleostei,Ovalentaria incertae sedis,Pomacentridae,Stegastes,Stegastes,genus
252329870,5/25/2024,2024-05-25T10:26:00-06:00,morena clepsidra,106237,"[-85.7129026562, 10.9449754176]","La Cruz, CR-GU, CR","10.9449754176,-85.7129026562",research,d_gonzalez,Animalia,Chordata,Teleostei,Anguilliformes,Muraenidae,Muraena,Muraena clepsydra,species
252329869,5/25/2024,2024-05-25T10:25:00-06:00,Erizo de Flor Rosa,195811,"[-85.7109285504, 10.9436271037]","La Cruz, CR-GU, CR","10.9436271037,-85.7109285504",needs_id,d_gonzalez,Animalia,Echinodermata,Echinoidea,Camarodonta,Toxopneustidae,Toxopneustes,Toxopneustes roseus,species
252329868,5/25/2024,2024-05-25T10:19:00-06:00,Erizo de Flor Rosa,195811,"[-85.711872688, 10.9441327222]","La Cruz, CR-GU, CR","10.9441327222,-85.711872688",needs_id,d_gonzalez,Animalia,Echinodermata,Echinoidea,Camarodonta,Toxopneustidae,Toxopneustes,Toxopneustes roseus,species
252329867,5/25/2024,2024-05-25T10:18:00-06:00,morena pinta,85111,"[-85.7133318097, 10.9439641828]","La Cruz, CR-GU, CR","10.9439641828,-85.7133318097",research,d_gonzalez,Animalia,Chordata,Teleostei,Anguilliformes,Muraenidae,Muraena,Muraena lentiginosa,species
252329866,5/25/2024,2024-05-25T10:16:00-06:00,Cabrillas Y Chernas,49640,"[-85.7129884869, 10.9443855311]","La Cruz, CR-GU, CR","10.9443855311,-85.7129884869",needs_id,d_gonzalez,Animalia,Chordata,Teleostei,Perciformes,Epinephelidae,Cephalopholis,Cephalopholis,genus
252329865,5/25/2024,2024-05-25T10:11:00-06:00,Gorgonia Blanca,195546,"[-85.7133318097, 10.9444698006]","La Cruz, CR-GU, CR","10.9444698006,-85.7133318097",needs_id,d_gonzalez,Animalia,Cnidaria,Octocorallia,Malacalcyonacea,Gorgoniidae,Leptogorgia,Leptogorgia alba,species
252329862,5/25/2024,2024-05-25T10:11:00-06:00,Ascidea de Birkeland,338499,"[-85.7127309948, 10.9446383397]","La Cruz, CR-GU, CR","10.9446383397,-85.7127309948",research,d_gonzalez,Animalia,Chordata,Ascidiacea,Aplousobranchia,Diazonidae,Rhopalaea,Rhopalaea birkelandi,species
252329861,5/25/2024,2024-05-25T10:07:00-06:00,Toxopneustidae,49957,"[-85.7133318097, 10.9449754176]","La Cruz, CR-GU, CR","10.9449754176,-85.7133318097",needs_id,d_gonzalez,Animalia,Echinodermata,Echinoidea,Camarodonta,Toxopneustidae,,Toxopneustidae,family
252329859,5/25/2024,2024-05-25T08:56:00-06:00,Coral Gigante,108980,"[-85.7142759472, 10.9444698006]","La Cruz, CR-GU, CR","10.9444698006,-85.7142759472",needs_id,d_gonzalez,Animalia,Cnidaria,Hexacorallia,Scleractinia,Agariciidae,Pavona,Pavona gigantea,species
252329858,5/25/2024,2024-05-25T08:55:00-06:00,Erizo de Flor Rosa,195811,"[-85.7145334393, 10.9453124951]","La Cruz, CR-GU, CR","10.9453124951,-85.7145334393",needs_id,d_gonzalez,Animalia,Echinodermata,Echinoidea,Camarodonta,Toxopneustidae,Toxopneustes,Toxopneustes roseus,species
252329857,5/25/2024,2024-05-25T08:36:00-06:00,Erizo Punta de Lapiz,57294,"[-85.715659543, 10.9461773805]","La Cruz, CR-GU, CR","10.9461773805,-85.715659543",needs_id,d_gonzalez,Animalia,Echinodermata,Echinoidea,Cidaroida,Cidaridae,Eucidaris,Eucidaris thouarsii,species
252329856,5/25/2024,2024-05-25T08:36:00-06:00,Clathria,63671,"[-85.7138467938, 10.945059687]","La Cruz, CR-GU, CR","10.945059687,-85.7138467938",needs_id,d_gonzalez,Animalia,Porifera,Demospongiae,Poecilosclerida,Microcionidae,Clathria,Clathria,genus
252329855,5/25/2024,2024-05-25T08:54:00-06:00,Coral Gigante,108980,"[-85.713085462, 10.9448700611]","La Cruz, CR-GU, CR","10.9448700611,-85.713085462",needs_id,d_gonzalez,Animalia,Cnidaria,Hexacorallia,Scleractinia,Agariciidae,Pavona,Pavona gigantea,species
252329854,5/25/2024,2024-05-25T08:54:00-06:00,Blue Sea Star,195833,"[-85.7131712927, 10.9448700611]","La Cruz, CR-GU, CR","10.9448700611,-85.7131712927",research,d_gonzalez,Animalia,Echinodermata,Asteroidea,Valvatida,Ophidiasteridae,Phataria,Phataria unifascialis,species
252329853,5/25/2024,2024-05-25T08:52:00-06:00,Brown Sea Cucumber,195747,"[-85.7754379417, 10.8074416368]",,"10.8074416368,-85.7754379417",research,d_gonzalez,Animalia,Echinodermata,Holothuroidea,Synallactida,Stichopodidae,Isostichopus,Isostichopus fuscus,species
252329851,5/25/2024,2024-05-25T08:49:00-06:00,Blue Sea Star,195833,"[-85.7134287847, 10.9447857917]","La Cruz, CR-GU, CR","10.9447857917,-85.7134287847",research,d_gonzalez,Animalia,Echinodermata,Asteroidea,Valvatida,Ophidiasteridae,Phataria,Phataria unifascialis,species
252329850,5/25/2024,2024-05-25T08:48:00-06:00,Coral Sol,51802,"[-85.7136004461, 10.9442801744]","La Cruz, CR-GU, CR","10.9442801744,-85.7136004461",needs_id,d_gonzalez,Animalia,Cnidaria,Hexacorallia,Scleractinia,Dendrophylliidae,Tubastraea,Tubastraea coccinea,species
252329849,5/25/2024,2024-05-25T08:48:00-06:00,Clathria,63671,"[-85.711712171, 10.9437745562]","La Cruz, CR-GU, CR","10.9437745562,-85.711712171",needs_id,d_gonzalez,Animalia,Porifera,Demospongiae,Poecilosclerida,Microcionidae,Clathria,Clathria,genus
252329847,5/25/2024,2024-05-25T08:48:00-06:00,Erizo Punta de Lapiz,57294,"[-85.7145445837, 10.9441959047]","La Cruz, CR-GU, CR","10.9441959047,-85.7145445837",needs_id,d_gonzalez,Animalia,Echinodermata,Echinoidea,Cidaroida,Cidaridae,Eucidaris,Eucidaris thouarsii,species
252329846,5/25/2024,2024-05-25T08:43:00-06:00,Flame Sea Cucumber,255772,"[-85.714566039, 10.9445340915]","La Cruz, CR-GU, CR","10.9445340915,-85.714566039",research,d_gonzalez,Animalia,Echinodermata,Holothuroidea,Dendrochirotida,Cucumariidae,Cucumaria,Cucumaria flamma,species
252329845,5/25/2024,2024-05-25T08:42:00-06:00,White-spotted Puffer,144017,"[-85.7136648157, 10.9435410534]","La Cruz, CR-GU, CR","10.9435410534,-85.7136648157",research,d_gonzalez,Animalia,Chordata,Teleostei,Tetraodontiformes,Tetraodontidae,Arothron,Arothron hispidus,species
252329844,5/25/2024,2024-05-25T08:33:00-06:00,Flame Sea Cucumber,255772,"[-85.7135789827, 10.943609365]","La Cruz, CR-GU, CR","10.943609365,-85.7135789827",research,d_gonzalez,Animalia,Echinodermata,Holothuroidea,Dendrochirotida,Cucumariidae,Cucumaria,Cucumaria flamma,species
252329843,5/25/2024,2024-05-25T08:29:00-06:00,Erizo de Flor Rosa,195811,"[-85.713235656, 10.9434089174]","La Cruz, CR-GU, CR","10.9434089174,-85.713235656",needs_id,d_gonzalez,Animalia,Echinodermata,Echinoidea,Camarodonta,Toxopneustidae,Toxopneustes,Toxopneustes roseus,species
252329842,5/25/2024,2024-05-25T08:29:00-06:00,Anémonas Marinas Y Corales,47533,"[-85.7119052789, 10.9431823257]","La Cruz, CR-GU, CR","10.9431823257,-85.7119052789",needs_id,d_gonzalez,Animalia,Cnidaria,,,,,Anthozoa,class
252329840,5/25/2024,2024-05-25T08:27:00-06:00,Estrellas Quebradizas,48836,"[-85.7131927353, 10.942897683]","La Cruz, CR-GU, CR","10.942897683,-85.7131927353",needs_id,d_gonzalez,Animalia,Echinodermata,Ophiuroidea,,,,Ophiuroidea,class
252329839,5/25/2024,2024-05-25T08:27:00-06:00,Erizo Punta de Lapiz,57294,"[-85.7106738953, 10.9432034598]","La Cruz, CR-GU, CR","10.9432034598,-85.7106738953",needs_id,d_gonzalez,Animalia,Echinodermata,Echinoidea,Cidaroida,Cidaridae,Eucidaris,Eucidaris thouarsii,species
252329838,5/25/2024,2024-05-25T08:32:00-06:00,Pyramid Sea Star,344899,"[-85.7133083443, 10.9421074776]","La Cruz, CR-GU, CR","10.9421074776,-85.7133083443",research,d_gonzalez,Animalia,Echinodermata,Asteroidea,Valvatida,Ophidiasteridae,Pharia,Pharia pyramidata,species
252326732,5/25/2024,,Ascidia sideralis,1317119,"[-85.7120274141, 10.9448841131]","La Cruz, CR-GU, CR","10.9448841131,-85.7120274141",needs_id,d_gonzalez,Animalia,Chordata,Ascidiacea,Phlebobranchia,Ascidiidae,Ascidia,Ascidia sideralis,species
252326730,5/25/2024,,Ascidia sideralis,1317119,"[-85.71151243, 10.9445470351]","La Cruz, CR-GU, CR","10.9445470351,-85.71151243",needs_id,d_gonzalez,Animalia,Chordata,Ascidiacea,Phlebobranchia,Ascidiidae,Ascidia,Ascidia sideralis,species
252326729,5/25/2024,,Ascidea de Birkeland,338499,"[-85.7117699221, 10.9445470351]","La Cruz, CR-GU, CR","10.9445470351,-85.7117699221",needs_id,d_gonzalez,Animalia,Chordata,Ascidiacea,Aplousobranchia,Diazonidae,Rhopalaea,Rhopalaea birkelandi,species
252326728,5/25/2024,,Coral Sol,51802,"[-85.7117699221, 10.9442942264]","La Cruz, CR-GU, CR","10.9442942264,-85.7117699221",needs_id,d_gonzalez,Animalia,Cnidaria,Hexacorallia,Scleractinia,Dendrophylliidae,Tubastraea,Tubastraea coccinea,species
252326726,5/25/2024,,Coral Sol,51802,"[-85.71151243, 10.9447155742]","La Cruz, CR-GU, CR","10.9447155742,-85.71151243",needs_id,d_gonzalez,Animalia,Cnidaria,Hexacorallia,Scleractinia,Dendrophylliidae,Tubastraea,Tubastraea coccinea,species
252326724,5/25/2024,,Coral Sol,51802,"[-85.7115982607, 10.9445470351]","La Cruz, CR-GU, CR","10.9445470351,-85.7115982607",needs_id,d_gonzalez,Animalia,Cnidaria,Hexacorallia,Scleractinia,Dendrophylliidae,Tubastraea,Tubastraea coccinea,species
252326723,5/25/2024,,Telmatactis,195592,"[-85.7112549379, 10.9445470351]","La Cruz, CR-GU, CR","10.9445470351,-85.7112549379",needs_id,d_gonzalez,Animalia,Cnidaria,Hexacorallia,Actiniaria,Andvakiidae,Telmatactis,Telmatactis,genus
252326722,5/25/2024,,Coral Gigante,108980,"[-85.7115982607, 10.9447155742]","La Cruz, CR-GU, CR","10.9447155742,-85.7115982607",needs_id,d_gonzalez,Animalia,Cnidaria,Hexacorallia,Scleractinia,Agariciidae,Pavona,Pavona gigantea,species
252326721,5/25/2024,,Octopus,47456,"[-85.7112549379, 10.9446313047]","La Cruz, CR-GU, CR","10.9446313047,-85.7112549379",needs_id,d_gonzalez,Animalia,Mollusca,Cephalopoda,Octopoda,Octopodidae,Octopus,Octopus,genus
252326719,5/25/2024,,Octopus,47456,"[-85.7113407686, 10.9442942264]","La Cruz, CR-GU, CR","10.9442942264,-85.7113407686",needs_id,d_gonzalez,Animalia,Mollusca,Cephalopoda,Octopoda,Octopodidae,Octopus,Octopus,genus
252326718,5/25/2024,,Clathria,63671,"[-85.7111691072, 10.944378496]","La Cruz, CR-GU, CR","10.944378496,-85.7111691072",needs_id,d_gonzalez,Animalia,Porifera,Demospongiae,Poecilosclerida,Microcionidae,Clathria,Clathria,genus
252326717,5/25/2024,,Erizo Punta de Lapiz,57294,"[-85.7112549379, 10.9445470351]","La Cruz, CR-GU, CR","10.9445470351,-85.7112549379",needs_id,d_gonzalez,Animalia,Echinodermata,Echinoidea,Cidaroida,Cidaridae,Eucidaris,Eucidaris thouarsii,species
252326716,5/25/2024,,Erizo Punta de Lapiz,57294,"[-85.7111690994, 10.9444832582]","La Cruz, CR-GU, CR","10.9444832582,-85.7111690994",needs_id,d_gonzalez,Animalia,Echinodermata,Echinoidea,Cidaroida,Cidaridae,Eucidaris,Eucidaris thouarsii,species
252326714,5/25/2024,,Clathria,63671,"[-85.711254934, 10.9445993773]","La Cruz, CR-GU, CR","10.9445993773,-85.711254934",needs_id,d_gonzalez,Animalia,Porifera,Demospongiae,Poecilosclerida,Microcionidae,Clathria,Clathria,genus
252326713,5/25/2024,,Erizo Punta de Lapiz,57294,"[-85.7108257727, 10.9439458208]","La Cruz, CR-GU, CR","10.9439458208,-85.7108257727",needs_id,d_gonzalez,Animalia,Echinodermata,Echinoidea,Cidaroida,Cidaridae,Eucidaris,Eucidaris thouarsii,species
252326712,5/25/2024,,Pez erizo pecoso,52313,"[-85.7109974302, 10.9439982774]","La Cruz, CR-GU, CR","10.9439982774,-85.7109974302",research,d_gonzalez,Animalia,Chordata,Teleostei,Tetraodontiformes,Diodontidae,Diodon,Diodon hystrix,species
252326711,5/25/2024,,Cabrillas Y Chernas,49640,"[-85.7112549183, 10.9441509139]","La Cruz, CR-GU, CR","10.9441509139,-85.7112549183",needs_id,d_gonzalez,Animalia,Chordata,Teleostei,Perciformes,Epinephelidae,Cephalopholis,Cephalopholis,genus
252326710,5/25/2024,,Erizo Cojín,195788,"[-85.7112549144, 10.9436135041]","La Cruz, CR-GU, CR","10.9436135041,-85.7112549144",needs_id,d_gonzalez,Animalia,Echinodermata,Echinoidea,Diadematoida,Diadematidae,Astropyga,Astropyga pulvinata,species
252321565,3/2/2024,,Myriopathes panamensis,195531,"[-85.7125955269, 10.9433763512]","La Cruz, CR-GU, CR","10.9433763512,-85.7125955269",needs_id,d_gonzalez,Animalia,Cnidaria,Hexacorallia,Antipatharia,Myriopathidae,Myriopathes,Myriopathes panamensis,species
252321562,3/2/2024,,Bradley's Sea Star,195839,"[-85.7122522041, 10.9436291608]","La Cruz, CR-GU, CR","10.9436291608,-85.7122522041",research,d_gonzalez,Animalia,Echinodermata,Asteroidea,Valvatida,Mithrodiidae,Mithrodia,Mithrodia bradleyi,species
252321561,3/2/2024,,morena pinta,85111,"[-85.7126813576, 10.9437134306]","La Cruz, CR-GU, CR","10.9437134306,-85.7126813576",research,d_gonzalez,Animalia,Chordata,Teleostei,Anguilliformes,Muraenidae,Muraena,Muraena lentiginosa,species
252321558,3/3/2024,,Cangrejo ermitaño rosa,295229,"[-85.7126813576, 10.9443033185]","La Cruz, CR-GU, CR","10.9443033185,-85.7126813576",research,d_gonzalez,Animalia,Arthropoda,Malacostraca,Decapoda,Diogenidae,Aniculus,Aniculus elegans,species
252321556,3/3/2024,,Erizo Punta de Lapiz,57294,"[-85.712853019, 10.9438819701]","La Cruz, CR-GU, CR","10.9438819701,-85.712853019",needs_id,d_gonzalez,Animalia,Echinodermata,Echinoidea,Cidaroida,Cidaridae,Eucidaris,Eucidaris thouarsii,species
252321555,3/3/2024,,Erizo Punta de Lapiz,57294,"[-85.7130246803, 10.9440505095]","La Cruz, CR-GU, CR","10.9440505095,-85.7130246803",needs_id,d_gonzalez,Animalia,Echinodermata,Echinoidea,Cidaroida,Cidaridae,Eucidaris,Eucidaris thouarsii,species
252321551,3/2/2024,,Arcoiris de Cortés,49493,"[-85.7131963417, 10.9445401723]","La Cruz, CR-GU, CR","10.9445401723,-85.7131963417",research,d_gonzalez,Animalia,Chordata,Teleostei,Eupercaria incertae sedis,Labridae,Thalassoma,Thalassoma lucasanum,species
252321550,3/2/2024,,Erizo Bandeado,83298,"[-85.712853019, 10.945214328]","La Cruz, CR-GU, CR","10.945214328,-85.712853019",needs_id,d_gonzalez,Animalia,Echinodermata,Echinoidea,Diadematoida,Diadematidae,Diadema,Diadema mexicanum,species
252321548,3/2/2024,,Erizo Bandeado,83298,"[-85.7131963417, 10.9443716332]","La Cruz, CR-GU, CR","10.9443716332,-85.7131963417",needs_id,d_gonzalez,Animalia,Echinodermata,Echinoidea,Diadematoida,Diadematidae,Diadema,Diadema mexicanum,species
252321545,3/2/2024,,Flame Sea Cucumber,255772,"[-85.712853019, 10.9446244419]","La Cruz, CR-GU, CR","10.9446244419,-85.712853019",research,d_gonzalez,Animalia,Echinodermata,Holothuroidea,Dendrochirotida,Cucumariidae,Cucumaria,Cucumaria flamma,species
252321544,3/2/2024,,Flame Sea Cucumber,255772,"[-85.712853019, 10.944203094]","La Cruz, CR-GU, CR","10.944203094,-85.712853019",research,d_gonzalez,Animalia,Echinodermata,Holothuroidea,Dendrochirotida,Cucumariidae,Cucumaria,Cucumaria flamma,species
252321542,3/2/2024,,Coral Sol,51802,"[-85.7129388497, 10.944203094]","La Cruz, CR-GU, CR","10.944203094,-85.7129388497",needs_id,d_gonzalez,Animalia,Cnidaria,Hexacorallia,Scleractinia,Dendrophylliidae,Tubastraea,Tubastraea coccinea,species
252321534,3/2/2024,,Erizo Café,67762,"[-85.7125955269, 10.9443716332]","La Cruz, CR-GU, CR","10.9443716332,-85.7125955269",needs_id,d_gonzalez,Animalia,Echinodermata,Echinoidea,Camarodonta,Toxopneustidae,Tripneustes,Tripneustes depressus,species
252321532,3/2/2024,,Escorpión Roquero,112345,"[-85.7130246803, 10.9442873636]","La Cruz, CR-GU, CR","10.9442873636,-85.7130246803",needs_id,d_gonzalez,Animalia,Chordata,Teleostei,Perciformes,Scorpaenidae,Scorpaena,Scorpaena mystes,species
252321531,3/3/2024,,Corales Coliflor,60547,"[-85.7126813576, 10.9439502849]","La Cruz, CR-GU, CR","10.9439502849,-85.7126813576",needs_id,d_gonzalez,Animalia,Cnidaria,Hexacorallia,Scleractinia,Pocilloporidae,Pocillopora,Pocillopora,genus
252321523,3/2/2024,,Blue Sea Star,195833,"[-85.7123380348, 10.9443716332]","La Cruz, CR-GU, CR","10.9443716332,-85.7123380348",research,d_gonzalez,Animalia,Echinodermata,Asteroidea,Valvatida,Ophidiasteridae,Phataria,Phataria unifascialis,species
252321522,3/2/2024,,Pyramid Sea Star,344899,"[-85.712853019, 10.9439502849]","La Cruz, CR-GU, CR","10.9439502849,-85.712853019",research,d_gonzalez,Animalia,Echinodermata,Asteroidea,Valvatida,Ophidiasteridae,Pharia,Pharia pyramidata,species
252321520,3/2/2024,,Coral Gigante,108980,"[-85.7130246764, 10.9436655075]","La Cruz, CR-GU, CR","10.9436655075,-85.7130246764",needs_id,d_gonzalez,Animalia,Cnidaria,Hexacorallia,Scleractinia,Agariciidae,Pavona,Pavona gigantea,species
252321515,3/2/2024,,Pen Shells,50584,"[-85.7122307453, 10.9436655075]","La Cruz, CR-GU, CR","10.9436655075,-85.7122307453",needs_id,d_gonzalez,Animalia,Mollusca,Bivalvia,Ostreida,Pinnidae,,Pinnidae,family
252321513,3/2/2024,,White-spotted Puffer,144017,"[-85.7134752768, 10.9436916751]","La Cruz, CR-GU, CR","10.9436916751,-85.7134752768",research,d_gonzalez,Animalia,Chordata,Teleostei,Tetraodontiformes,Tetraodontidae,Arothron,Arothron hispidus,species
252321512,3/2/2024,,Ascidia sideralis,1317119,"[-85.7127027967, 10.9430698969]","La Cruz, CR-GU, CR","10.9430698969,-85.7127027967",needs_id,d_gonzalez,Animalia,Chordata,Ascidiacea,Phlebobranchia,Ascidiidae,Ascidia,Ascidia sideralis,species
252206911,6/23/2024,,Pennaria,191218,"[-85.7244825736, 10.9699023348]","Bahía Cuajiniquil, Costa Rica","10.9699023348,-85.7244825736",needs_id,d_gonzalez,Animalia,Cnidaria,Hydrozoa,Anthoathecata,Pennariidae,Pennaria,Pennaria,genus
