valid_AphiaID,valid_name,AphiaID,quality_grade,observed_on,identifications_most_agree,num_identification_agreements,lat,lon,taxa_rank,taxa_name
219926,Arothron meleagris,219926,research,2024-05-25,False,0,10.942263,-85.7128096,phylum,Chordata
203822,Stegastes,203822,needs_id,2024-05-25,False,0,10.942263,-85.7128096,phylum,Chordata
138268,Octopus,138268,needs_id,2024-05-25,False,0,10.942263,-85.7128096,phylum,Mollusca
11718,Octopoda,11718,needs_id,2024-05-25,False,0,10.942263,-85.7128096,phylum,Mollusca
281202,Johnrandallia nigrirostris,281202,research,2024-05-25,True,1,10.942263,-85.7128096,phylum,Chordata
123083,Holothuroidea,123083,needs_id,2024-05-25,False,0,10.942263,-85.7128096,phylum,Echinodermata
596162,Hexaplex princeps,596162,needs_id,2024-05-25,False,0,10.942263,-85.7128096,phylum,Mollusca
596162,Hexaplex princeps,596162,research,2024-05-25,False,0,10.942263,-85.7128096,phylum,Mollusca
275780,Halichoeres nicholsi,275780,research,2024-05-25,False,0,10.942263,-85.7128096,phylum,Chordata
275780,Halichoeres nicholsi,275780,research,2024-05-25,False,0,10.942263,-85.7128096,phylum,Chordata
275729,Haemulon maculicauda,275729,needs_id,2024-05-25,False,0,10.942263,-85.7128096,phylum,Chordata
275763,Halichoeres dispilus,275763,research,2024-05-25,False,0,10.942263,-85.7128096,phylum,Chordata
275763,Halichoeres dispilus,275763,research,2024-05-25,False,0,10.942263,-85.7128096,phylum,Chordata
219926,Arothron meleagris,219926,research,2024-05-25,False,0,10.942263,-85.7128096,phylum,Chordata
219926,Arothron meleagris,219926,research,2024-05-25,False,0,10.942263,-85.7128096,phylum,Chordata
1006825,Urobatis pardalis,1006825,research,2024-03-02,True,1,10.942263,-85.7128096,phylum,Chordata
281202,Johnrandallia nigrirostris,281202,research,2024-03-02,False,0,10.942263,-85.7128096,phylum,Chordata
275736,Haemulon sexfasciatum,275736,research,2024-09-07,False,0,8.707268,-83.8817571,phylum,Chordata
275736,Haemulon sexfasciatum,275736,research,2024-09-07,False,0,8.707268,-83.8817571,phylum,Chordata
214557,Triaenodon obesus,214557,research,2024-09-07,True,1,8.707268,-83.8817571,phylum,Chordata
276853,Sufflamen verres,276853,research,2024-09-07,True,1,8.707268,-83.8817571,phylum,Chordata
275736,Haemulon sexfasciatum,275736,research,2024-09-07,False,0,8.707268,-83.8817571,phylum,Chordata
276668,Stegastes flavilatus,276668,research,2024-09-07,False,0,8.707268,-83.8817571,phylum,Chordata
273858,Epinephelus labriformis,273858,research,2024-09-07,False,0,8.707268,-83.8817571,phylum,Chordata
220083,Zanclus cornutus,220083,research,2024-09-07,True,1,8.707268,-83.8817571,phylum,Chordata
219127,Scarus ghobban,219127,research,2024-09-07,False,0,8.707268,-83.8817571,phylum,Chordata
220083,Zanclus cornutus,220083,research,2024-09-07,True,1,8.707268,-83.8817571,phylum,Chordata
279161,Pseudobalistes naufragium,279161,research,2024-09-07,True,1,8.707268,-83.8817571,phylum,Chordata
137206,Chelonia mydas,137206,research,2024-09-07,True,1,8.7971672682,-83.8527784564,phylum,Chordata
137207,Eretmochelys imbricata,137207,needs_id,2024-09-07,False,0,8.7873358677,-83.8849494309,phylum,Chordata
137206,Chelonia mydas,137206,research,2024-09-07,True,2,8.7140343124,-83.8628258593,phylum,Chordata
219634,Acanthurus xanthopterus,219634,research,2024-09-07,False,0,8.707268,-83.8817571,phylum,Chordata
276552,Lutjanus viridis,276552,research,2024-09-07,False,0,8.707268,-83.8817571,phylum,Chordata
1750630,Cephalopholis colonus,1750630,research,2024-09-07,False,0,8.707268,-83.8817571,phylum,Chordata
273343,Chaetodon humeralis,273343,research,2024-09-07,False,0,8.707268,-83.8817571,phylum,Chordata
218419,Caranx melampygus,218419,research,2024-09-07,False,0,8.707268,-83.8817571,phylum,Chordata
1750630,Cephalopholis colonus,1750630,research,2024-09-07,False,0,8.707268,-83.8817571,phylum,Chordata
273271,Caranx caballus,273271,research,2024-09-07,False,0,8.707268,-83.8817571,phylum,Chordata
219638,Acanthurus nigricans,219638,research,2024-09-07,True,2,8.707268,-83.8817571,phylum,Chordata
217495,Gymnothorax flavimarginatus,217495,research,2024-09-07,True,1,8.707268,-83.8817571,phylum,Chordata
276016,Holacanthus passer,276016,research,2024-09-07,True,1,8.707268,-83.8817571,phylum,Chordata
275729,Haemulon maculicauda,275729,research,2024-09-07,False,0,8.707268,-83.8817571,phylum,Chordata
219926,Arothron meleagris,219926,research,2024-09-07,True,1,8.707268,-83.8817571,phylum,Chordata
274726,Scorpaena mystes,274726,research,2024-09-07,False,0,8.707268,-83.8817571,phylum,Chordata
267665,Pacifigorgia,267665,needs_id,2024-09-07,False,0,8.707268,-83.8817571,phylum,Cnidaria
291251,Tubastraea coccinea,291251,needs_id,2024-09-07,False,0,8.707268,-83.8817571,phylum,Cnidaria
137206,Chelonia mydas,137206,research,2024-09-07,True,2,8.7967569907,-83.9283276902,phylum,Chordata
267665,Pacifigorgia,267665,needs_id,2024-09-07,False,0,8.707268,-83.8817571,phylum,Cnidaria
217495,Gymnothorax flavimarginatus,217495,research,2024-09-07,True,1,8.707268,-83.8817571,phylum,Chordata
137207,Eretmochelys imbricata,137207,research,2024-09-07,False,0,8.66389313,-83.9662430933,phylum,Chordata
218429,Gnathanodon speciosus,218429,research,2024-09-07,False,0,8.707268,-83.8817571,phylum,Chordata
214557,Triaenodon obesus,214557,research,2024-09-07,True,1,8.707268,-83.8817571,phylum,Chordata
279152,Cephalopholis panamensis,279152,research,2024-09-07,False,0,8.707268,-83.8817571,phylum,Chordata
217927,Myripristis berndti,217927,research,2024-09-07,False,0,8.707268,-83.8817571,phylum,Chordata
286209,Leptogorgia alba,286209,research,2024-09-07,False,0,8.707268,-83.8817571,phylum,Cnidaria
289201,Pavona gigantea,289201,needs_id,2024-09-07,False,0,8.707268,-83.8817571,phylum,Cnidaria
281202,Johnrandallia nigrirostris,281202,research,2024-09-07,False,0,8.707268,-83.8817571,phylum,Chordata
218853,Cirrhitichthys oxycephalus,218853,research,2024-09-07,True,1,8.707268,-83.8817571,phylum,Chordata
206938,Pocillopora,206938,needs_id,2024-09-07,False,0,8.707268,-83.8817571,phylum,Cnidaria
218378,Malacanthus brevirostris,218378,research,2024-09-07,False,0,8.707268,-83.8817571,phylum,Chordata
138518,Spondylus,138518,needs_id,2024-09-07,True,1,8.707268,-83.8817571,phylum,Mollusca
219124,Scarus rubroviolaceus,219124,research,2024-09-07,False,0,8.707268,-83.8817571,phylum,Chordata
219124,Scarus rubroviolaceus,219124,research,2024-09-07,False,0,8.707268,-83.8817571,phylum,Chordata
164811,Demospongiae,164811,needs_id,2024-09-07,True,2,8.707268,-83.8817571,phylum,Porifera
286209,Leptogorgia alba,286209,research,2024-09-07,False,0,8.707268,-83.8817571,phylum,Cnidaria
218419,Caranx melampygus,218419,research,2024-09-07,False,0,8.707268,-83.8817571,phylum,Chordata
138268,Octopus,138268,needs_id,2024-09-07,True,1,8.707268,-83.8817571,phylum,Mollusca
275736,Haemulon sexfasciatum,275736,research,2024-09-07,False,0,8.707268,-83.8817571,phylum,Chordata
273271,Caranx caballus,273271,research,2024-09-07,False,0,8.707268,-83.8817571,phylum,Chordata
273858,Epinephelus labriformis,273858,research,2024-09-07,False,0,8.707268,-83.8817571,phylum,Chordata
137206,Chelonia mydas,137206,research,2024-09-07,True,2,8.6098446021,-83.8222139915,phylum,Chordata
267665,Pacifigorgia,267665,needs_id,2024-09-07,False,0,8.707268,-83.8817571,phylum,Cnidaria
137206,Chelonia mydas,137206,research,2024-09-07,True,1,8.6856444425,-83.8951780241,phylum,Chordata
1042860,Hypanus longus,1042860,research,2024-09-07,True,1,8.707268,-83.8817571,phylum,Chordata
219925,Arothron hispidus,219925,research,2024-09-07,True,1,8.707268,-83.8817571,phylum,Chordata
279624,Anisotremus taeniatus,279624,research,2024-09-07,False,0,8.707268,-83.8817571,phylum,Chordata
275729,Haemulon maculicauda,275729,needs_id,2024-09-07,False,0,8.707268,-83.8817571,phylum,Chordata
276524,Lutjanus argentiventris,276524,research,2024-09-07,False,0,8.707268,-83.8817571,phylum,Chordata
281087,Hoplopagrus guentherii,281087,research,2024-09-07,False,0,8.707268,-83.8817571,phylum,Chordata
206485,Porites,206485,needs_id,2024-09-07,False,0,8.707268,-83.8817571,phylum,Cnidaria
1778,Limidae,1778,needs_id,2024-09-07,False,0,8.707268,-83.8817571,phylum,Mollusca
214557,Triaenodon obesus,214557,research,2024-09-07,True,1,8.707268,-83.8817571,phylum,Chordata
218853,Cirrhitichthys oxycephalus,218853,research,2024-09-07,True,1,8.707268,-83.8817571,phylum,Chordata
125484,Antennariidae,125484,needs_id,2024-09-07,False,0,8.707268,-83.8817571,phylum,Chordata
276028,Pomacanthus zonipectus,276028,research,2017-06-18,False,0,8.5685573091,-83.2666979222,phylum,Chordata
217469,Echidna nebulosa,217469,research,2017-06-18,True,1,8.5685573091,-83.2666979222,phylum,Chordata
123111,Dendrochirotida,123111,needs_id,2017-06-18,False,0,8.5685573091,-83.2666979222,phylum,Echinodermata
275729,Haemulon maculicauda,275729,needs_id,2017-06-18,False,0,8.5685573091,-83.2666979222,phylum,Chordata
132044,Placospongia,132044,needs_id,2017-06-18,False,0,8.5685573091,-83.2666979222,phylum,Porifera
281087,Hoplopagrus guentherii,281087,research,2017-06-18,False,0,8.5685573091,-83.2666979222,phylum,Chordata
273272,Caranx caninus,273272,needs_id,2017-06-18,False,0,8.5685573091,-83.2666979222,phylum,Chordata
279161,Pseudobalistes naufragium,279161,needs_id,2017-06-18,False,0,8.5685573091,-83.2666979222,phylum,Chordata
283177,Xenichthys xanti,283177,needs_id,2017-06-18,False,0,8.5685573091,-83.2666979222,phylum,Chordata
273702,Abudefduf troschelii,273702,research,2017-06-18,False,0,8.5685573091,-83.2666979222,phylum,Chordata
464493,Pinctada mazatlanica,464493,research,2017-06-18,False,0,8.5685573091,-83.2666979222,phylum,Mollusca
107459,Plagusia depressa,107459,research,2023-04-29,True,1,9.7337,-82.8090805556,phylum,Arthropoda
213380,Echinometra lucunter,213380,needs_id,2023-04-28,False,0,9.7454472222,-82.8538055556,phylum,Echinodermata
1360,Actiniaria,1360,needs_id,2023-04-28,False,0,9.7444861111,-82.8546611111,phylum,Cnidaria
206071,Sabellastarte,206071,needs_id,2023-04-28,True,1,9.7453111111,-82.8537527778,phylum,Annelida
123083,Holothuroidea,123083,needs_id,2023-04-28,False,0,9.7452722222,-82.8536972222,phylum,Echinodermata
1264073,Exaiptasia diaphana,1264073,needs_id,2023-04-28,True,1,9.7452888889,-82.8537611111,phylum,Cnidaria
124454,Euapta lappa,124454,needs_id,2023-04-30,False,0,9.6454900767,-82.6873418137,phylum,Echinodermata
124454,Euapta lappa,124454,needs_id,2023-04-30,False,0,9.6454900767,-82.6873418137,phylum,Echinodermata
291135,Stichodactyla helianthus,291135,research,2023-04-30,False,0,9.6454900767,-82.6873418137,phylum,Cnidaria
288456,Palythoa caribaeorum,288456,research,2023-04-30,False,0,9.6454900767,-82.6873418137,phylum,Cnidaria
179659,Echinometra,179659,needs_id,2023-04-30,False,0,9.6454900767,-82.6873418137,phylum,Echinodermata
123084,Ophiuroidea,123084,needs_id,2023-04-30,False,0,9.6454900767,-82.6873418137,phylum,Echinodermata
159786,Thalassoma bifasciatum,159786,research,2023-04-30,True,3,9.6454900767,-82.6873418137,phylum,Chordata
205902,Millepora,205902,needs_id,2023-04-30,False,0,9.6454900767,-82.6873418137,phylum,Cnidaria
287421,Millepora complanata,287421,needs_id,2023-04-30,False,0,9.6454900767,-82.6873418137,phylum,Cnidaria
396741,Eucidaris tribuloides,396741,needs_id,2023-04-30,False,0,9.6454900767,-82.6873418137,phylum,Echinodermata
422493,Echinometra viridis,422493,needs_id,2023-04-30,False,0,9.6454900767,-82.6873418137,phylum,Echinodermata
124332,Diadema antillarum,124332,needs_id,2023-04-30,False,0,9.6454900767,-82.6873418137,phylum,Echinodermata
828326,Pseudodiploria clivosa,828326,needs_id,2023-04-30,False,0,9.6454900767,-82.6873418137,phylum,Cnidaria
124332,Diadema antillarum,124332,needs_id,2023-04-30,False,0,9.6454900767,-82.6873418137,phylum,Echinodermata
289826,Diploria labyrinthiformis,289826,needs_id,2023-04-30,False,0,9.6454900767,-82.6873418137,phylum,Cnidaria
422490,Tripneustes ventricosus,422490,needs_id,2023-04-30,False,0,9.6454900767,-82.6873418137,phylum,Echinodermata
287916,Agaricia tenuifolia,287916,needs_id,2023-04-30,False,0,9.7877339665,-82.6790261697,phylum,Cnidaria
422490,Tripneustes ventricosus,422490,needs_id,2023-04-30,False,0,9.6454900767,-82.6873418137,phylum,Echinodermata
828326,Pseudodiploria clivosa,828326,needs_id,2023-04-30,False,0,9.6454900767,-82.6873418137,phylum,Cnidaria
207517,Siderastrea radians,207517,needs_id,2023-04-30,False,0,9.6454900767,-82.6873418137,phylum,Cnidaria
100682,Arachnactidae,100682,needs_id,2023-04-30,True,1,9.6454900767,-82.6873418137,phylum,Cnidaria
828326,Pseudodiploria clivosa,828326,needs_id,2023-04-30,False,0,9.6454900767,-82.6873418137,phylum,Cnidaria
287421,Millepora complanata,287421,needs_id,2023-04-29,False,0,9.7395788739,-82.8174400058,phylum,Cnidaria
123083,Holothuroidea,123083,needs_id,2023-04-29,False,0,9.7395788739,-82.8174400058,phylum,Echinodermata
123083,Holothuroidea,123083,needs_id,2023-04-29,False,0,9.7395788739,-82.8174400058,phylum,Echinodermata
123083,Holothuroidea,123083,needs_id,2023-04-29,False,0,9.7395788739,-82.8174400058,phylum,Echinodermata
123083,Holothuroidea,123083,needs_id,2023-04-29,False,0,9.7395788739,-82.8174400058,phylum,Echinodermata
123083,Holothuroidea,123083,needs_id,2023-04-29,False,0,9.7395788739,-82.8174400058,phylum,Echinodermata
123083,Holothuroidea,123083,needs_id,2023-04-29,False,0,9.7395788739,-82.8174400058,phylum,Echinodermata
123083,Holothuroidea,123083,needs_id,2023-04-29,False,0,9.7395788739,-82.8174400058,phylum,Echinodermata
302432,Caranx ruber,302432,research,2023-04-29,True,1,9.7395788739,-82.8174400058,phylum,Chordata
129831,Hermodice carunculata,129831,research,2023-04-29,False,0,9.7395788739,-82.8174400058,phylum,Annelida
123083,Holothuroidea,123083,needs_id,2023-04-29,False,0,9.7395788739,-82.8174400058,phylum,Echinodermata
159559,Pterois volitans,159559,research,2023-04-29,True,1,9.7395788739,-82.8174400058,phylum,Chordata
275727,Haemulon flavolineatum,275727,research,2023-04-29,False,0,9.7395788739,-82.8174400058,phylum,Chordata
159797,Lutjanus griseus,159797,research,2023-04-29,True,1,9.7395788739,-82.8174400058,phylum,Chordata
279625,Anisotremus virginicus,279625,research,2023-04-29,True,1,9.7395788739,-82.8174400058,phylum,Chordata
302312,Caranx bartholomaei,302312,research,2023-04-29,True,1,9.7395788739,-82.8174400058,phylum,Chordata
159581,Acanthurus coeruleus,159581,needs_id,2023-04-29,True,1,9.7395788739,-82.8174400058,phylum,Chordata
125540,Kyphosidae,125540,needs_id,2023-04-29,False,0,9.7395788739,-82.8174400058,phylum,Chordata
396741,Eucidaris tribuloides,396741,needs_id,2023-04-29,False,0,9.7395788739,-82.8174400058,phylum,Echinodermata
124332,Diadema antillarum,124332,needs_id,2023-04-29,False,0,9.7395788739,-82.8174400058,phylum,Echinodermata
124332,Diadema antillarum,124332,needs_id,2023-04-29,False,0,9.7395788739,-82.8174400058,phylum,Echinodermata
207516,Siderastrea siderea,207516,needs_id,2023-04-29,False,0,9.7395788739,-82.8174400058,phylum,Cnidaria
708859,Antillogorgia americana,708859,needs_id,2023-04-29,False,0,9.7395788739,-82.8174400058,phylum,Cnidaria
828326,Pseudodiploria clivosa,828326,needs_id,2023-04-29,False,0,9.7395788739,-82.8174400058,phylum,Cnidaria
207516,Siderastrea siderea,207516,needs_id,2023-04-29,False,0,9.7395788739,-82.8174400058,phylum,Cnidaria
125277,Plexauridae,125277,needs_id,2023-04-29,False,0,9.7395788739,-82.8174400058,phylum,Cnidaria
288227,Acropora palmata,288227,research,2023-04-29,False,0,9.7912710479,-82.8450940607,phylum,Cnidaria
140059,Haliotis tuberculata,140059,research,2018-03-24,True,1,28.5766924755,-16.329363585,phylum,Mollusca
135181,Balanophyllia (Balanophyllia) regia,1442415,needs_id,2018-03-24,False,0,28.5766924755,-16.329363585,phylum,Cnidaria
123795,Coscinasterias tenuispina,123795,research,2018-03-24,True,1,28.5766924755,-16.329363585,phylum,Echinodermata
126772,Parablennius parvicornis,126772,research,2018-03-24,False,0,28.5766924755,-16.329363585,phylum,Chordata
123795,Coscinasterias tenuispina,123795,research,2018-03-24,False,0,28.5766924755,-16.329363585,phylum,Echinodermata
126970,Thalassoma pavo,126970,research,2018-03-24,True,1,28.5766924755,-16.329363585,phylum,Chordata
149855,Echinacea,149855,needs_id,2018-03-24,True,2,28.5766924755,-16.329363585,phylum,Echinodermata
124316,Paracentrotus lividus,124316,research,2018-03-24,True,1,28.5766924755,-16.329363585,phylum,Echinodermata
888371,Enthemonae,888371,needs_id,2018-03-24,True,2,28.5766924755,-16.329363585,phylum,Cnidaria
100808,Anemonia viridis,100808,research,2018-03-24,False,0,28.5766924755,-16.329363585,phylum,Cnidaria
135479,Physalia physalis,135479,research,2018-03-24,True,2,28.5766924755,-16.329363585,phylum,Cnidaria
124316,Paracentrotus lividus,124316,research,2018-03-24,False,0,28.5766924755,-16.329363585,phylum,Echinodermata
124316,Paracentrotus lividus,124316,research,2018-03-24,False,0,28.5766924755,-16.329363585,phylum,Echinodermata
138758,Aplysia punctata,138758,needs_id,2018-03-24,True,1,28.5766924755,-16.329363585,phylum,Mollusca
123795,Coscinasterias tenuispina,123795,research,2018-03-24,True,1,28.5766924755,-16.329363585,phylum,Echinodermata
100808,Anemonia viridis,100808,research,2018-03-24,True,1,28.5766924755,-16.329363585,phylum,Cnidaria
889885,Similiparma lurida,889885,research,2018-03-24,True,1,28.5766924755,-16.329363585,phylum,Chordata
123795,Coscinasterias tenuispina,123795,research,2018-03-24,False,0,28.5766924755,-16.329363585,phylum,Echinodermata
135181,Balanophyllia (Balanophyllia) regia,1442415,needs_id,2018-03-24,False,0,28.5766924755,-16.329363585,phylum,Cnidaria
138753,Aplysia dactylomela,138753,research,2018-03-24,True,2,28.5766924755,-16.329363585,phylum,Mollusca
100770,Metridium,100770,needs_id,2019-07-30,False,0,48.5455569954,-123.0130950756,phylum,Cnidaria
1718121,Haliclystus sanjuanensis,1718121,research,2019-07-31,False,0,48.4509722222,-122.9621361111,phylum,Cnidaria
558913,Armina californica,558913,research,2019-07-22,False,0,48.5455027778,-123.0134416667,phylum,Mollusca
100833,Urticina eques,100833,needs_id,2019-08-12,False,0,48.5456194444,-123.0135416667,phylum,Cnidaria
575156,Haminoea vesicula,575156,needs_id,2019-08-11,False,0,48.5457916667,-123.0129916667,phylum,Mollusca
131641,Microcionidae,131641,needs_id,2019-07-31,True,1,48.4507305556,-122.9624472222,phylum,Porifera
369177,Leptasterias hexactis,369177,needs_id,2019-07-31,False,0,48.4509722222,-122.9621361111,phylum,Echinodermata
283347,Anthopleura elegantissima,283347,research,2019-07-31,True,1,48.4509472222,-122.9620361111,phylum,Cnidaria
255040,Evasterias troschelii,255040,research,2019-07-31,True,3,48.4509666667,-122.9620277778,phylum,Echinodermata
283347,Anthopleura elegantissima,283347,research,2019-07-31,True,1,48.4507777778,-122.9619305556,phylum,Cnidaria
535329,Pollicipes polymerus,535329,research,2019-07-31,False,0,48.4514888889,-122.9620972222,phylum,Arthropoda
240776,Cryptochiton stelleri,240776,research,2019-07-31,False,0,48.4508944444,-122.9618694444,phylum,Mollusca
131834,Haliclona,131834,needs_id,2019-07-31,False,0,48.4514916667,-122.9621361111,phylum,Porifera
165853,Halichondria (Halichondria) panicea,132627,needs_id,2019-07-31,False,0,48.4515,-122.9620444444,phylum,Porifera
1360,Actiniaria,1360,needs_id,2019-07-31,False,0,48.4501833333,-122.9618916667,phylum,Cnidaria
283347,Anthopleura elegantissima,283347,research,2019-07-31,True,1,48.4516805556,-122.9619138889,phylum,Cnidaria
1360,Actiniaria,1360,needs_id,2019-07-31,False,0,48.4518611111,-122.9619916667,phylum,Cnidaria
1360,Actiniaria,1360,needs_id,2019-07-31,False,0,48.45165,-122.9620583333,phylum,Cnidaria
369177,Leptasterias hexactis,369177,needs_id,2019-07-31,False,0,48.4517777778,-122.9618833333,phylum,Echinodermata
529305,Eupentacta quinquesemita,529305,needs_id,2019-07-31,False,0,48.4517777778,-122.9618833333,phylum,Echinodermata
369177,Leptasterias hexactis,369177,needs_id,2019-07-31,False,0,48.4517777778,-122.9618833333,phylum,Echinodermata
123390,Strongylocentrotus,123390,needs_id,2019-07-31,False,0,48.4517694444,-122.9619,phylum,Echinodermata
240747,Strongylocentrotus purpuratus,240747,needs_id,2019-07-31,True,1,48.4518,-122.9618444444,phylum,Echinodermata
242666,Amphiodia occidentalis,242666,needs_id,2019-07-31,False,0,48.4518861111,-122.9618222222,phylum,Echinodermata
369177,Leptasterias hexactis,369177,needs_id,2019-07-31,False,0,48.4518861111,-122.9618527778,phylum,Echinodermata
581816,Doris montereyensis,581816,research,2019-07-31,False,0,48.4518361111,-122.9615333333,phylum,Mollusca
283347,Anthopleura elegantissima,283347,research,2019-07-31,False,0,48.4520138889,-122.9619222222,phylum,Cnidaria
283347,Anthopleura elegantissima,283347,needs_id,2019-07-31,False,0,48.4519527778,-122.9618611111,phylum,Cnidaria
367837,Mytilus californianus,367837,research,2019-07-31,False,0,48.4518916667,-122.9620361111,phylum,Mollusca
283347,Anthopleura elegantissima,283347,research,2019-07-31,False,0,48.4522472222,-122.9618,phylum,Cnidaria
369117,Henricia leviuscula,369117,needs_id,2019-07-31,True,2,48.4525555556,-122.9622027778,phylum,Echinodermata
100706,Urticina,100706,needs_id,2019-07-31,True,2,48.4526166667,-122.9622944444,phylum,Cnidaria
529305,Eupentacta quinquesemita,529305,needs_id,2019-07-31,False,0,48.4527083333,-122.9623194444,phylum,Echinodermata
529305,Eupentacta quinquesemita,529305,needs_id,2019-07-31,False,0,48.4527472222,-122.9624472222,phylum,Echinodermata
123080,Asteroidea,123080,needs_id,2019-07-31,False,0,48.4527083333,-122.9623194444,phylum,Echinodermata
225807,Cucumaria miniata,225807,research,2019-07-31,False,0,48.4528722222,-122.9624777778,phylum,Echinodermata
890436,Diaulula odonoghuei,890436,research,2019-07-30,False,0,48.5216777778,-123.0142527778,phylum,Mollusca
225807,Cucumaria miniata,225807,needs_id,2019-07-30,False,0,48.5216333333,-123.0141666667,phylum,Echinodermata
240771,Dermasterias imbricata,240771,research,2019-07-30,False,0,48.5216722222,-123.0138638889,phylum,Echinodermata
240747,Strongylocentrotus purpuratus,240747,research,2019-07-30,False,0,48.5216222222,-123.0135805556,phylum,Echinodermata
242666,Amphiodia occidentalis,242666,needs_id,2019-07-30,False,0,48.52155,-123.0135027778,phylum,Echinodermata
240747,Strongylocentrotus purpuratus,240747,research,2019-07-30,False,0,48.5216777778,-123.0142138889,phylum,Echinodermata
386353,Mopalia muscosa,386353,research,2019-07-30,False,0,48.486,-123.0691972222,phylum,Mollusca
386338,Katharina tunicata,386338,research,2019-07-30,False,0,48.4859166667,-123.0691611111,phylum,Mollusca
923,Maldanidae,923,needs_id,2019-07-30,True,1,48.4818277778,-123.0717611111,phylum,Annelida
528885,Leptosynapta clarki,528885,needs_id,2019-07-30,False,0,48.4818416667,-123.0717388889,phylum,Echinodermata
287192,Cyanea ferruginea,287192,research,2019-07-30,False,0,48.4818694444,-123.0720972222,phylum,Cnidaria
170478,Cliona tenuis,170478,needs_id,2019-06-06,False,0,21.8210984213,-89.5442116698,phylum,Porifera
558,Porifera,558,needs_id,2019-06-06,False,0,21.8210984213,-89.5442116698,phylum,Porifera
170478,Cliona tenuis,170478,needs_id,2019-06-06,False,0,21.8210984213,-89.5442116698,phylum,Porifera
282139,Pareques acuminatus,282139,research,2019-06-06,True,1,21.8210984213,-89.5442116698,phylum,Chordata
275645,Opsanus beta,275645,needs_id,2019-06-06,False,0,21.8210984213,-89.5442116698,phylum,Chordata
267790,Pterogorgia,267790,needs_id,2019-06-06,False,0,21.8210984213,-89.5442116698,phylum,Cnidaria
127402,Diodon holocanthus,127402,research,2019-06-06,True,1,21.8210984213,-89.5442116698,phylum,Chordata
558,Porifera,558,needs_id,2019-06-06,False,0,21.8210984213,-89.5442116698,phylum,Porifera
712603,Hypoplectrus ecosur,712603,research,2019-06-06,False,0,21.8210984213,-89.5442116698,phylum,Chordata
558,Porifera,558,needs_id,2019-06-06,False,0,21.8210984213,-89.5442116698,phylum,Porifera
558,Porifera,558,needs_id,2019-06-06,False,0,21.8210984213,-89.5442116698,phylum,Porifera
123084,Ophiuroidea,123084,needs_id,2019-06-06,False,0,21.8210984213,-89.5442116698,phylum,Echinodermata
178754,Echinaster (Othilia) spinulosus,178754,needs_id,2019-06-06,False,0,21.8210984213,-89.5442116698,phylum,Echinodermata
367850,Lytechinus variegatus,367850,needs_id,2019-06-06,False,0,21.8210984213,-89.5442116698,phylum,Echinodermata
178754,Echinaster (Othilia) spinulosus,178754,needs_id,2019-06-06,False,0,21.8210984213,-89.5442116698,phylum,Echinodermata
422499,Clypeaster subdepressus,422499,needs_id,2019-06-06,False,0,21.8210984213,-89.5442116698,phylum,Echinodermata
178754,Echinaster (Othilia) spinulosus,178754,needs_id,2019-06-06,False,0,21.8210984213,-89.5442116698,phylum,Echinodermata
159350,Diplectrum formosum,159350,needs_id,2019-06-06,False,0,21.8210984213,-89.5442116698,phylum,Chordata
422499,Clypeaster subdepressus,422499,needs_id,2019-06-06,False,0,21.8210984213,-89.5442116698,phylum,Echinodermata
422499,Clypeaster subdepressus,422499,needs_id,2019-06-06,False,0,21.8210984213,-89.5442116698,phylum,Echinodermata
159350,Diplectrum formosum,159350,needs_id,2019-06-06,False,0,21.8210984213,-89.5442116698,phylum,Chordata
367850,Lytechinus variegatus,367850,needs_id,2019-06-06,False,0,21.8210984213,-89.5442116698,phylum,Echinodermata
367850,Lytechinus variegatus,367850,needs_id,2019-06-06,False,0,21.8210984213,-89.5442116698,phylum,Echinodermata
206485,Porites,206485,needs_id,2017-03-29,False,0,8.5970647922,-83.3023924782,phylum,Cnidaria
985,Sabellidae,985,needs_id,2017-03-29,False,0,8.5970647922,-83.3023924782,phylum,Annelida
206485,Porites,206485,needs_id,2017-03-29,False,0,8.5970647922,-83.3023924782,phylum,Cnidaria
206614,Pavona,206614,needs_id,2017-03-29,False,0,8.5970647922,-83.3023924782,phylum,Cnidaria
100766,Telmatactis,100766,needs_id,2017-03-29,False,0,8.5970647922,-83.3023924782,phylum,Cnidaria
275763,Halichoeres dispilus,275763,research,2017-03-29,False,0,8.5970647922,-83.3023924782,phylum,Chordata
1302,Pycnogonida,1302,needs_id,2017-03-29,False,0,8.5970647922,-83.3023924782,phylum,Arthropoda
123084,Ophiuroidea,123084,needs_id,2017-03-29,False,0,8.5970647922,-83.3023924782,phylum,Echinodermata
271825,Gymnothorax castaneus,271825,needs_id,2017-03-29,True,1,8.5970647922,-83.3023924782,phylum,Chordata
117305,Macrorhynchia philippina,117305,needs_id,2017-03-29,False,0,8.5970647922,-83.3023924782,phylum,Cnidaria
125302,Leptogorgia,125302,needs_id,2017-03-29,False,0,8.5970647922,-83.3023924782,phylum,Cnidaria
281202,Johnrandallia nigrirostris,281202,research,2017-03-29,False,0,8.5970647922,-83.3023924782,phylum,Chordata
218429,Gnathanodon speciosus,218429,research,2017-03-29,False,0,8.5970647922,-83.3023924782,phylum,Chordata
164811,Demospongiae,164811,needs_id,2017-03-29,False,0,8.5970647922,-83.3023924782,phylum,Porifera
164811,Demospongiae,164811,needs_id,2017-03-29,False,0,8.5970647922,-83.3023924782,phylum,Porifera
279152,Cephalopholis panamensis,279152,research,2017-03-29,False,0,8.5970647922,-83.3023924782,phylum,Chordata
282104,Parapsettus panamensis,282104,needs_id,2017-03-29,False,0,8.5970647922,-83.3023924782,phylum,Chordata
1297576,Styracura pacifica,1297576,research,2017-03-29,True,2,8.5318100601,-83.3221831936,phylum,Chordata
206485,Porites,206485,needs_id,2017-03-29,False,0,8.5970647922,-83.3023924782,phylum,Cnidaria
273584,Thalassoma lucasanum,273584,research,2017-03-29,False,0,8.5970647922,-83.3023924782,phylum,Chordata
218853,Cirrhitichthys oxycephalus,218853,research,2017-03-29,False,0,8.5970647922,-83.3023924782,phylum,Chordata
135085,Caryophyllia,135085,needs_id,2017-03-29,False,0,8.5970647922,-83.3023924782,phylum,Cnidaria
395098,Carijoa riisei,395098,needs_id,2017-03-29,False,0,8.5970647922,-83.3023924782,phylum,Cnidaria
125523,Carangidae,125523,needs_id,2017-03-29,False,0,8.5970647922,-83.3023924782,phylum,Chordata
275264,Canthigaster punctatissima,275264,research,2017-03-29,False,0,8.5970647922,-83.3023924782,phylum,Chordata
273527,Bodianus diplotaenia,273527,research,2017-03-29,False,0,8.5970647922,-83.3023924782,phylum,Chordata
275234,Balistes polylepis,275234,research,2017-03-29,True,1,8.5970647922,-83.3023924782,phylum,Chordata
273584,Thalassoma lucasanum,273584,research,2017-03-29,False,0,8.5970647922,-83.3023924782,phylum,Chordata
535677,Corambe pacifica,535677,research,2021-03-27,False,0,31.8630666667,-116.6672138889,phylum,Mollusca
1562,Ammotheidae,1562,needs_id,2021-03-26,False,0,31.8630201534,-116.6673815171,phylum,Arthropoda
137954,Eubranchus,137954,casual,2020-02-12,True,2,31.863025,-116.6673444444,phylum,Mollusca
385576,Nuttallina,385576,needs_id,2020-08-23,False,0,31.8614104615,-116.6676603109,phylum,Mollusca
224570,Caenogastropoda,224570,needs_id,2021-06-01,False,0,31.8630611111,-116.66745,phylum,Mollusca
528084,Megastraea undosa,528084,needs_id,2021-06-08,False,0,31.8630011013,-116.667327717,phylum,Mollusca
529363,Apostichopus californicus,529363,needs_id,2021-06-08,False,0,31.8629737649,-116.667327717,phylum,Echinodermata
580674,Neobernaya spadicea,580674,research,2020-09-15,False,0,31.8629416667,-116.6672888889,phylum,Mollusca
491054,Kelletia kelletii,491054,needs_id,2020-01-31,False,0,31.8629666667,-116.6674055556,phylum,Mollusca
123084,Ophiuroidea,123084,needs_id,2020-04-28,False,0,31.8614667004,-116.6677568704,phylum,Echinodermata
240765,Aplysia californica,240765,research,2021-03-26,True,1,31.8614884741,-116.6677139551,phylum,Mollusca
137654,Aplysia,137654,needs_id,2021-03-26,True,2,31.8614884741,-116.6677139551,phylum,Mollusca
279617,Anisotremus davidsonii,279617,research,2020-10-04,False,0,31.8621346197,-116.6580166942,phylum,Chordata
282054,Paralabrax clathratus,282054,research,2020-10-04,True,1,31.8621346197,-116.6580166942,phylum,Chordata
137654,Aplysia,137654,needs_id,2020-10-04,False,0,31.8621346197,-116.6580166942,phylum,Mollusca
287556,Muricea californica,287556,research,2020-10-04,False,0,31.8621346197,-116.6580166942,phylum,Cnidaria
177745,Muricea,177745,needs_id,2020-10-04,False,0,31.8621346197,-116.6580166942,phylum,Cnidaria
283377,Anthopleura xanthogrammica,283377,research,2020-08-23,False,0,31.8614429126,-116.6678259363,phylum,Cnidaria
341951,Octopus bimaculatus,341951,needs_id,2020-08-23,False,0,31.8614793618,-116.6678410944,phylum,Mollusca
280219,Clinocottus analis,280219,needs_id,2020-08-23,True,1,31.8614793618,-116.6678410944,phylum,Chordata
280219,Clinocottus analis,280219,needs_id,2020-08-23,True,1,31.8614793618,-116.6678410944,phylum,Chordata
240753,Anthopleura sola,240753,research,2021-02-10,False,0,31.8614611372,-116.6677401056,phylum,Cnidaria
240753,Anthopleura sola,240753,research,2019-12-26,True,1,31.8612833333,-116.6680305556,phylum,Cnidaria
367769,Stenoplax,367769,needs_id,2019-12-26,False,0,31.8613333333,-116.6677694444,phylum,Mollusca
591102,Mesocentrotus franciscanus,591102,needs_id,2019-12-28,False,0,31.8614808425,-116.6676820311,phylum,Echinodermata
123084,Ophiuroidea,123084,needs_id,2019-12-28,False,0,31.8616472222,-116.6674888889,phylum,Echinodermata
848098,Stenoplax conspicua,848098,research,2019-12-26,False,0,31.8614583333,-116.6673277778,phylum,Mollusca
240747,Strongylocentrotus purpuratus,240747,needs_id,2019-12-28,False,0,31.8613694444,-116.667525,phylum,Echinodermata
568031,Aplysia vaccaria,568031,needs_id,2019-12-28,False,0,31.8615388889,-116.6681277778,phylum,Mollusca
123084,Ophiuroidea,123084,needs_id,2019-12-28,False,0,31.861525,-116.6681277778,phylum,Echinodermata
248339,Heptacarpus,248339,needs_id,2019-12-28,False,0,31.861525,-116.6681277778,phylum,Arthropoda
123084,Ophiuroidea,123084,needs_id,2019-12-28,False,0,31.8615222222,-116.6681361111,phylum,Echinodermata
367837,Mytilus californianus,367837,needs_id,2019-12-28,False,0,31.86145,-116.6678388889,phylum,Mollusca
535329,Pollicipes polymerus,535329,research,2019-12-28,False,0,31.86145,-116.6678388889,phylum,Arthropoda
531262,Triopha maculata,531262,research,2020-02-17,False,0,31.8630166667,-116.6673666667,phylum,Mollusca
382131,Patiria miniata,382131,research,2020-02-15,False,0,31.8628666667,-116.6673444444,phylum,Echinodermata
575441,Melibe leonina,575441,research,2020-02-07,False,0,31.8630194444,-116.6673444444,phylum,Mollusca
386784,Chiton stokesii,386784,research,2017-04-29,False,0,10.942263,-85.7128096,phylum,Mollusca
14355,Stomatopoda,14355,needs_id,2017-04-30,False,0,10.9253412257,-85.800109771,phylum,Arthropoda
123083,Holothuroidea,123083,needs_id,2017-04-30,False,0,10.9253412257,-85.800109771,phylum,Echinodermata
386331,Tonicia forbesii,386331,research,2017-04-30,False,0,10.9253412257,-85.800109771,phylum,Mollusca
206125,Iphione,206125,needs_id,2017-04-30,False,0,10.9253412257,-85.800109771,phylum,Annelida
464493,Pinctada mazatlanica,464493,needs_id,2017-04-30,False,0,10.9253412257,-85.800109771,phylum,Mollusca
558,Porifera,558,needs_id,2017-04-30,False,0,10.9253412257,-85.800109771,phylum,Porifera
415414,Gemophos,415414,needs_id,2017-04-30,False,0,10.9253412257,-85.800109771,phylum,Mollusca
386331,Tonicia forbesii,386331,research,2017-04-30,False,0,10.9253412257,-85.800109771,phylum,Mollusca
125185,Holothuria (Thymiosycia) impatiens,732340,needs_id,2017-04-30,False,0,10.9253412257,-85.800109771,phylum,Echinodermata
513266,Eucidaris thouarsii,513266,needs_id,2017-04-30,False,0,10.9253412257,-85.800109771,phylum,Echinodermata
1264073,Exaiptasia diaphana,1264073,research,2017-04-30,False,0,10.9253412257,-85.800109771,phylum,Cnidaria
117802,Pennaria disticha,117802,needs_id,2017-04-30,False,0,10.9253412257,-85.800109771,phylum,Cnidaria
125185,Holothuria (Thymiosycia) impatiens,732340,needs_id,2017-04-30,False,0,10.9253412257,-85.800109771,phylum,Echinodermata
513266,Eucidaris thouarsii,513266,needs_id,2017-04-30,False,0,10.9253412257,-85.800109771,phylum,Echinodermata
985,Sabellidae,985,needs_id,2017-04-30,False,0,10.9253412257,-85.800109771,phylum,Annelida
246351,Neaxius,246351,needs_id,2017-04-30,False,0,10.9253412257,-85.800109771,phylum,Arthropoda
181218,Pleurobranchus areolatus,181218,research,2017-04-29,False,0,10.942263,-85.7128096,phylum,Mollusca
529627,Pseudocnus californicus,529627,needs_id,2017-04-29,False,0,10.942263,-85.7128096,phylum,Echinodermata
266129,Rhopalaea birkelandi,266129,research,2017-04-29,False,0,10.942263,-85.7128096,phylum,Chordata
513266,Eucidaris thouarsii,513266,needs_id,2017-04-29,False,0,10.942263,-85.7128096,phylum,Echinodermata
529627,Pseudocnus californicus,529627,needs_id,2017-04-29,False,0,10.942263,-85.7128096,phylum,Echinodermata
123456,Holothuria,123456,needs_id,2017-04-29,False,0,10.942263,-85.7128096,phylum,Echinodermata
123111,Dendrochirotida,123111,needs_id,2017-04-29,False,0,10.942263,-85.7128096,phylum,Echinodermata
1360,Actiniaria,1360,needs_id,2017-04-29,False,0,10.942263,-85.7128096,phylum,Cnidaria
106325,Bolinopsidae,106325,needs_id,2017-04-29,True,1,10.942263,-85.7128096,phylum,Ctenophora
592954,Bunodosoma grande,592954,research,2017-04-29,False,0,10.942263,-85.7128096,phylum,Cnidaria
513609,Toxopneustes roseus,513609,research,2017-04-29,False,0,10.942263,-85.7128096,phylum,Echinodermata
217469,Echidna nebulosa,217469,research,2017-04-29,False,0,10.942263,-85.7128096,phylum,Chordata
513266,Eucidaris thouarsii,513266,needs_id,2017-04-29,False,0,10.942263,-85.7128096,phylum,Echinodermata
123084,Ophiuroidea,123084,needs_id,2017-04-29,False,0,10.942263,-85.7128096,phylum,Echinodermata
123111,Dendrochirotida,123111,needs_id,2017-04-29,False,0,10.942263,-85.7128096,phylum,Echinodermata
1039511,Catolasmus pilsbryi,1039511,research,2017-04-29,False,0,10.942263,-85.7128096,phylum,Arthropoda
271900,Muraena lentiginosa,271900,research,2017-04-29,False,0,10.942263,-85.7128096,phylum,Chordata
513244,Echinometra vanbrunti,513244,needs_id,2017-04-29,False,0,10.942263,-85.7128096,phylum,Echinodermata
273126,Ophioblennius steindachneri,273126,research,2017-04-29,False,0,10.942263,-85.7128096,phylum,Chordata
117190,Pennaria,117190,needs_id,2017-04-29,False,0,10.942263,-85.7128096,phylum,Cnidaria
513609,Toxopneustes roseus,513609,research,2017-04-29,False,0,10.942263,-85.7128096,phylum,Echinodermata
276658,Stegastes acapulcoensis,276658,needs_id,2017-04-29,False,0,10.942263,-85.7128096,phylum,Chordata
513223,Diadema mexicanum,513223,needs_id,2017-04-29,False,0,10.942263,-85.7128096,phylum,Echinodermata
125523,Carangidae,125523,needs_id,2017-04-29,False,0,10.942263,-85.7128096,phylum,Chordata
513619,Tripneustes depressus,513619,research,2017-04-29,False,0,10.942263,-85.7128096,phylum,Echinodermata
513244,Echinometra vanbrunti,513244,needs_id,2017-04-29,False,0,10.942263,-85.7128096,phylum,Echinodermata
712980,Aetobatus laticeps,712980,research,2017-04-29,True,3,10.942263,-85.7128096,phylum,Chordata
370899,Pentaceraster cumingi,370899,research,2017-04-29,False,0,10.942263,-85.7128096,phylum,Echinodermata
138268,Octopus,138268,needs_id,2017-04-29,False,0,10.942263,-85.7128096,phylum,Mollusca
513619,Tripneustes depressus,513619,research,2017-04-29,False,0,10.942263,-85.7128096,phylum,Echinodermata
271900,Muraena lentiginosa,271900,research,2017-04-29,False,0,10.942263,-85.7128096,phylum,Chordata
210968,Euapta godeffroyi,210968,needs_id,2017-04-29,False,0,10.942263,-85.7128096,phylum,Echinodermata
513223,Diadema mexicanum,513223,needs_id,2017-04-29,False,0,10.942263,-85.7128096,phylum,Echinodermata
217966,Fistularia commersonii,217966,research,2017-04-29,False,0,10.942263,-85.7128096,phylum,Chordata
513266,Eucidaris thouarsii,513266,needs_id,2017-04-29,False,0,10.942263,-85.7128096,phylum,Echinodermata
513223,Diadema mexicanum,513223,needs_id,2017-04-29,False,0,10.942263,-85.7128096,phylum,Echinodermata
1264073,Exaiptasia diaphana,1264073,research,2017-04-29,False,0,10.942263,-85.7128096,phylum,Cnidaria
1264073,Exaiptasia diaphana,1264073,research,2017-04-29,False,0,10.942263,-85.7128096,phylum,Cnidaria
132044,Placospongia,132044,needs_id,2017-04-30,False,0,10.9209212,-85.7999758,phylum,Porifera
123084,Ophiuroidea,123084,needs_id,2017-04-30,False,0,10.9209212,-85.7999758,phylum,Echinodermata
513619,Tripneustes depressus,513619,needs_id,2017-04-30,False,0,10.9209212,-85.7999758,phylum,Echinodermata
271900,Muraena lentiginosa,271900,research,2024-05-26,False,0,10.853905667,-85.9544582591,phylum,Chordata
218853,Cirrhitichthys oxycephalus,218853,research,2024-05-26,True,1,10.853905667,-85.9544582591,phylum,Chordata
275756,Halichoeres chierchiae,275756,research,2024-05-26,False,0,10.853905667,-85.9544582591,phylum,Chordata
276016,Holacanthus passer,276016,research,2024-05-26,True,1,10.853905667,-85.9544582591,phylum,Chordata
529159,Cucumaria flamma,529159,needs_id,2024-05-26,False,0,10.853905667,-85.9544582591,phylum,Echinodermata
218865,Oxycirrhites typus,218865,research,2024-05-26,True,1,10.853905667,-85.9544582591,phylum,Chordata
275264,Canthigaster punctatissima,275264,research,2024-05-26,False,0,10.853905667,-85.9544582591,phylum,Chordata
125302,Leptogorgia,125302,needs_id,2024-05-26,False,0,10.853905667,-85.9544582591,phylum,Cnidaria
125302,Leptogorgia,125302,needs_id,2024-05-26,False,0,10.853905667,-85.9544582591,phylum,Cnidaria
279152,Cephalopholis panamensis,279152,research,2024-05-26,False,0,10.853905667,-85.9544582591,phylum,Chordata
286209,Leptogorgia alba,286209,needs_id,2024-05-26,False,0,10.853905667,-85.9544582591,phylum,Cnidaria
271900,Muraena lentiginosa,271900,needs_id,2024-05-26,True,1,10.853905667,-85.9544582591,phylum,Chordata
275957,Rypticus bicolor,275957,research,2024-05-26,False,0,10.853905667,-85.9544582591,phylum,Chordata
210873,Holothuria (Stauropora) fuscocinerea,1544535,needs_id,2024-05-26,False,0,10.853905667,-85.9544582591,phylum,Echinodermata
169650,Aplysina gerardogreeni,169650,research,2024-05-26,True,1,10.853905667,-85.9544582591,phylum,Porifera
291251,Tubastraea coccinea,291251,needs_id,2024-05-26,False,0,10.853905667,-85.9544582591,phylum,Cnidaria
513223,Diadema mexicanum,513223,needs_id,2024-05-26,False,0,10.853905667,-85.9544582591,phylum,Echinodermata
291251,Tubastraea coccinea,291251,needs_id,2024-05-26,False,0,10.853905667,-85.9544582591,phylum,Cnidaria
271898,Muraena clepsydra,271898,needs_id,2024-05-26,True,1,10.853905667,-85.9544582591,phylum,Chordata
206485,Porites,206485,needs_id,2024-05-26,False,0,10.853905667,-85.9544582591,phylum,Cnidaria
210873,Holothuria (Stauropora) fuscocinerea,1544535,needs_id,2024-05-26,False,0,10.853905667,-85.9544582591,phylum,Echinodermata
1026118,Mobula birostris,1026118,research,2024-05-26,True,1,10.9274725084,-85.9213088285,phylum,Chordata
273858,Epinephelus labriformis,273858,research,2024-05-26,False,0,10.853905667,-85.9544582591,phylum,Chordata
273904,Serranus psittacinus,273904,research,2024-05-26,False,0,10.853905667,-85.9544582591,phylum,Chordata
464493,Pinctada mazatlanica,464493,needs_id,2024-05-26,False,0,10.853905667,-85.9544582591,phylum,Mollusca
105792,Carcharhinus leucas,105792,research,2024-05-26,True,3,10.9501970992,-85.8922836336,phylum,Chordata
276658,Stegastes acapulcoensis,276658,needs_id,2024-03-03,False,0,11.025629,-85.751292,phylum,Chordata
275264,Canthigaster punctatissima,275264,research,2024-03-03,False,0,11.025629,-85.751292,phylum,Chordata
513223,Diadema mexicanum,513223,needs_id,2024-03-03,False,0,11.025629,-85.751292,phylum,Echinodermata
123111,Dendrochirotida,123111,needs_id,2024-03-03,False,0,11.025629,-85.751292,phylum,Echinodermata
123083,Holothuroidea,123083,needs_id,2024-03-03,False,0,10.942263,-85.7128096,phylum,Echinodermata
513244,Echinometra vanbrunti,513244,needs_id,2024-03-03,False,0,11.025629,-85.751292,phylum,Echinodermata
592954,Bunodosoma grande,592954,research,2024-03-03,False,0,11.025629,-85.751292,phylum,Cnidaria
206938,Pocillopora,206938,needs_id,2024-03-03,False,0,10.942263,-85.7128096,phylum,Cnidaria
1580692,Azurina atrilobata,1580692,needs_id,2024-03-03,False,0,10.942263,-85.7128096,phylum,Chordata
289201,Pavona gigantea,289201,needs_id,2024-03-03,False,0,10.942263,-85.7128096,phylum,Cnidaria
254919,Nidorellia armata,254919,research,2024-03-03,False,0,10.942263,-85.7128096,phylum,Echinodermata
217966,Fistularia commersonii,217966,research,2024-03-03,False,0,10.942263,-85.7128096,phylum,Chordata
219926,Arothron meleagris,219926,research,2024-03-03,True,1,10.942263,-85.7128096,phylum,Chordata
513223,Diadema mexicanum,513223,needs_id,2024-03-03,False,0,10.942263,-85.7128096,phylum,Echinodermata
125449,Synodontidae,125449,needs_id,2024-03-03,False,0,11.025629,-85.751292,phylum,Chordata
11718,Octopoda,11718,needs_id,2024-03-03,False,0,11.025629,-85.751292,phylum,Mollusca
145,Naticidae,145,needs_id,2024-03-02,False,0,10.9737363,-85.7461548,phylum,Mollusca
410241,Malea ringens,410241,research,2024-03-02,False,0,10.9737363,-85.7461548,phylum,Mollusca
291114,Stellamedusa ventana,291114,research,2024-03-02,True,3,10.9737363,-85.7461548,phylum,Cnidaria
982,Terebellidae,982,needs_id,2024-03-02,False,0,10.9737363,-85.7461548,phylum,Annelida
988,Serpulidae,988,needs_id,2024-03-02,False,0,10.9737363,-85.7461548,phylum,Annelida
529159,Cucumaria flamma,529159,needs_id,2024-03-02,False,0,10.9737363,-85.7461548,phylum,Echinodermata
988,Serpulidae,988,needs_id,2024-03-02,False,0,10.9737363,-85.7461548,phylum,Annelida
252289,Botrylloides niger,252289,needs_id,2024-03-02,False,0,10.9737363,-85.7461548,phylum,Chordata
137224,Pyrosoma,137224,needs_id,2024-03-02,False,0,10.9737363,-85.7461548,phylum,Chordata
1774,Ostreida,1774,needs_id,2024-03-02,True,1,10.9737363,-85.7461548,phylum,Mollusca
291251,Tubastraea coccinea,291251,needs_id,2024-03-02,False,0,10.9737363,-85.7461548,phylum,Cnidaria
137213,Pyrosomatida,137213,needs_id,2024-03-02,False,0,10.9737363,-85.7461548,phylum,Chordata
982,Terebellidae,982,needs_id,2024-03-02,False,0,10.9737363,-85.7461548,phylum,Annelida
513609,Toxopneustes roseus,513609,needs_id,2024-03-02,False,0,10.9737363,-85.7461548,phylum,Echinodermata
513266,Eucidaris thouarsii,513266,needs_id,2024-03-02,False,0,10.9737363,-85.7461548,phylum,Echinodermata
292797,Phataria unifascialis,292797,needs_id,2024-03-02,False,0,10.9737363,-85.7461548,phylum,Echinodermata
286209,Leptogorgia alba,286209,needs_id,2024-03-02,False,0,10.9737363,-85.7461548,phylum,Cnidaria
529159,Cucumaria flamma,529159,needs_id,2024-03-02,False,0,10.9737363,-85.7461548,phylum,Echinodermata
123084,Ophiuroidea,123084,needs_id,2024-03-02,False,0,10.9737363,-85.7461548,phylum,Echinodermata
291114,Stellamedusa ventana,291114,research,2024-03-02,True,4,10.9737363,-85.7461548,phylum,Cnidaria
441967,Stenorhynchus debilis,441967,research,2024-03-02,False,0,10.9737363,-85.7461548,phylum,Arthropoda
137213,Pyrosomatida,137213,needs_id,2024-03-02,False,0,10.9737363,-85.7461548,phylum,Chordata
558502,Chromolaichma sedna,558502,research,2024-03-02,True,2,10.9737363,-85.7461548,phylum,Mollusca
513223,Diadema mexicanum,513223,needs_id,2024-03-02,False,0,10.9737363,-85.7461548,phylum,Echinodermata
254919,Nidorellia armata,254919,needs_id,2024-03-02,False,0,10.9737363,-85.7461548,phylum,Echinodermata
117802,Pennaria disticha,117802,needs_id,2024-05-25,False,0,10.9443855311,-85.7125593335,phylum,Cnidaria
203822,Stegastes,203822,needs_id,2024-05-25,False,0,10.9437956433,-85.7111002118,phylum,Chordata
271898,Muraena clepsydra,271898,research,2024-05-25,True,2,10.9449754176,-85.7129026562,phylum,Chordata
513609,Toxopneustes roseus,513609,needs_id,2024-05-25,False,0,10.9436271037,-85.7109285504,phylum,Echinodermata
513609,Toxopneustes roseus,513609,needs_id,2024-05-25,False,0,10.9441327222,-85.711872688,phylum,Echinodermata
271900,Muraena lentiginosa,271900,research,2024-05-25,False,0,10.9439641828,-85.7133318097,phylum,Chordata
206732,Cephalopholis,206732,needs_id,2024-05-25,False,0,10.9443855311,-85.7129884869,phylum,Chordata
286209,Leptogorgia alba,286209,needs_id,2024-05-25,False,0,10.9444698006,-85.7133318097,phylum,Cnidaria
266129,Rhopalaea birkelandi,266129,research,2024-05-25,False,0,10.9446383397,-85.7127309948,phylum,Chordata
123179,Toxopneustidae,123179,needs_id,2024-05-25,False,0,10.9449754176,-85.7133318097,phylum,Echinodermata
289201,Pavona gigantea,289201,needs_id,2024-05-25,False,0,10.9444698006,-85.7142759472,phylum,Cnidaria
513609,Toxopneustes roseus,513609,needs_id,2024-05-25,False,0,10.9453124951,-85.7145334393,phylum,Echinodermata
513266,Eucidaris thouarsii,513266,needs_id,2024-05-25,False,0,10.9461773805,-85.715659543,phylum,Echinodermata
131868,Clathria,131868,needs_id,2024-05-25,False,0,10.945059687,-85.7138467938,phylum,Porifera
289201,Pavona gigantea,289201,needs_id,2024-05-25,False,0,10.9448700611,-85.713085462,phylum,Cnidaria
292797,Phataria unifascialis,292797,needs_id,2024-05-25,False,0,10.9448700611,-85.7131712927,phylum,Echinodermata
529516,Isostichopus fuscus,529516,needs_id,2024-05-25,False,0,10.8074416368,-85.7754379417,phylum,Echinodermata
292797,Phataria unifascialis,292797,needs_id,2024-05-25,False,0,10.9447857917,-85.7134287847,phylum,Echinodermata
291251,Tubastraea coccinea,291251,needs_id,2024-05-25,False,0,10.9442801744,-85.7136004461,phylum,Cnidaria
131868,Clathria,131868,needs_id,2024-05-25,False,0,10.9437745562,-85.711712171,phylum,Porifera
513266,Eucidaris thouarsii,513266,needs_id,2024-05-25,False,0,10.9441959047,-85.7145445837,phylum,Echinodermata
529159,Cucumaria flamma,529159,needs_id,2024-05-25,False,0,10.9445340915,-85.714566039,phylum,Echinodermata
219925,Arothron hispidus,219925,research,2024-05-25,True,1,10.9435410534,-85.7136648157,phylum,Chordata
529159,Cucumaria flamma,529159,needs_id,2024-05-25,False,0,10.943609365,-85.7135789827,phylum,Echinodermata
513609,Toxopneustes roseus,513609,needs_id,2024-05-25,False,0,10.9434089174,-85.713235656,phylum,Echinodermata
1292,Anthozoa,1292,needs_id,2024-05-25,False,0,10.9431823257,-85.7119052789,phylum,Cnidaria
123084,Ophiuroidea,123084,needs_id,2024-05-25,False,0,10.942897683,-85.7131927353,phylum,Echinodermata
513266,Eucidaris thouarsii,513266,needs_id,2024-05-25,False,0,10.9432034598,-85.7106738953,phylum,Echinodermata
292795,Pharia pyramidata,292795,needs_id,2024-05-25,False,0,10.9421074776,-85.7133083443,phylum,Echinodermata
1475481,Ascidia sideralis,1475481,needs_id,2024-05-25,False,0,10.9448841131,-85.7120274141,phylum,Chordata
1475481,Ascidia sideralis,1475481,needs_id,2024-05-25,False,0,10.9445470351,-85.71151243,phylum,Chordata
266129,Rhopalaea birkelandi,266129,needs_id,2024-05-25,False,0,10.9445470351,-85.7117699221,phylum,Chordata
291251,Tubastraea coccinea,291251,needs_id,2024-05-25,False,0,10.9442942264,-85.7117699221,phylum,Cnidaria
291251,Tubastraea coccinea,291251,needs_id,2024-05-25,False,0,10.9447155742,-85.71151243,phylum,Cnidaria
291251,Tubastraea coccinea,291251,needs_id,2024-05-25,False,0,10.9445470351,-85.7115982607,phylum,Cnidaria
100766,Telmatactis,100766,needs_id,2024-05-25,False,0,10.9445470351,-85.7112549379,phylum,Cnidaria
289201,Pavona gigantea,289201,needs_id,2024-05-25,False,0,10.9447155742,-85.7115982607,phylum,Cnidaria
138268,Octopus,138268,needs_id,2024-05-25,False,0,10.9446313047,-85.7112549379,phylum,Mollusca
138268,Octopus,138268,needs_id,2024-05-25,False,0,10.9442942264,-85.7113407686,phylum,Mollusca
131868,Clathria,131868,needs_id,2024-05-25,False,0,10.944378496,-85.7111691072,phylum,Porifera
513266,Eucidaris thouarsii,513266,needs_id,2024-05-25,False,0,10.9445470351,-85.7112549379,phylum,Echinodermata
513266,Eucidaris thouarsii,513266,needs_id,2024-05-25,False,0,10.9444832582,-85.7111690994,phylum,Echinodermata
131868,Clathria,131868,needs_id,2024-05-25,False,0,10.9445993773,-85.711254934,phylum,Porifera
513266,Eucidaris thouarsii,513266,needs_id,2024-05-25,False,0,10.9439458208,-85.7108257727,phylum,Echinodermata
127403,Diodon hystrix,127403,research,2024-05-25,True,1,10.9439982774,-85.7109974302,phylum,Chordata
206732,Cephalopholis,206732,needs_id,2024-05-25,False,0,10.9441509139,-85.7112549183,phylum,Chordata
513138,Astropyga pulvinata,513138,needs_id,2024-05-25,False,0,10.9436135041,-85.7112549144,phylum,Echinodermata
290437,Myriopathes panamensis,290437,needs_id,2024-03-02,False,0,10.9433763512,-85.7125955269,phylum,Cnidaria
370915,Mithrodia bradleyi,370915,needs_id,2024-03-02,False,0,10.9436291608,-85.7122522041,phylum,Echinodermata
271900,Muraena lentiginosa,271900,research,2024-03-02,True,1,10.9437134306,-85.7126813576,phylum,Chordata
367402,Aniculus elegans,367402,research,2024-03-03,False,0,10.9443033185,-85.7126813576,phylum,Arthropoda
513266,Eucidaris thouarsii,513266,needs_id,2024-03-03,False,0,10.9438819701,-85.712853019,phylum,Echinodermata
513266,Eucidaris thouarsii,513266,needs_id,2024-03-03,False,0,10.9440505095,-85.7130246803,phylum,Echinodermata
273584,Thalassoma lucasanum,273584,research,2024-03-02,True,1,10.9445401723,-85.7131963417,phylum,Chordata
513223,Diadema mexicanum,513223,needs_id,2024-03-02,False,0,10.945214328,-85.712853019,phylum,Echinodermata
513223,Diadema mexicanum,513223,needs_id,2024-03-02,False,0,10.9443716332,-85.7131963417,phylum,Echinodermata
529159,Cucumaria flamma,529159,needs_id,2024-03-02,False,0,10.9446244419,-85.712853019,phylum,Echinodermata
529159,Cucumaria flamma,529159,needs_id,2024-03-02,False,0,10.944203094,-85.712853019,phylum,Echinodermata
291251,Tubastraea coccinea,291251,needs_id,2024-03-02,False,0,10.944203094,-85.7129388497,phylum,Cnidaria
513619,Tripneustes depressus,513619,needs_id,2024-03-02,False,0,10.9443716332,-85.7125955269,phylum,Echinodermata
274726,Scorpaena mystes,274726,needs_id,2024-03-02,False,0,10.9442873636,-85.7130246803,phylum,Chordata
206938,Pocillopora,206938,needs_id,2024-03-03,False,0,10.9439502849,-85.7126813576,phylum,Cnidaria
292797,Phataria unifascialis,292797,needs_id,2024-03-02,False,0,10.9443716332,-85.7123380348,phylum,Echinodermata
292795,Pharia pyramidata,292795,needs_id,2024-03-02,False,0,10.9439502849,-85.712853019,phylum,Echinodermata
289201,Pavona gigantea,289201,needs_id,2024-03-02,False,0,10.9436655075,-85.7130246764,phylum,Cnidaria
464493,Pinctada mazatlanica,464493,needs_id,2024-03-02,False,0,10.9436655075,-85.7122307453,phylum,Mollusca
219925,Arothron hispidus,219925,research,2024-03-02,True,1,10.9436916751,-85.7134752768,phylum,Chordata
1475481,Ascidia sideralis,1475481,needs_id,2024-03-02,False,0,10.9430698969,-85.7127027967,phylum,Chordata
117190,Pennaria,117190,needs_id,2024-06-23,False,0,10.9699023348,-85.7244825736,phylum,Cnidaria
219926,Arothron meleagris,219926,research,2024-05-25,False,0,10.942263,-85.7128096,class,Teleostei
203822,Stegastes,203822,needs_id,2024-05-25,False,0,10.942263,-85.7128096,class,Teleostei
138268,Octopus,138268,needs_id,2024-05-25,False,0,10.942263,-85.7128096,class,Cephalopoda
11718,Octopoda,11718,needs_id,2024-05-25,False,0,10.942263,-85.7128096,class,Cephalopoda
281202,Johnrandallia nigrirostris,281202,research,2024-05-25,True,1,10.942263,-85.7128096,class,Teleostei
123083,Holothuroidea,123083,needs_id,2024-05-25,False,0,10.942263,-85.7128096,class,Holothuroidea
596162,Hexaplex princeps,596162,needs_id,2024-05-25,False,0,10.942263,-85.7128096,class,Gastropoda
596162,Hexaplex princeps,596162,research,2024-05-25,False,0,10.942263,-85.7128096,class,Gastropoda
275780,Halichoeres nicholsi,275780,research,2024-05-25,False,0,10.942263,-85.7128096,class,Teleostei
275780,Halichoeres nicholsi,275780,research,2024-05-25,False,0,10.942263,-85.7128096,class,Teleostei
275729,Haemulon maculicauda,275729,needs_id,2024-05-25,False,0,10.942263,-85.7128096,class,Teleostei
275763,Halichoeres dispilus,275763,research,2024-05-25,False,0,10.942263,-85.7128096,class,Teleostei
275763,Halichoeres dispilus,275763,research,2024-05-25,False,0,10.942263,-85.7128096,class,Teleostei
219926,Arothron meleagris,219926,research,2024-05-25,False,0,10.942263,-85.7128096,class,Teleostei
219926,Arothron meleagris,219926,research,2024-05-25,False,0,10.942263,-85.7128096,class,Teleostei
1006825,Urobatis pardalis,1006825,research,2024-03-02,True,1,10.942263,-85.7128096,class,Elasmobranchii
281202,Johnrandallia nigrirostris,281202,research,2024-03-02,False,0,10.942263,-85.7128096,class,Teleostei
275736,Haemulon sexfasciatum,275736,research,2024-09-07,False,0,8.707268,-83.8817571,class,Teleostei
275736,Haemulon sexfasciatum,275736,research,2024-09-07,False,0,8.707268,-83.8817571,class,Teleostei
214557,Triaenodon obesus,214557,research,2024-09-07,True,1,8.707268,-83.8817571,class,Elasmobranchii
276853,Sufflamen verres,276853,research,2024-09-07,True,1,8.707268,-83.8817571,class,Teleostei
275736,Haemulon sexfasciatum,275736,research,2024-09-07,False,0,8.707268,-83.8817571,class,Teleostei
276668,Stegastes flavilatus,276668,research,2024-09-07,False,0,8.707268,-83.8817571,class,Teleostei
273858,Epinephelus labriformis,273858,research,2024-09-07,False,0,8.707268,-83.8817571,class,Teleostei
220083,Zanclus cornutus,220083,research,2024-09-07,True,1,8.707268,-83.8817571,class,Teleostei
219127,Scarus ghobban,219127,research,2024-09-07,False,0,8.707268,-83.8817571,class,Teleostei
220083,Zanclus cornutus,220083,research,2024-09-07,True,1,8.707268,-83.8817571,class,Teleostei
279161,Pseudobalistes naufragium,279161,research,2024-09-07,True,1,8.707268,-83.8817571,class,Teleostei
137206,Chelonia mydas,137206,research,2024-09-07,True,1,8.7971672682,-83.8527784564,class,
137207,Eretmochelys imbricata,137207,needs_id,2024-09-07,False,0,8.7873358677,-83.8849494309,class,
137206,Chelonia mydas,137206,research,2024-09-07,True,2,8.7140343124,-83.8628258593,class,
219634,Acanthurus xanthopterus,219634,research,2024-09-07,False,0,8.707268,-83.8817571,class,Teleostei
276552,Lutjanus viridis,276552,research,2024-09-07,False,0,8.707268,-83.8817571,class,Teleostei
1750630,Cephalopholis colonus,1750630,research,2024-09-07,False,0,8.707268,-83.8817571,class,Teleostei
273343,Chaetodon humeralis,273343,research,2024-09-07,False,0,8.707268,-83.8817571,class,Teleostei
218419,Caranx melampygus,218419,research,2024-09-07,False,0,8.707268,-83.8817571,class,Teleostei
1750630,Cephalopholis colonus,1750630,research,2024-09-07,False,0,8.707268,-83.8817571,class,Teleostei
273271,Caranx caballus,273271,research,2024-09-07,False,0,8.707268,-83.8817571,class,Teleostei
219638,Acanthurus nigricans,219638,research,2024-09-07,True,2,8.707268,-83.8817571,class,Teleostei
217495,Gymnothorax flavimarginatus,217495,research,2024-09-07,True,1,8.707268,-83.8817571,class,Teleostei
276016,Holacanthus passer,276016,research,2024-09-07,True,1,8.707268,-83.8817571,class,Teleostei
275729,Haemulon maculicauda,275729,research,2024-09-07,False,0,8.707268,-83.8817571,class,Teleostei
219926,Arothron meleagris,219926,research,2024-09-07,True,1,8.707268,-83.8817571,class,Teleostei
274726,Scorpaena mystes,274726,research,2024-09-07,False,0,8.707268,-83.8817571,class,Teleostei
267665,Pacifigorgia,267665,needs_id,2024-09-07,False,0,8.707268,-83.8817571,class,Octocorallia
291251,Tubastraea coccinea,291251,needs_id,2024-09-07,False,0,8.707268,-83.8817571,class,Hexacorallia
137206,Chelonia mydas,137206,research,2024-09-07,True,2,8.7967569907,-83.9283276902,class,
267665,Pacifigorgia,267665,needs_id,2024-09-07,False,0,8.707268,-83.8817571,class,Octocorallia
217495,Gymnothorax flavimarginatus,217495,research,2024-09-07,True,1,8.707268,-83.8817571,class,Teleostei
137207,Eretmochelys imbricata,137207,research,2024-09-07,False,0,8.66389313,-83.9662430933,class,
218429,Gnathanodon speciosus,218429,research,2024-09-07,False,0,8.707268,-83.8817571,class,Teleostei
214557,Triaenodon obesus,214557,research,2024-09-07,True,1,8.707268,-83.8817571,class,Elasmobranchii
279152,Cephalopholis panamensis,279152,research,2024-09-07,False,0,8.707268,-83.8817571,class,Teleostei
217927,Myripristis berndti,217927,research,2024-09-07,False,0,8.707268,-83.8817571,class,Teleostei
286209,Leptogorgia alba,286209,research,2024-09-07,False,0,8.707268,-83.8817571,class,Octocorallia
289201,Pavona gigantea,289201,needs_id,2024-09-07,False,0,8.707268,-83.8817571,class,Hexacorallia
281202,Johnrandallia nigrirostris,281202,research,2024-09-07,False,0,8.707268,-83.8817571,class,Teleostei
218853,Cirrhitichthys oxycephalus,218853,research,2024-09-07,True,1,8.707268,-83.8817571,class,Teleostei
206938,Pocillopora,206938,needs_id,2024-09-07,False,0,8.707268,-83.8817571,class,Hexacorallia
218378,Malacanthus brevirostris,218378,research,2024-09-07,False,0,8.707268,-83.8817571,class,Teleostei
138518,Spondylus,138518,needs_id,2024-09-07,True,1,8.707268,-83.8817571,class,Bivalvia
219124,Scarus rubroviolaceus,219124,research,2024-09-07,False,0,8.707268,-83.8817571,class,Teleostei
219124,Scarus rubroviolaceus,219124,research,2024-09-07,False,0,8.707268,-83.8817571,class,Teleostei
164811,Demospongiae,164811,needs_id,2024-09-07,True,2,8.707268,-83.8817571,class,Demospongiae
286209,Leptogorgia alba,286209,research,2024-09-07,False,0,8.707268,-83.8817571,class,Octocorallia
218419,Caranx melampygus,218419,research,2024-09-07,False,0,8.707268,-83.8817571,class,Teleostei
138268,Octopus,138268,needs_id,2024-09-07,True,1,8.707268,-83.8817571,class,Cephalopoda
275736,Haemulon sexfasciatum,275736,research,2024-09-07,False,0,8.707268,-83.8817571,class,Teleostei
273271,Caranx caballus,273271,research,2024-09-07,False,0,8.707268,-83.8817571,class,Teleostei
273858,Epinephelus labriformis,273858,research,2024-09-07,False,0,8.707268,-83.8817571,class,Teleostei
137206,Chelonia mydas,137206,research,2024-09-07,True,2,8.6098446021,-83.8222139915,class,
267665,Pacifigorgia,267665,needs_id,2024-09-07,False,0,8.707268,-83.8817571,class,Octocorallia
137206,Chelonia mydas,137206,research,2024-09-07,True,1,8.6856444425,-83.8951780241,class,
1042860,Hypanus longus,1042860,research,2024-09-07,True,1,8.707268,-83.8817571,class,Elasmobranchii
219925,Arothron hispidus,219925,research,2024-09-07,True,1,8.707268,-83.8817571,class,Teleostei
279624,Anisotremus taeniatus,279624,research,2024-09-07,False,0,8.707268,-83.8817571,class,Teleostei
275729,Haemulon maculicauda,275729,needs_id,2024-09-07,False,0,8.707268,-83.8817571,class,Teleostei
276524,Lutjanus argentiventris,276524,research,2024-09-07,False,0,8.707268,-83.8817571,class,Teleostei
281087,Hoplopagrus guentherii,281087,research,2024-09-07,False,0,8.707268,-83.8817571,class,Teleostei
206485,Porites,206485,needs_id,2024-09-07,False,0,8.707268,-83.8817571,class,Hexacorallia
1778,Limidae,1778,needs_id,2024-09-07,False,0,8.707268,-83.8817571,class,Bivalvia
214557,Triaenodon obesus,214557,research,2024-09-07,True,1,8.707268,-83.8817571,class,Elasmobranchii
218853,Cirrhitichthys oxycephalus,218853,research,2024-09-07,True,1,8.707268,-83.8817571,class,Teleostei
125484,Antennariidae,125484,needs_id,2024-09-07,False,0,8.707268,-83.8817571,class,Teleostei
276028,Pomacanthus zonipectus,276028,research,2017-06-18,False,0,8.5685573091,-83.2666979222,class,Teleostei
217469,Echidna nebulosa,217469,research,2017-06-18,True,1,8.5685573091,-83.2666979222,class,Teleostei
123111,Dendrochirotida,123111,needs_id,2017-06-18,False,0,8.5685573091,-83.2666979222,class,Holothuroidea
275729,Haemulon maculicauda,275729,needs_id,2017-06-18,False,0,8.5685573091,-83.2666979222,class,Teleostei
132044,Placospongia,132044,needs_id,2017-06-18,False,0,8.5685573091,-83.2666979222,class,Demospongiae
281087,Hoplopagrus guentherii,281087,research,2017-06-18,False,0,8.5685573091,-83.2666979222,class,Teleostei
273272,Caranx caninus,273272,needs_id,2017-06-18,False,0,8.5685573091,-83.2666979222,class,Teleostei
279161,Pseudobalistes naufragium,279161,needs_id,2017-06-18,False,0,8.5685573091,-83.2666979222,class,Teleostei
283177,Xenichthys xanti,283177,needs_id,2017-06-18,False,0,8.5685573091,-83.2666979222,class,Teleostei
273702,Abudefduf troschelii,273702,research,2017-06-18,False,0,8.5685573091,-83.2666979222,class,Teleostei
464493,Pinctada mazatlanica,464493,research,2017-06-18,False,0,8.5685573091,-83.2666979222,class,Bivalvia
107459,Plagusia depressa,107459,research,2023-04-29,True,1,9.7337,-82.8090805556,class,Malacostraca
213380,Echinometra lucunter,213380,needs_id,2023-04-28,False,0,9.7454472222,-82.8538055556,class,Echinoidea
1360,Actiniaria,1360,needs_id,2023-04-28,False,0,9.7444861111,-82.8546611111,class,Hexacorallia
206071,Sabellastarte,206071,needs_id,2023-04-28,True,1,9.7453111111,-82.8537527778,class,Polychaeta
123083,Holothuroidea,123083,needs_id,2023-04-28,False,0,9.7452722222,-82.8536972222,class,Holothuroidea
1264073,Exaiptasia diaphana,1264073,needs_id,2023-04-28,True,1,9.7452888889,-82.8537611111,class,Hexacorallia
124454,Euapta lappa,124454,needs_id,2023-04-30,False,0,9.6454900767,-82.6873418137,class,Holothuroidea
124454,Euapta lappa,124454,needs_id,2023-04-30,False,0,9.6454900767,-82.6873418137,class,Holothuroidea
291135,Stichodactyla helianthus,291135,research,2023-04-30,False,0,9.6454900767,-82.6873418137,class,Hexacorallia
288456,Palythoa caribaeorum,288456,research,2023-04-30,False,0,9.6454900767,-82.6873418137,class,Hexacorallia
179659,Echinometra,179659,needs_id,2023-04-30,False,0,9.6454900767,-82.6873418137,class,Echinoidea
123084,Ophiuroidea,123084,needs_id,2023-04-30,False,0,9.6454900767,-82.6873418137,class,Ophiuroidea
159786,Thalassoma bifasciatum,159786,research,2023-04-30,True,3,9.6454900767,-82.6873418137,class,Teleostei
205902,Millepora,205902,needs_id,2023-04-30,False,0,9.6454900767,-82.6873418137,class,Hydrozoa
287421,Millepora complanata,287421,needs_id,2023-04-30,False,0,9.6454900767,-82.6873418137,class,Hydrozoa
396741,Eucidaris tribuloides,396741,needs_id,2023-04-30,False,0,9.6454900767,-82.6873418137,class,Echinoidea
422493,Echinometra viridis,422493,needs_id,2023-04-30,False,0,9.6454900767,-82.6873418137,class,Echinoidea
124332,Diadema antillarum,124332,needs_id,2023-04-30,False,0,9.6454900767,-82.6873418137,class,Echinoidea
828326,Pseudodiploria clivosa,828326,needs_id,2023-04-30,False,0,9.6454900767,-82.6873418137,class,Hexacorallia
124332,Diadema antillarum,124332,needs_id,2023-04-30,False,0,9.6454900767,-82.6873418137,class,Echinoidea
289826,Diploria labyrinthiformis,289826,needs_id,2023-04-30,False,0,9.6454900767,-82.6873418137,class,Hexacorallia
422490,Tripneustes ventricosus,422490,needs_id,2023-04-30,False,0,9.6454900767,-82.6873418137,class,Echinoidea
287916,Agaricia tenuifolia,287916,needs_id,2023-04-30,False,0,9.7877339665,-82.6790261697,class,Hexacorallia
422490,Tripneustes ventricosus,422490,needs_id,2023-04-30,False,0,9.6454900767,-82.6873418137,class,Echinoidea
828326,Pseudodiploria clivosa,828326,needs_id,2023-04-30,False,0,9.6454900767,-82.6873418137,class,Hexacorallia
207517,Siderastrea radians,207517,needs_id,2023-04-30,False,0,9.6454900767,-82.6873418137,class,Hexacorallia
100682,Arachnactidae,100682,needs_id,2023-04-30,True,1,9.6454900767,-82.6873418137,class,Hexacorallia
828326,Pseudodiploria clivosa,828326,needs_id,2023-04-30,False,0,9.6454900767,-82.6873418137,class,Hexacorallia
287421,Millepora complanata,287421,needs_id,2023-04-29,False,0,9.7395788739,-82.8174400058,class,Hydrozoa
123083,Holothuroidea,123083,needs_id,2023-04-29,False,0,9.7395788739,-82.8174400058,class,Holothuroidea
123083,Holothuroidea,123083,needs_id,2023-04-29,False,0,9.7395788739,-82.8174400058,class,Holothuroidea
123083,Holothuroidea,123083,needs_id,2023-04-29,False,0,9.7395788739,-82.8174400058,class,Holothuroidea
123083,Holothuroidea,123083,needs_id,2023-04-29,False,0,9.7395788739,-82.8174400058,class,Holothuroidea
123083,Holothuroidea,123083,needs_id,2023-04-29,False,0,9.7395788739,-82.8174400058,class,Holothuroidea
123083,Holothuroidea,123083,needs_id,2023-04-29,False,0,9.7395788739,-82.8174400058,class,Holothuroidea
123083,Holothuroidea,123083,needs_id,2023-04-29,False,0,9.7395788739,-82.8174400058,class,Holothuroidea
302432,Caranx ruber,302432,research,2023-04-29,True,1,9.7395788739,-82.8174400058,class,Teleostei
129831,Hermodice carunculata,129831,research,2023-04-29,False,0,9.7395788739,-82.8174400058,class,Polychaeta
123083,Holothuroidea,123083,needs_id,2023-04-29,False,0,9.7395788739,-82.8174400058,class,Holothuroidea
159559,Pterois volitans,159559,research,2023-04-29,True,1,9.7395788739,-82.8174400058,class,Teleostei
275727,Haemulon flavolineatum,275727,research,2023-04-29,False,0,9.7395788739,-82.8174400058,class,Teleostei
159797,Lutjanus griseus,159797,research,2023-04-29,True,1,9.7395788739,-82.8174400058,class,Teleostei
279625,Anisotremus virginicus,279625,research,2023-04-29,True,1,9.7395788739,-82.8174400058,class,Teleostei
302312,Caranx bartholomaei,302312,research,2023-04-29,True,1,9.7395788739,-82.8174400058,class,Teleostei
159581,Acanthurus coeruleus,159581,needs_id,2023-04-29,True,1,9.7395788739,-82.8174400058,class,Teleostei
125540,Kyphosidae,125540,needs_id,2023-04-29,False,0,9.7395788739,-82.8174400058,class,Teleostei
396741,Eucidaris tribuloides,396741,needs_id,2023-04-29,False,0,9.7395788739,-82.8174400058,class,Echinoidea
124332,Diadema antillarum,124332,needs_id,2023-04-29,False,0,9.7395788739,-82.8174400058,class,Echinoidea
124332,Diadema antillarum,124332,needs_id,2023-04-29,False,0,9.7395788739,-82.8174400058,class,Echinoidea
207516,Siderastrea siderea,207516,needs_id,2023-04-29,False,0,9.7395788739,-82.8174400058,class,Hexacorallia
708859,Antillogorgia americana,708859,needs_id,2023-04-29,False,0,9.7395788739,-82.8174400058,class,Octocorallia
828326,Pseudodiploria clivosa,828326,needs_id,2023-04-29,False,0,9.7395788739,-82.8174400058,class,Hexacorallia
207516,Siderastrea siderea,207516,needs_id,2023-04-29,False,0,9.7395788739,-82.8174400058,class,Hexacorallia
125277,Plexauridae,125277,needs_id,2023-04-29,False,0,9.7395788739,-82.8174400058,class,Octocorallia
288227,Acropora palmata,288227,research,2023-04-29,False,0,9.7912710479,-82.8450940607,class,Hexacorallia
140059,Haliotis tuberculata,140059,research,2018-03-24,True,1,28.5766924755,-16.329363585,class,Gastropoda
135181,Balanophyllia (Balanophyllia) regia,1442415,needs_id,2018-03-24,False,0,28.5766924755,-16.329363585,class,Hexacorallia
123795,Coscinasterias tenuispina,123795,research,2018-03-24,True,1,28.5766924755,-16.329363585,class,Asteroidea
126772,Parablennius parvicornis,126772,research,2018-03-24,False,0,28.5766924755,-16.329363585,class,Teleostei
123795,Coscinasterias tenuispina,123795,research,2018-03-24,False,0,28.5766924755,-16.329363585,class,Asteroidea
126970,Thalassoma pavo,126970,research,2018-03-24,True,1,28.5766924755,-16.329363585,class,Teleostei
149855,Echinacea,149855,needs_id,2018-03-24,True,2,28.5766924755,-16.329363585,class,Echinoidea
124316,Paracentrotus lividus,124316,research,2018-03-24,True,1,28.5766924755,-16.329363585,class,Echinoidea
888371,Enthemonae,888371,needs_id,2018-03-24,True,2,28.5766924755,-16.329363585,class,Hexacorallia
100808,Anemonia viridis,100808,research,2018-03-24,False,0,28.5766924755,-16.329363585,class,Hexacorallia
135479,Physalia physalis,135479,research,2018-03-24,True,2,28.5766924755,-16.329363585,class,Hydrozoa
124316,Paracentrotus lividus,124316,research,2018-03-24,False,0,28.5766924755,-16.329363585,class,Echinoidea
124316,Paracentrotus lividus,124316,research,2018-03-24,False,0,28.5766924755,-16.329363585,class,Echinoidea
138758,Aplysia punctata,138758,needs_id,2018-03-24,True,1,28.5766924755,-16.329363585,class,Gastropoda
123795,Coscinasterias tenuispina,123795,research,2018-03-24,True,1,28.5766924755,-16.329363585,class,Asteroidea
100808,Anemonia viridis,100808,research,2018-03-24,True,1,28.5766924755,-16.329363585,class,Hexacorallia
889885,Similiparma lurida,889885,research,2018-03-24,True,1,28.5766924755,-16.329363585,class,Teleostei
123795,Coscinasterias tenuispina,123795,research,2018-03-24,False,0,28.5766924755,-16.329363585,class,Asteroidea
135181,Balanophyllia (Balanophyllia) regia,1442415,needs_id,2018-03-24,False,0,28.5766924755,-16.329363585,class,Hexacorallia
138753,Aplysia dactylomela,138753,research,2018-03-24,True,2,28.5766924755,-16.329363585,class,Gastropoda
100770,Metridium,100770,needs_id,2019-07-30,False,0,48.5455569954,-123.0130950756,class,Hexacorallia
1718121,Haliclystus sanjuanensis,1718121,research,2019-07-31,False,0,48.4509722222,-122.9621361111,class,Staurozoa
558913,Armina californica,558913,research,2019-07-22,False,0,48.5455027778,-123.0134416667,class,Gastropoda
100833,Urticina eques,100833,needs_id,2019-08-12,False,0,48.5456194444,-123.0135416667,class,Hexacorallia
575156,Haminoea vesicula,575156,needs_id,2019-08-11,False,0,48.5457916667,-123.0129916667,class,Gastropoda
131641,Microcionidae,131641,needs_id,2019-07-31,True,1,48.4507305556,-122.9624472222,class,Demospongiae
369177,Leptasterias hexactis,369177,needs_id,2019-07-31,False,0,48.4509722222,-122.9621361111,class,Asteroidea
283347,Anthopleura elegantissima,283347,research,2019-07-31,True,1,48.4509472222,-122.9620361111,class,Hexacorallia
255040,Evasterias troschelii,255040,research,2019-07-31,True,3,48.4509666667,-122.9620277778,class,Asteroidea
283347,Anthopleura elegantissima,283347,research,2019-07-31,True,1,48.4507777778,-122.9619305556,class,Hexacorallia
535329,Pollicipes polymerus,535329,research,2019-07-31,False,0,48.4514888889,-122.9620972222,class,Thecostraca
240776,Cryptochiton stelleri,240776,research,2019-07-31,False,0,48.4508944444,-122.9618694444,class,Polyplacophora
131834,Haliclona,131834,needs_id,2019-07-31,False,0,48.4514916667,-122.9621361111,class,Demospongiae
165853,Halichondria (Halichondria) panicea,132627,needs_id,2019-07-31,False,0,48.4515,-122.9620444444,class,Demospongiae
1360,Actiniaria,1360,needs_id,2019-07-31,False,0,48.4501833333,-122.9618916667,class,Hexacorallia
283347,Anthopleura elegantissima,283347,research,2019-07-31,True,1,48.4516805556,-122.9619138889,class,Hexacorallia
1360,Actiniaria,1360,needs_id,2019-07-31,False,0,48.4518611111,-122.9619916667,class,Hexacorallia
1360,Actiniaria,1360,needs_id,2019-07-31,False,0,48.45165,-122.9620583333,class,Hexacorallia
369177,Leptasterias hexactis,369177,needs_id,2019-07-31,False,0,48.4517777778,-122.9618833333,class,Asteroidea
529305,Eupentacta quinquesemita,529305,needs_id,2019-07-31,False,0,48.4517777778,-122.9618833333,class,Holothuroidea
369177,Leptasterias hexactis,369177,needs_id,2019-07-31,False,0,48.4517777778,-122.9618833333,class,Asteroidea
123390,Strongylocentrotus,123390,needs_id,2019-07-31,False,0,48.4517694444,-122.9619,class,Echinoidea
240747,Strongylocentrotus purpuratus,240747,needs_id,2019-07-31,True,1,48.4518,-122.9618444444,class,Echinoidea
242666,Amphiodia occidentalis,242666,needs_id,2019-07-31,False,0,48.4518861111,-122.9618222222,class,Ophiuroidea
369177,Leptasterias hexactis,369177,needs_id,2019-07-31,False,0,48.4518861111,-122.9618527778,class,Asteroidea
581816,Doris montereyensis,581816,research,2019-07-31,False,0,48.4518361111,-122.9615333333,class,Gastropoda
283347,Anthopleura elegantissima,283347,research,2019-07-31,False,0,48.4520138889,-122.9619222222,class,Hexacorallia
283347,Anthopleura elegantissima,283347,needs_id,2019-07-31,False,0,48.4519527778,-122.9618611111,class,Hexacorallia
367837,Mytilus californianus,367837,research,2019-07-31,False,0,48.4518916667,-122.9620361111,class,Bivalvia
283347,Anthopleura elegantissima,283347,research,2019-07-31,False,0,48.4522472222,-122.9618,class,Hexacorallia
369117,Henricia leviuscula,369117,needs_id,2019-07-31,True,2,48.4525555556,-122.9622027778,class,Asteroidea
100706,Urticina,100706,needs_id,2019-07-31,True,2,48.4526166667,-122.9622944444,class,Hexacorallia
529305,Eupentacta quinquesemita,529305,needs_id,2019-07-31,False,0,48.4527083333,-122.9623194444,class,Holothuroidea
529305,Eupentacta quinquesemita,529305,needs_id,2019-07-31,False,0,48.4527472222,-122.9624472222,class,Holothuroidea
123080,Asteroidea,123080,needs_id,2019-07-31,False,0,48.4527083333,-122.9623194444,class,Asteroidea
225807,Cucumaria miniata,225807,research,2019-07-31,False,0,48.4528722222,-122.9624777778,class,Holothuroidea
890436,Diaulula odonoghuei,890436,research,2019-07-30,False,0,48.5216777778,-123.0142527778,class,Gastropoda
225807,Cucumaria miniata,225807,needs_id,2019-07-30,False,0,48.5216333333,-123.0141666667,class,Holothuroidea
240771,Dermasterias imbricata,240771,research,2019-07-30,False,0,48.5216722222,-123.0138638889,class,Asteroidea
240747,Strongylocentrotus purpuratus,240747,research,2019-07-30,False,0,48.5216222222,-123.0135805556,class,Echinoidea
242666,Amphiodia occidentalis,242666,needs_id,2019-07-30,False,0,48.52155,-123.0135027778,class,Ophiuroidea
240747,Strongylocentrotus purpuratus,240747,research,2019-07-30,False,0,48.5216777778,-123.0142138889,class,Echinoidea
386353,Mopalia muscosa,386353,research,2019-07-30,False,0,48.486,-123.0691972222,class,Polyplacophora
386338,Katharina tunicata,386338,research,2019-07-30,False,0,48.4859166667,-123.0691611111,class,Polyplacophora
923,Maldanidae,923,needs_id,2019-07-30,True,1,48.4818277778,-123.0717611111,class,Polychaeta
528885,Leptosynapta clarki,528885,needs_id,2019-07-30,False,0,48.4818416667,-123.0717388889,class,Holothuroidea
287192,Cyanea ferruginea,287192,research,2019-07-30,False,0,48.4818694444,-123.0720972222,class,Scyphozoa
170478,Cliona tenuis,170478,needs_id,2019-06-06,False,0,21.8210984213,-89.5442116698,class,Demospongiae
558,Porifera,558,needs_id,2019-06-06,False,0,21.8210984213,-89.5442116698,class,
170478,Cliona tenuis,170478,needs_id,2019-06-06,False,0,21.8210984213,-89.5442116698,class,Demospongiae
282139,Pareques acuminatus,282139,research,2019-06-06,True,1,21.8210984213,-89.5442116698,class,Teleostei
275645,Opsanus beta,275645,needs_id,2019-06-06,False,0,21.8210984213,-89.5442116698,class,Teleostei
267790,Pterogorgia,267790,needs_id,2019-06-06,False,0,21.8210984213,-89.5442116698,class,Octocorallia
127402,Diodon holocanthus,127402,research,2019-06-06,True,1,21.8210984213,-89.5442116698,class,Teleostei
558,Porifera,558,needs_id,2019-06-06,False,0,21.8210984213,-89.5442116698,class,
712603,Hypoplectrus ecosur,712603,research,2019-06-06,False,0,21.8210984213,-89.5442116698,class,Teleostei
558,Porifera,558,needs_id,2019-06-06,False,0,21.8210984213,-89.5442116698,class,
558,Porifera,558,needs_id,2019-06-06,False,0,21.8210984213,-89.5442116698,class,
123084,Ophiuroidea,123084,needs_id,2019-06-06,False,0,21.8210984213,-89.5442116698,class,Ophiuroidea
178754,Echinaster (Othilia) spinulosus,178754,needs_id,2019-06-06,False,0,21.8210984213,-89.5442116698,class,Asteroidea
367850,Lytechinus variegatus,367850,needs_id,2019-06-06,False,0,21.8210984213,-89.5442116698,class,Echinoidea
178754,Echinaster (Othilia) spinulosus,178754,needs_id,2019-06-06,False,0,21.8210984213,-89.5442116698,class,Asteroidea
422499,Clypeaster subdepressus,422499,needs_id,2019-06-06,False,0,21.8210984213,-89.5442116698,class,Echinoidea
178754,Echinaster (Othilia) spinulosus,178754,needs_id,2019-06-06,False,0,21.8210984213,-89.5442116698,class,Asteroidea
159350,Diplectrum formosum,159350,needs_id,2019-06-06,False,0,21.8210984213,-89.5442116698,class,Teleostei
422499,Clypeaster subdepressus,422499,needs_id,2019-06-06,False,0,21.8210984213,-89.5442116698,class,Echinoidea
422499,Clypeaster subdepressus,422499,needs_id,2019-06-06,False,0,21.8210984213,-89.5442116698,class,Echinoidea
159350,Diplectrum formosum,159350,needs_id,2019-06-06,False,0,21.8210984213,-89.5442116698,class,Teleostei
367850,Lytechinus variegatus,367850,needs_id,2019-06-06,False,0,21.8210984213,-89.5442116698,class,Echinoidea
367850,Lytechinus variegatus,367850,needs_id,2019-06-06,False,0,21.8210984213,-89.5442116698,class,Echinoidea
206485,Porites,206485,needs_id,2017-03-29,False,0,8.5970647922,-83.3023924782,class,Hexacorallia
985,Sabellidae,985,needs_id,2017-03-29,False,0,8.5970647922,-83.3023924782,class,Polychaeta
206485,Porites,206485,needs_id,2017-03-29,False,0,8.5970647922,-83.3023924782,class,Hexacorallia
206614,Pavona,206614,needs_id,2017-03-29,False,0,8.5970647922,-83.3023924782,class,Hexacorallia
100766,Telmatactis,100766,needs_id,2017-03-29,False,0,8.5970647922,-83.3023924782,class,Hexacorallia
275763,Halichoeres dispilus,275763,research,2017-03-29,False,0,8.5970647922,-83.3023924782,class,Teleostei
1302,Pycnogonida,1302,needs_id,2017-03-29,False,0,8.5970647922,-83.3023924782,class,Pycnogonida
123084,Ophiuroidea,123084,needs_id,2017-03-29,False,0,8.5970647922,-83.3023924782,class,Ophiuroidea
271825,Gymnothorax castaneus,271825,needs_id,2017-03-29,True,1,8.5970647922,-83.3023924782,class,Teleostei
117305,Macrorhynchia philippina,117305,needs_id,2017-03-29,False,0,8.5970647922,-83.3023924782,class,Hydrozoa
125302,Leptogorgia,125302,needs_id,2017-03-29,False,0,8.5970647922,-83.3023924782,class,Octocorallia
281202,Johnrandallia nigrirostris,281202,research,2017-03-29,False,0,8.5970647922,-83.3023924782,class,Teleostei
218429,Gnathanodon speciosus,218429,research,2017-03-29,False,0,8.5970647922,-83.3023924782,class,Teleostei
164811,Demospongiae,164811,needs_id,2017-03-29,False,0,8.5970647922,-83.3023924782,class,Demospongiae
164811,Demospongiae,164811,needs_id,2017-03-29,False,0,8.5970647922,-83.3023924782,class,Demospongiae
279152,Cephalopholis panamensis,279152,research,2017-03-29,False,0,8.5970647922,-83.3023924782,class,Teleostei
282104,Parapsettus panamensis,282104,needs_id,2017-03-29,False,0,8.5970647922,-83.3023924782,class,Teleostei
1297576,Styracura pacifica,1297576,research,2017-03-29,True,2,8.5318100601,-83.3221831936,class,Elasmobranchii
206485,Porites,206485,needs_id,2017-03-29,False,0,8.5970647922,-83.3023924782,class,Hexacorallia
273584,Thalassoma lucasanum,273584,research,2017-03-29,False,0,8.5970647922,-83.3023924782,class,Teleostei
218853,Cirrhitichthys oxycephalus,218853,research,2017-03-29,False,0,8.5970647922,-83.3023924782,class,Teleostei
135085,Caryophyllia,135085,needs_id,2017-03-29,False,0,8.5970647922,-83.3023924782,class,Hexacorallia
395098,Carijoa riisei,395098,needs_id,2017-03-29,False,0,8.5970647922,-83.3023924782,class,Octocorallia
125523,Carangidae,125523,needs_id,2017-03-29,False,0,8.5970647922,-83.3023924782,class,Teleostei
275264,Canthigaster punctatissima,275264,research,2017-03-29,False,0,8.5970647922,-83.3023924782,class,Teleostei
273527,Bodianus diplotaenia,273527,research,2017-03-29,False,0,8.5970647922,-83.3023924782,class,Teleostei
275234,Balistes polylepis,275234,research,2017-03-29,True,1,8.5970647922,-83.3023924782,class,Teleostei
273584,Thalassoma lucasanum,273584,research,2017-03-29,False,0,8.5970647922,-83.3023924782,class,Teleostei
535677,Corambe pacifica,535677,research,2021-03-27,False,0,31.8630666667,-116.6672138889,class,Gastropoda
1562,Ammotheidae,1562,needs_id,2021-03-26,False,0,31.8630201534,-116.6673815171,class,Pycnogonida
137954,Eubranchus,137954,casual,2020-02-12,True,2,31.863025,-116.6673444444,class,Gastropoda
385576,Nuttallina,385576,needs_id,2020-08-23,False,0,31.8614104615,-116.6676603109,class,Polyplacophora
224570,Caenogastropoda,224570,needs_id,2021-06-01,False,0,31.8630611111,-116.66745,class,Gastropoda
528084,Megastraea undosa,528084,needs_id,2021-06-08,False,0,31.8630011013,-116.667327717,class,Gastropoda
529363,Apostichopus californicus,529363,needs_id,2021-06-08,False,0,31.8629737649,-116.667327717,class,Holothuroidea
580674,Neobernaya spadicea,580674,research,2020-09-15,False,0,31.8629416667,-116.6672888889,class,Gastropoda
491054,Kelletia kelletii,491054,needs_id,2020-01-31,False,0,31.8629666667,-116.6674055556,class,Gastropoda
123084,Ophiuroidea,123084,needs_id,2020-04-28,False,0,31.8614667004,-116.6677568704,class,Ophiuroidea
240765,Aplysia californica,240765,research,2021-03-26,True,1,31.8614884741,-116.6677139551,class,Gastropoda
137654,Aplysia,137654,needs_id,2021-03-26,True,2,31.8614884741,-116.6677139551,class,Gastropoda
279617,Anisotremus davidsonii,279617,research,2020-10-04,False,0,31.8621346197,-116.6580166942,class,Teleostei
282054,Paralabrax clathratus,282054,research,2020-10-04,True,1,31.8621346197,-116.6580166942,class,Teleostei
137654,Aplysia,137654,needs_id,2020-10-04,False,0,31.8621346197,-116.6580166942,class,Gastropoda
287556,Muricea californica,287556,research,2020-10-04,False,0,31.8621346197,-116.6580166942,class,Octocorallia
177745,Muricea,177745,needs_id,2020-10-04,False,0,31.8621346197,-116.6580166942,class,Octocorallia
283377,Anthopleura xanthogrammica,283377,research,2020-08-23,False,0,31.8614429126,-116.6678259363,class,Hexacorallia
341951,Octopus bimaculatus,341951,needs_id,2020-08-23,False,0,31.8614793618,-116.6678410944,class,Cephalopoda
280219,Clinocottus analis,280219,needs_id,2020-08-23,True,1,31.8614793618,-116.6678410944,class,Teleostei
280219,Clinocottus analis,280219,needs_id,2020-08-23,True,1,31.8614793618,-116.6678410944,class,Teleostei
240753,Anthopleura sola,240753,research,2021-02-10,False,0,31.8614611372,-116.6677401056,class,Hexacorallia
240753,Anthopleura sola,240753,research,2019-12-26,True,1,31.8612833333,-116.6680305556,class,Hexacorallia
367769,Stenoplax,367769,needs_id,2019-12-26,False,0,31.8613333333,-116.6677694444,class,Polyplacophora
591102,Mesocentrotus franciscanus,591102,needs_id,2019-12-28,False,0,31.8614808425,-116.6676820311,class,Echinoidea
123084,Ophiuroidea,123084,needs_id,2019-12-28,False,0,31.8616472222,-116.6674888889,class,Ophiuroidea
848098,Stenoplax conspicua,848098,research,2019-12-26,False,0,31.8614583333,-116.6673277778,class,Polyplacophora
240747,Strongylocentrotus purpuratus,240747,needs_id,2019-12-28,False,0,31.8613694444,-116.667525,class,Echinoidea
568031,Aplysia vaccaria,568031,needs_id,2019-12-28,False,0,31.8615388889,-116.6681277778,class,Gastropoda
123084,Ophiuroidea,123084,needs_id,2019-12-28,False,0,31.861525,-116.6681277778,class,Ophiuroidea
248339,Heptacarpus,248339,needs_id,2019-12-28,False,0,31.861525,-116.6681277778,class,Malacostraca
123084,Ophiuroidea,123084,needs_id,2019-12-28,False,0,31.8615222222,-116.6681361111,class,Ophiuroidea
367837,Mytilus californianus,367837,needs_id,2019-12-28,False,0,31.86145,-116.6678388889,class,Bivalvia
535329,Pollicipes polymerus,535329,research,2019-12-28,False,0,31.86145,-116.6678388889,class,Thecostraca
531262,Triopha maculata,531262,research,2020-02-17,False,0,31.8630166667,-116.6673666667,class,Gastropoda
382131,Patiria miniata,382131,research,2020-02-15,False,0,31.8628666667,-116.6673444444,class,Asteroidea
575441,Melibe leonina,575441,research,2020-02-07,False,0,31.8630194444,-116.6673444444,class,Gastropoda
386784,Chiton stokesii,386784,research,2017-04-29,False,0,10.942263,-85.7128096,class,Polyplacophora
14355,Stomatopoda,14355,needs_id,2017-04-30,False,0,10.9253412257,-85.800109771,class,Malacostraca
123083,Holothuroidea,123083,needs_id,2017-04-30,False,0,10.9253412257,-85.800109771,class,Holothuroidea
386331,Tonicia forbesii,386331,research,2017-04-30,False,0,10.9253412257,-85.800109771,class,Polyplacophora
206125,Iphione,206125,needs_id,2017-04-30,False,0,10.9253412257,-85.800109771,class,Polychaeta
464493,Pinctada mazatlanica,464493,needs_id,2017-04-30,False,0,10.9253412257,-85.800109771,class,Bivalvia
558,Porifera,558,needs_id,2017-04-30,False,0,10.9253412257,-85.800109771,class,
415414,Gemophos,415414,needs_id,2017-04-30,False,0,10.9253412257,-85.800109771,class,Gastropoda
386331,Tonicia forbesii,386331,research,2017-04-30,False,0,10.9253412257,-85.800109771,class,Polyplacophora
125185,Holothuria (Thymiosycia) impatiens,732340,needs_id,2017-04-30,False,0,10.9253412257,-85.800109771,class,Holothuroidea
513266,Eucidaris thouarsii,513266,needs_id,2017-04-30,False,0,10.9253412257,-85.800109771,class,Echinoidea
1264073,Exaiptasia diaphana,1264073,research,2017-04-30,False,0,10.9253412257,-85.800109771,class,Hexacorallia
117802,Pennaria disticha,117802,needs_id,2017-04-30,False,0,10.9253412257,-85.800109771,class,Hydrozoa
125185,Holothuria (Thymiosycia) impatiens,732340,needs_id,2017-04-30,False,0,10.9253412257,-85.800109771,class,Holothuroidea
513266,Eucidaris thouarsii,513266,needs_id,2017-04-30,False,0,10.9253412257,-85.800109771,class,Echinoidea
985,Sabellidae,985,needs_id,2017-04-30,False,0,10.9253412257,-85.800109771,class,Polychaeta
246351,Neaxius,246351,needs_id,2017-04-30,False,0,10.9253412257,-85.800109771,class,Malacostraca
181218,Pleurobranchus areolatus,181218,research,2017-04-29,False,0,10.942263,-85.7128096,class,Gastropoda
529627,Pseudocnus californicus,529627,needs_id,2017-04-29,False,0,10.942263,-85.7128096,class,Holothuroidea
266129,Rhopalaea birkelandi,266129,research,2017-04-29,False,0,10.942263,-85.7128096,class,Ascidiacea
513266,Eucidaris thouarsii,513266,needs_id,2017-04-29,False,0,10.942263,-85.7128096,class,Echinoidea
529627,Pseudocnus californicus,529627,needs_id,2017-04-29,False,0,10.942263,-85.7128096,class,Holothuroidea
123456,Holothuria,123456,needs_id,2017-04-29,False,0,10.942263,-85.7128096,class,Holothuroidea
123111,Dendrochirotida,123111,needs_id,2017-04-29,False,0,10.942263,-85.7128096,class,Holothuroidea
1360,Actiniaria,1360,needs_id,2017-04-29,False,0,10.942263,-85.7128096,class,Hexacorallia
106325,Bolinopsidae,106325,needs_id,2017-04-29,True,1,10.942263,-85.7128096,class,Tentaculata
592954,Bunodosoma grande,592954,research,2017-04-29,False,0,10.942263,-85.7128096,class,Hexacorallia
513609,Toxopneustes roseus,513609,research,2017-04-29,False,0,10.942263,-85.7128096,class,Echinoidea
217469,Echidna nebulosa,217469,research,2017-04-29,False,0,10.942263,-85.7128096,class,Teleostei
513266,Eucidaris thouarsii,513266,needs_id,2017-04-29,False,0,10.942263,-85.7128096,class,Echinoidea
123084,Ophiuroidea,123084,needs_id,2017-04-29,False,0,10.942263,-85.7128096,class,Ophiuroidea
123111,Dendrochirotida,123111,needs_id,2017-04-29,False,0,10.942263,-85.7128096,class,Holothuroidea
1039511,Catolasmus pilsbryi,1039511,research,2017-04-29,False,0,10.942263,-85.7128096,class,Thecostraca
271900,Muraena lentiginosa,271900,research,2017-04-29,False,0,10.942263,-85.7128096,class,Teleostei
513244,Echinometra vanbrunti,513244,needs_id,2017-04-29,False,0,10.942263,-85.7128096,class,Echinoidea
273126,Ophioblennius steindachneri,273126,research,2017-04-29,False,0,10.942263,-85.7128096,class,Teleostei
117190,Pennaria,117190,needs_id,2017-04-29,False,0,10.942263,-85.7128096,class,Hydrozoa
513609,Toxopneustes roseus,513609,research,2017-04-29,False,0,10.942263,-85.7128096,class,Echinoidea
276658,Stegastes acapulcoensis,276658,needs_id,2017-04-29,False,0,10.942263,-85.7128096,class,Teleostei
513223,Diadema mexicanum,513223,needs_id,2017-04-29,False,0,10.942263,-85.7128096,class,Echinoidea
125523,Carangidae,125523,needs_id,2017-04-29,False,0,10.942263,-85.7128096,class,Teleostei
513619,Tripneustes depressus,513619,research,2017-04-29,False,0,10.942263,-85.7128096,class,Echinoidea
513244,Echinometra vanbrunti,513244,needs_id,2017-04-29,False,0,10.942263,-85.7128096,class,Echinoidea
712980,Aetobatus laticeps,712980,research,2017-04-29,True,3,10.942263,-85.7128096,class,Elasmobranchii
370899,Pentaceraster cumingi,370899,research,2017-04-29,False,0,10.942263,-85.7128096,class,Asteroidea
138268,Octopus,138268,needs_id,2017-04-29,False,0,10.942263,-85.7128096,class,Cephalopoda
513619,Tripneustes depressus,513619,research,2017-04-29,False,0,10.942263,-85.7128096,class,Echinoidea
271900,Muraena lentiginosa,271900,research,2017-04-29,False,0,10.942263,-85.7128096,class,Teleostei
210968,Euapta godeffroyi,210968,needs_id,2017-04-29,False,0,10.942263,-85.7128096,class,Holothuroidea
513223,Diadema mexicanum,513223,needs_id,2017-04-29,False,0,10.942263,-85.7128096,class,Echinoidea
217966,Fistularia commersonii,217966,research,2017-04-29,False,0,10.942263,-85.7128096,class,Teleostei
513266,Eucidaris thouarsii,513266,needs_id,2017-04-29,False,0,10.942263,-85.7128096,class,Echinoidea
513223,Diadema mexicanum,513223,needs_id,2017-04-29,False,0,10.942263,-85.7128096,class,Echinoidea
1264073,Exaiptasia diaphana,1264073,research,2017-04-29,False,0,10.942263,-85.7128096,class,Hexacorallia
1264073,Exaiptasia diaphana,1264073,research,2017-04-29,False,0,10.942263,-85.7128096,class,Hexacorallia
132044,Placospongia,132044,needs_id,2017-04-30,False,0,10.9209212,-85.7999758,class,Demospongiae
123084,Ophiuroidea,123084,needs_id,2017-04-30,False,0,10.9209212,-85.7999758,class,Ophiuroidea
513619,Tripneustes depressus,513619,needs_id,2017-04-30,False,0,10.9209212,-85.7999758,class,Echinoidea
271900,Muraena lentiginosa,271900,research,2024-05-26,False,0,10.853905667,-85.9544582591,class,Teleostei
218853,Cirrhitichthys oxycephalus,218853,research,2024-05-26,True,1,10.853905667,-85.9544582591,class,Teleostei
275756,Halichoeres chierchiae,275756,research,2024-05-26,False,0,10.853905667,-85.9544582591,class,Teleostei
276016,Holacanthus passer,276016,research,2024-05-26,True,1,10.853905667,-85.9544582591,class,Teleostei
529159,Cucumaria flamma,529159,needs_id,2024-05-26,False,0,10.853905667,-85.9544582591,class,Holothuroidea
218865,Oxycirrhites typus,218865,research,2024-05-26,True,1,10.853905667,-85.9544582591,class,Teleostei
275264,Canthigaster punctatissima,275264,research,2024-05-26,False,0,10.853905667,-85.9544582591,class,Teleostei
125302,Leptogorgia,125302,needs_id,2024-05-26,False,0,10.853905667,-85.9544582591,class,Octocorallia
125302,Leptogorgia,125302,needs_id,2024-05-26,False,0,10.853905667,-85.9544582591,class,Octocorallia
279152,Cephalopholis panamensis,279152,research,2024-05-26,False,0,10.853905667,-85.9544582591,class,Teleostei
286209,Leptogorgia alba,286209,needs_id,2024-05-26,False,0,10.853905667,-85.9544582591,class,Octocorallia
271900,Muraena lentiginosa,271900,needs_id,2024-05-26,True,1,10.853905667,-85.9544582591,class,Teleostei
275957,Rypticus bicolor,275957,research,2024-05-26,False,0,10.853905667,-85.9544582591,class,Teleostei
210873,Holothuria (Stauropora) fuscocinerea,1544535,needs_id,2024-05-26,False,0,10.853905667,-85.9544582591,class,Holothuroidea
169650,Aplysina gerardogreeni,169650,research,2024-05-26,True,1,10.853905667,-85.9544582591,class,Demospongiae
291251,Tubastraea coccinea,291251,needs_id,2024-05-26,False,0,10.853905667,-85.9544582591,class,Hexacorallia
513223,Diadema mexicanum,513223,needs_id,2024-05-26,False,0,10.853905667,-85.9544582591,class,Echinoidea
291251,Tubastraea coccinea,291251,needs_id,2024-05-26,False,0,10.853905667,-85.9544582591,class,Hexacorallia
271898,Muraena clepsydra,271898,needs_id,2024-05-26,True,1,10.853905667,-85.9544582591,class,Teleostei
206485,Porites,206485,needs_id,2024-05-26,False,0,10.853905667,-85.9544582591,class,Hexacorallia
210873,Holothuria (Stauropora) fuscocinerea,1544535,needs_id,2024-05-26,False,0,10.853905667,-85.9544582591,class,Holothuroidea
1026118,Mobula birostris,1026118,research,2024-05-26,True,1,10.9274725084,-85.9213088285,class,Elasmobranchii
273858,Epinephelus labriformis,273858,research,2024-05-26,False,0,10.853905667,-85.9544582591,class,Teleostei
273904,Serranus psittacinus,273904,research,2024-05-26,False,0,10.853905667,-85.9544582591,class,Teleostei
464493,Pinctada mazatlanica,464493,needs_id,2024-05-26,False,0,10.853905667,-85.9544582591,class,Bivalvia
105792,Carcharhinus leucas,105792,research,2024-05-26,True,3,10.9501970992,-85.8922836336,class,Elasmobranchii
276658,Stegastes acapulcoensis,276658,needs_id,2024-03-03,False,0,11.025629,-85.751292,class,Teleostei
275264,Canthigaster punctatissima,275264,research,2024-03-03,False,0,11.025629,-85.751292,class,Teleostei
513223,Diadema mexicanum,513223,needs_id,2024-03-03,False,0,11.025629,-85.751292,class,Echinoidea
123111,Dendrochirotida,123111,needs_id,2024-03-03,False,0,11.025629,-85.751292,class,Holothuroidea
123083,Holothuroidea,123083,needs_id,2024-03-03,False,0,10.942263,-85.7128096,class,Holothuroidea
513244,Echinometra vanbrunti,513244,needs_id,2024-03-03,False,0,11.025629,-85.751292,class,Echinoidea
592954,Bunodosoma grande,592954,research,2024-03-03,False,0,11.025629,-85.751292,class,Hexacorallia
206938,Pocillopora,206938,needs_id,2024-03-03,False,0,10.942263,-85.7128096,class,Hexacorallia
1580692,Azurina atrilobata,1580692,needs_id,2024-03-03,False,0,10.942263,-85.7128096,class,Teleostei
289201,Pavona gigantea,289201,needs_id,2024-03-03,False,0,10.942263,-85.7128096,class,Hexacorallia
254919,Nidorellia armata,254919,research,2024-03-03,False,0,10.942263,-85.7128096,class,Asteroidea
217966,Fistularia commersonii,217966,research,2024-03-03,False,0,10.942263,-85.7128096,class,Teleostei
219926,Arothron meleagris,219926,research,2024-03-03,True,1,10.942263,-85.7128096,class,Teleostei
513223,Diadema mexicanum,513223,needs_id,2024-03-03,False,0,10.942263,-85.7128096,class,Echinoidea
125449,Synodontidae,125449,needs_id,2024-03-03,False,0,11.025629,-85.751292,class,Teleostei
11718,Octopoda,11718,needs_id,2024-03-03,False,0,11.025629,-85.751292,class,Cephalopoda
145,Naticidae,145,needs_id,2024-03-02,False,0,10.9737363,-85.7461548,class,Gastropoda
410241,Malea ringens,410241,research,2024-03-02,False,0,10.9737363,-85.7461548,class,Gastropoda
291114,Stellamedusa ventana,291114,research,2024-03-02,True,3,10.9737363,-85.7461548,class,Scyphozoa
982,Terebellidae,982,needs_id,2024-03-02,False,0,10.9737363,-85.7461548,class,Polychaeta
988,Serpulidae,988,needs_id,2024-03-02,False,0,10.9737363,-85.7461548,class,Polychaeta
529159,Cucumaria flamma,529159,needs_id,2024-03-02,False,0,10.9737363,-85.7461548,class,Holothuroidea
988,Serpulidae,988,needs_id,2024-03-02,False,0,10.9737363,-85.7461548,class,Polychaeta
252289,Botrylloides niger,252289,needs_id,2024-03-02,False,0,10.9737363,-85.7461548,class,Ascidiacea
137224,Pyrosoma,137224,needs_id,2024-03-02,False,0,10.9737363,-85.7461548,class,Thaliacea
1774,Ostreida,1774,needs_id,2024-03-02,True,1,10.9737363,-85.7461548,class,Bivalvia
291251,Tubastraea coccinea,291251,needs_id,2024-03-02,False,0,10.9737363,-85.7461548,class,Hexacorallia
137213,Pyrosomatida,137213,needs_id,2024-03-02,False,0,10.9737363,-85.7461548,class,Thaliacea
982,Terebellidae,982,needs_id,2024-03-02,False,0,10.9737363,-85.7461548,class,Polychaeta
513609,Toxopneustes roseus,513609,needs_id,2024-03-02,False,0,10.9737363,-85.7461548,class,Echinoidea
513266,Eucidaris thouarsii,513266,needs_id,2024-03-02,False,0,10.9737363,-85.7461548,class,Echinoidea
292797,Phataria unifascialis,292797,needs_id,2024-03-02,False,0,10.9737363,-85.7461548,class,Asteroidea
286209,Leptogorgia alba,286209,needs_id,2024-03-02,False,0,10.9737363,-85.7461548,class,Octocorallia
529159,Cucumaria flamma,529159,needs_id,2024-03-02,False,0,10.9737363,-85.7461548,class,Holothuroidea
123084,Ophiuroidea,123084,needs_id,2024-03-02,False,0,10.9737363,-85.7461548,class,Ophiuroidea
291114,Stellamedusa ventana,291114,research,2024-03-02,True,4,10.9737363,-85.7461548,class,Scyphozoa
441967,Stenorhynchus debilis,441967,research,2024-03-02,False,0,10.9737363,-85.7461548,class,Malacostraca
137213,Pyrosomatida,137213,needs_id,2024-03-02,False,0,10.9737363,-85.7461548,class,Thaliacea
558502,Chromolaichma sedna,558502,research,2024-03-02,True,2,10.9737363,-85.7461548,class,Gastropoda
513223,Diadema mexicanum,513223,needs_id,2024-03-02,False,0,10.9737363,-85.7461548,class,Echinoidea
254919,Nidorellia armata,254919,needs_id,2024-03-02,False,0,10.9737363,-85.7461548,class,Asteroidea
117802,Pennaria disticha,117802,needs_id,2024-05-25,False,0,10.9443855311,-85.7125593335,class,Hydrozoa
203822,Stegastes,203822,needs_id,2024-05-25,False,0,10.9437956433,-85.7111002118,class,Teleostei
271898,Muraena clepsydra,271898,research,2024-05-25,True,2,10.9449754176,-85.7129026562,class,Teleostei
513609,Toxopneustes roseus,513609,needs_id,2024-05-25,False,0,10.9436271037,-85.7109285504,class,Echinoidea
513609,Toxopneustes roseus,513609,needs_id,2024-05-25,False,0,10.9441327222,-85.711872688,class,Echinoidea
271900,Muraena lentiginosa,271900,research,2024-05-25,False,0,10.9439641828,-85.7133318097,class,Teleostei
206732,Cephalopholis,206732,needs_id,2024-05-25,False,0,10.9443855311,-85.7129884869,class,Teleostei
286209,Leptogorgia alba,286209,needs_id,2024-05-25,False,0,10.9444698006,-85.7133318097,class,Octocorallia
266129,Rhopalaea birkelandi,266129,research,2024-05-25,False,0,10.9446383397,-85.7127309948,class,Ascidiacea
123179,Toxopneustidae,123179,needs_id,2024-05-25,False,0,10.9449754176,-85.7133318097,class,Echinoidea
289201,Pavona gigantea,289201,needs_id,2024-05-25,False,0,10.9444698006,-85.7142759472,class,Hexacorallia
513609,Toxopneustes roseus,513609,needs_id,2024-05-25,False,0,10.9453124951,-85.7145334393,class,Echinoidea
513266,Eucidaris thouarsii,513266,needs_id,2024-05-25,False,0,10.9461773805,-85.715659543,class,Echinoidea
131868,Clathria,131868,needs_id,2024-05-25,False,0,10.945059687,-85.7138467938,class,Demospongiae
289201,Pavona gigantea,289201,needs_id,2024-05-25,False,0,10.9448700611,-85.713085462,class,Hexacorallia
292797,Phataria unifascialis,292797,needs_id,2024-05-25,False,0,10.9448700611,-85.7131712927,class,Asteroidea
529516,Isostichopus fuscus,529516,needs_id,2024-05-25,False,0,10.8074416368,-85.7754379417,class,Holothuroidea
292797,Phataria unifascialis,292797,needs_id,2024-05-25,False,0,10.9447857917,-85.7134287847,class,Asteroidea
291251,Tubastraea coccinea,291251,needs_id,2024-05-25,False,0,10.9442801744,-85.7136004461,class,Hexacorallia
131868,Clathria,131868,needs_id,2024-05-25,False,0,10.9437745562,-85.711712171,class,Demospongiae
513266,Eucidaris thouarsii,513266,needs_id,2024-05-25,False,0,10.9441959047,-85.7145445837,class,Echinoidea
529159,Cucumaria flamma,529159,needs_id,2024-05-25,False,0,10.9445340915,-85.714566039,class,Holothuroidea
219925,Arothron hispidus,219925,research,2024-05-25,True,1,10.9435410534,-85.7136648157,class,Teleostei
529159,Cucumaria flamma,529159,needs_id,2024-05-25,False,0,10.943609365,-85.7135789827,class,Holothuroidea
513609,Toxopneustes roseus,513609,needs_id,2024-05-25,False,0,10.9434089174,-85.713235656,class,Echinoidea
1292,Anthozoa,1292,needs_id,2024-05-25,False,0,10.9431823257,-85.7119052789,class,
123084,Ophiuroidea,123084,needs_id,2024-05-25,False,0,10.942897683,-85.7131927353,class,Ophiuroidea
513266,Eucidaris thouarsii,513266,needs_id,2024-05-25,False,0,10.9432034598,-85.7106738953,class,Echinoidea
292795,Pharia pyramidata,292795,needs_id,2024-05-25,False,0,10.9421074776,-85.7133083443,class,Asteroidea
1475481,Ascidia sideralis,1475481,needs_id,2024-05-25,False,0,10.9448841131,-85.7120274141,class,Ascidiacea
1475481,Ascidia sideralis,1475481,needs_id,2024-05-25,False,0,10.9445470351,-85.71151243,class,Ascidiacea
266129,Rhopalaea birkelandi,266129,needs_id,2024-05-25,False,0,10.9445470351,-85.7117699221,class,Ascidiacea
291251,Tubastraea coccinea,291251,needs_id,2024-05-25,False,0,10.9442942264,-85.7117699221,class,Hexacorallia
291251,Tubastraea coccinea,291251,needs_id,2024-05-25,False,0,10.9447155742,-85.71151243,class,Hexacorallia
291251,Tubastraea coccinea,291251,needs_id,2024-05-25,False,0,10.9445470351,-85.7115982607,class,Hexacorallia
100766,Telmatactis,100766,needs_id,2024-05-25,False,0,10.9445470351,-85.7112549379,class,Hexacorallia
289201,Pavona gigantea,289201,needs_id,2024-05-25,False,0,10.9447155742,-85.7115982607,class,Hexacorallia
138268,Octopus,138268,needs_id,2024-05-25,False,0,10.9446313047,-85.7112549379,class,Cephalopoda
138268,Octopus,138268,needs_id,2024-05-25,False,0,10.9442942264,-85.7113407686,class,Cephalopoda
131868,Clathria,131868,needs_id,2024-05-25,False,0,10.944378496,-85.7111691072,class,Demospongiae
513266,Eucidaris thouarsii,513266,needs_id,2024-05-25,False,0,10.9445470351,-85.7112549379,class,Echinoidea
513266,Eucidaris thouarsii,513266,needs_id,2024-05-25,False,0,10.9444832582,-85.7111690994,class,Echinoidea
131868,Clathria,131868,needs_id,2024-05-25,False,0,10.9445993773,-85.711254934,class,Demospongiae
513266,Eucidaris thouarsii,513266,needs_id,2024-05-25,False,0,10.9439458208,-85.7108257727,class,Echinoidea
127403,Diodon hystrix,127403,research,2024-05-25,True,1,10.9439982774,-85.7109974302,class,Teleostei
206732,Cephalopholis,206732,needs_id,2024-05-25,False,0,10.9441509139,-85.7112549183,class,Teleostei
513138,Astropyga pulvinata,513138,needs_id,2024-05-25,False,0,10.9436135041,-85.7112549144,class,Echinoidea
290437,Myriopathes panamensis,290437,needs_id,2024-03-02,False,0,10.9433763512,-85.7125955269,class,Hexacorallia
370915,Mithrodia bradleyi,370915,needs_id,2024-03-02,False,0,10.9436291608,-85.7122522041,class,Asteroidea
271900,Muraena lentiginosa,271900,research,2024-03-02,True,1,10.9437134306,-85.7126813576,class,Teleostei
367402,Aniculus elegans,367402,research,2024-03-03,False,0,10.9443033185,-85.7126813576,class,Malacostraca
513266,Eucidaris thouarsii,513266,needs_id,2024-03-03,False,0,10.9438819701,-85.712853019,class,Echinoidea
513266,Eucidaris thouarsii,513266,needs_id,2024-03-03,False,0,10.9440505095,-85.7130246803,class,Echinoidea
273584,Thalassoma lucasanum,273584,research,2024-03-02,True,1,10.9445401723,-85.7131963417,class,Teleostei
513223,Diadema mexicanum,513223,needs_id,2024-03-02,False,0,10.945214328,-85.712853019,class,Echinoidea
513223,Diadema mexicanum,513223,needs_id,2024-03-02,False,0,10.9443716332,-85.7131963417,class,Echinoidea
529159,Cucumaria flamma,529159,needs_id,2024-03-02,False,0,10.9446244419,-85.712853019,class,Holothuroidea
529159,Cucumaria flamma,529159,needs_id,2024-03-02,False,0,10.944203094,-85.712853019,class,Holothuroidea
291251,Tubastraea coccinea,291251,needs_id,2024-03-02,False,0,10.944203094,-85.7129388497,class,Hexacorallia
513619,Tripneustes depressus,513619,needs_id,2024-03-02,False,0,10.9443716332,-85.7125955269,class,Echinoidea
274726,Scorpaena mystes,274726,needs_id,2024-03-02,False,0,10.9442873636,-85.7130246803,class,Teleostei
206938,Pocillopora,206938,needs_id,2024-03-03,False,0,10.9439502849,-85.7126813576,class,Hexacorallia
292797,Phataria unifascialis,292797,needs_id,2024-03-02,False,0,10.9443716332,-85.7123380348,class,Asteroidea
292795,Pharia pyramidata,292795,needs_id,2024-03-02,False,0,10.9439502849,-85.712853019,class,Asteroidea
289201,Pavona gigantea,289201,needs_id,2024-03-02,False,0,10.9436655075,-85.7130246764,class,Hexacorallia
464493,Pinctada mazatlanica,464493,needs_id,2024-03-02,False,0,10.9436655075,-85.7122307453,class,Bivalvia
219925,Arothron hispidus,219925,research,2024-03-02,True,1,10.9436916751,-85.7134752768,class,Teleostei
1475481,Ascidia sideralis,1475481,needs_id,2024-03-02,False,0,10.9430698969,-85.7127027967,class,Ascidiacea
117190,Pennaria,117190,needs_id,2024-06-23,False,0,10.9699023348,-85.7244825736,class,Hydrozoa
219926,Arothron meleagris,219926,research,2024-05-25,False,0,10.942263,-85.7128096,order,Tetraodontiformes
203822,Stegastes,203822,needs_id,2024-05-25,False,0,10.942263,-85.7128096,order,Ovalentaria incertae sedis
138268,Octopus,138268,needs_id,2024-05-25,False,0,10.942263,-85.7128096,order,Octopoda
11718,Octopoda,11718,needs_id,2024-05-25,False,0,10.942263,-85.7128096,order,Octopoda
281202,Johnrandallia nigrirostris,281202,research,2024-05-25,True,1,10.942263,-85.7128096,order,Acanthuriformes
123083,Holothuroidea,123083,needs_id,2024-05-25,False,0,10.942263,-85.7128096,order,
596162,Hexaplex princeps,596162,needs_id,2024-05-25,False,0,10.942263,-85.7128096,order,Neogastropoda
596162,Hexaplex princeps,596162,research,2024-05-25,False,0,10.942263,-85.7128096,order,Neogastropoda
275780,Halichoeres nicholsi,275780,research,2024-05-25,False,0,10.942263,-85.7128096,order,Eupercaria incertae sedis
275780,Halichoeres nicholsi,275780,research,2024-05-25,False,0,10.942263,-85.7128096,order,Eupercaria incertae sedis
275729,Haemulon maculicauda,275729,needs_id,2024-05-25,False,0,10.942263,-85.7128096,order,Eupercaria incertae sedis
275763,Halichoeres dispilus,275763,research,2024-05-25,False,0,10.942263,-85.7128096,order,Eupercaria incertae sedis
275763,Halichoeres dispilus,275763,research,2024-05-25,False,0,10.942263,-85.7128096,order,Eupercaria incertae sedis
219926,Arothron meleagris,219926,research,2024-05-25,False,0,10.942263,-85.7128096,order,Tetraodontiformes
219926,Arothron meleagris,219926,research,2024-05-25,False,0,10.942263,-85.7128096,order,Tetraodontiformes
1006825,Urobatis pardalis,1006825,research,2024-03-02,True,1,10.942263,-85.7128096,order,Myliobatiformes
281202,Johnrandallia nigrirostris,281202,research,2024-03-02,False,0,10.942263,-85.7128096,order,Acanthuriformes
275736,Haemulon sexfasciatum,275736,research,2024-09-07,False,0,8.707268,-83.8817571,order,Eupercaria incertae sedis
275736,Haemulon sexfasciatum,275736,research,2024-09-07,False,0,8.707268,-83.8817571,order,Eupercaria incertae sedis
214557,Triaenodon obesus,214557,research,2024-09-07,True,1,8.707268,-83.8817571,order,Carcharhiniformes
276853,Sufflamen verres,276853,research,2024-09-07,True,1,8.707268,-83.8817571,order,Tetraodontiformes
275736,Haemulon sexfasciatum,275736,research,2024-09-07,False,0,8.707268,-83.8817571,order,Eupercaria incertae sedis
276668,Stegastes flavilatus,276668,research,2024-09-07,False,0,8.707268,-83.8817571,order,Ovalentaria incertae sedis
273858,Epinephelus labriformis,273858,research,2024-09-07,False,0,8.707268,-83.8817571,order,Perciformes
220083,Zanclus cornutus,220083,research,2024-09-07,True,1,8.707268,-83.8817571,order,Acanthuriformes
219127,Scarus ghobban,219127,research,2024-09-07,False,0,8.707268,-83.8817571,order,Eupercaria incertae sedis
220083,Zanclus cornutus,220083,research,2024-09-07,True,1,8.707268,-83.8817571,order,Acanthuriformes
279161,Pseudobalistes naufragium,279161,research,2024-09-07,True,1,8.707268,-83.8817571,order,Tetraodontiformes
137206,Chelonia mydas,137206,research,2024-09-07,True,1,8.7971672682,-83.8527784564,order,Testudines
137207,Eretmochelys imbricata,137207,needs_id,2024-09-07,False,0,8.7873358677,-83.8849494309,order,Testudines
137206,Chelonia mydas,137206,research,2024-09-07,True,2,8.7140343124,-83.8628258593,order,Testudines
219634,Acanthurus xanthopterus,219634,research,2024-09-07,False,0,8.707268,-83.8817571,order,Acanthuriformes
276552,Lutjanus viridis,276552,research,2024-09-07,False,0,8.707268,-83.8817571,order,Eupercaria incertae sedis
1750630,Cephalopholis colonus,1750630,research,2024-09-07,False,0,8.707268,-83.8817571,order,Perciformes
273343,Chaetodon humeralis,273343,research,2024-09-07,False,0,8.707268,-83.8817571,order,Acanthuriformes
218419,Caranx melampygus,218419,research,2024-09-07,False,0,8.707268,-83.8817571,order,Carangiformes
1750630,Cephalopholis colonus,1750630,research,2024-09-07,False,0,8.707268,-83.8817571,order,Perciformes
273271,Caranx caballus,273271,research,2024-09-07,False,0,8.707268,-83.8817571,order,Carangiformes
219638,Acanthurus nigricans,219638,research,2024-09-07,True,2,8.707268,-83.8817571,order,Acanthuriformes
217495,Gymnothorax flavimarginatus,217495,research,2024-09-07,True,1,8.707268,-83.8817571,order,Anguilliformes
276016,Holacanthus passer,276016,research,2024-09-07,True,1,8.707268,-83.8817571,order,Acanthuriformes
275729,Haemulon maculicauda,275729,research,2024-09-07,False,0,8.707268,-83.8817571,order,Eupercaria incertae sedis
219926,Arothron meleagris,219926,research,2024-09-07,True,1,8.707268,-83.8817571,order,Tetraodontiformes
274726,Scorpaena mystes,274726,research,2024-09-07,False,0,8.707268,-83.8817571,order,Perciformes
267665,Pacifigorgia,267665,needs_id,2024-09-07,False,0,8.707268,-83.8817571,order,Malacalcyonacea
291251,Tubastraea coccinea,291251,needs_id,2024-09-07,False,0,8.707268,-83.8817571,order,Scleractinia
137206,Chelonia mydas,137206,research,2024-09-07,True,2,8.7967569907,-83.9283276902,order,Testudines
267665,Pacifigorgia,267665,needs_id,2024-09-07,False,0,8.707268,-83.8817571,order,Malacalcyonacea
217495,Gymnothorax flavimarginatus,217495,research,2024-09-07,True,1,8.707268,-83.8817571,order,Anguilliformes
137207,Eretmochelys imbricata,137207,research,2024-09-07,False,0,8.66389313,-83.9662430933,order,Testudines
218429,Gnathanodon speciosus,218429,research,2024-09-07,False,0,8.707268,-83.8817571,order,Carangiformes
214557,Triaenodon obesus,214557,research,2024-09-07,True,1,8.707268,-83.8817571,order,Carcharhiniformes
279152,Cephalopholis panamensis,279152,research,2024-09-07,False,0,8.707268,-83.8817571,order,Perciformes
217927,Myripristis berndti,217927,research,2024-09-07,False,0,8.707268,-83.8817571,order,Holocentriformes
286209,Leptogorgia alba,286209,research,2024-09-07,False,0,8.707268,-83.8817571,order,Malacalcyonacea
289201,Pavona gigantea,289201,needs_id,2024-09-07,False,0,8.707268,-83.8817571,order,Scleractinia
281202,Johnrandallia nigrirostris,281202,research,2024-09-07,False,0,8.707268,-83.8817571,order,Acanthuriformes
218853,Cirrhitichthys oxycephalus,218853,research,2024-09-07,True,1,8.707268,-83.8817571,order,Centrarchiformes
206938,Pocillopora,206938,needs_id,2024-09-07,False,0,8.707268,-83.8817571,order,Scleractinia
218378,Malacanthus brevirostris,218378,research,2024-09-07,False,0,8.707268,-83.8817571,order,Eupercaria incertae sedis
138518,Spondylus,138518,needs_id,2024-09-07,True,1,8.707268,-83.8817571,order,Pectinida
219124,Scarus rubroviolaceus,219124,research,2024-09-07,False,0,8.707268,-83.8817571,order,Eupercaria incertae sedis
219124,Scarus rubroviolaceus,219124,research,2024-09-07,False,0,8.707268,-83.8817571,order,Eupercaria incertae sedis
164811,Demospongiae,164811,needs_id,2024-09-07,True,2,8.707268,-83.8817571,order,
286209,Leptogorgia alba,286209,research,2024-09-07,False,0,8.707268,-83.8817571,order,Malacalcyonacea
218419,Caranx melampygus,218419,research,2024-09-07,False,0,8.707268,-83.8817571,order,Carangiformes
138268,Octopus,138268,needs_id,2024-09-07,True,1,8.707268,-83.8817571,order,Octopoda
275736,Haemulon sexfasciatum,275736,research,2024-09-07,False,0,8.707268,-83.8817571,order,Eupercaria incertae sedis
273271,Caranx caballus,273271,research,2024-09-07,False,0,8.707268,-83.8817571,order,Carangiformes
273858,Epinephelus labriformis,273858,research,2024-09-07,False,0,8.707268,-83.8817571,order,Perciformes
137206,Chelonia mydas,137206,research,2024-09-07,True,2,8.6098446021,-83.8222139915,order,Testudines
267665,Pacifigorgia,267665,needs_id,2024-09-07,False,0,8.707268,-83.8817571,order,Malacalcyonacea
137206,Chelonia mydas,137206,research,2024-09-07,True,1,8.6856444425,-83.8951780241,order,Testudines
1042860,Hypanus longus,1042860,research,2024-09-07,True,1,8.707268,-83.8817571,order,Myliobatiformes
219925,Arothron hispidus,219925,research,2024-09-07,True,1,8.707268,-83.8817571,order,Tetraodontiformes
279624,Anisotremus taeniatus,279624,research,2024-09-07,False,0,8.707268,-83.8817571,order,Eupercaria incertae sedis
275729,Haemulon maculicauda,275729,needs_id,2024-09-07,False,0,8.707268,-83.8817571,order,Eupercaria incertae sedis
276524,Lutjanus argentiventris,276524,research,2024-09-07,False,0,8.707268,-83.8817571,order,Eupercaria incertae sedis
281087,Hoplopagrus guentherii,281087,research,2024-09-07,False,0,8.707268,-83.8817571,order,Eupercaria incertae sedis
206485,Porites,206485,needs_id,2024-09-07,False,0,8.707268,-83.8817571,order,Scleractinia
1778,Limidae,1778,needs_id,2024-09-07,False,0,8.707268,-83.8817571,order,Limida
214557,Triaenodon obesus,214557,research,2024-09-07,True,1,8.707268,-83.8817571,order,Carcharhiniformes
218853,Cirrhitichthys oxycephalus,218853,research,2024-09-07,True,1,8.707268,-83.8817571,order,Centrarchiformes
125484,Antennariidae,125484,needs_id,2024-09-07,False,0,8.707268,-83.8817571,order,Lophiiformes
276028,Pomacanthus zonipectus,276028,research,2017-06-18,False,0,8.5685573091,-83.2666979222,order,Acanthuriformes
217469,Echidna nebulosa,217469,research,2017-06-18,True,1,8.5685573091,-83.2666979222,order,Anguilliformes
123111,Dendrochirotida,123111,needs_id,2017-06-18,False,0,8.5685573091,-83.2666979222,order,Dendrochirotida
275729,Haemulon maculicauda,275729,needs_id,2017-06-18,False,0,8.5685573091,-83.2666979222,order,Eupercaria incertae sedis
132044,Placospongia,132044,needs_id,2017-06-18,False,0,8.5685573091,-83.2666979222,order,Clionaida
281087,Hoplopagrus guentherii,281087,research,2017-06-18,False,0,8.5685573091,-83.2666979222,order,Eupercaria incertae sedis
273272,Caranx caninus,273272,needs_id,2017-06-18,False,0,8.5685573091,-83.2666979222,order,Carangiformes
279161,Pseudobalistes naufragium,279161,needs_id,2017-06-18,False,0,8.5685573091,-83.2666979222,order,Tetraodontiformes
283177,Xenichthys xanti,283177,needs_id,2017-06-18,False,0,8.5685573091,-83.2666979222,order,Eupercaria incertae sedis
273702,Abudefduf troschelii,273702,research,2017-06-18,False,0,8.5685573091,-83.2666979222,order,Ovalentaria incertae sedis
464493,Pinctada mazatlanica,464493,research,2017-06-18,False,0,8.5685573091,-83.2666979222,order,Ostreida
107459,Plagusia depressa,107459,research,2023-04-29,True,1,9.7337,-82.8090805556,order,Decapoda
213380,Echinometra lucunter,213380,needs_id,2023-04-28,False,0,9.7454472222,-82.8538055556,order,Camarodonta
1360,Actiniaria,1360,needs_id,2023-04-28,False,0,9.7444861111,-82.8546611111,order,Actiniaria
206071,Sabellastarte,206071,needs_id,2023-04-28,True,1,9.7453111111,-82.8537527778,order,Sabellida
123083,Holothuroidea,123083,needs_id,2023-04-28,False,0,9.7452722222,-82.8536972222,order,
1264073,Exaiptasia diaphana,1264073,needs_id,2023-04-28,True,1,9.7452888889,-82.8537611111,order,Actiniaria
124454,Euapta lappa,124454,needs_id,2023-04-30,False,0,9.6454900767,-82.6873418137,order,Apodida
124454,Euapta lappa,124454,needs_id,2023-04-30,False,0,9.6454900767,-82.6873418137,order,Apodida
291135,Stichodactyla helianthus,291135,research,2023-04-30,False,0,9.6454900767,-82.6873418137,order,Actiniaria
288456,Palythoa caribaeorum,288456,research,2023-04-30,False,0,9.6454900767,-82.6873418137,order,Zoantharia
179659,Echinometra,179659,needs_id,2023-04-30,False,0,9.6454900767,-82.6873418137,order,Camarodonta
123084,Ophiuroidea,123084,needs_id,2023-04-30,False,0,9.6454900767,-82.6873418137,order,
159786,Thalassoma bifasciatum,159786,research,2023-04-30,True,3,9.6454900767,-82.6873418137,order,Eupercaria incertae sedis
205902,Millepora,205902,needs_id,2023-04-30,False,0,9.6454900767,-82.6873418137,order,Anthoathecata
287421,Millepora complanata,287421,needs_id,2023-04-30,False,0,9.6454900767,-82.6873418137,order,Anthoathecata
396741,Eucidaris tribuloides,396741,needs_id,2023-04-30,False,0,9.6454900767,-82.6873418137,order,Cidaroida
422493,Echinometra viridis,422493,needs_id,2023-04-30,False,0,9.6454900767,-82.6873418137,order,Camarodonta
124332,Diadema antillarum,124332,needs_id,2023-04-30,False,0,9.6454900767,-82.6873418137,order,Diadematoida
828326,Pseudodiploria clivosa,828326,needs_id,2023-04-30,False,0,9.6454900767,-82.6873418137,order,Scleractinia
124332,Diadema antillarum,124332,needs_id,2023-04-30,False,0,9.6454900767,-82.6873418137,order,Diadematoida
289826,Diploria labyrinthiformis,289826,needs_id,2023-04-30,False,0,9.6454900767,-82.6873418137,order,Scleractinia
422490,Tripneustes ventricosus,422490,needs_id,2023-04-30,False,0,9.6454900767,-82.6873418137,order,Camarodonta
287916,Agaricia tenuifolia,287916,needs_id,2023-04-30,False,0,9.7877339665,-82.6790261697,order,Scleractinia
422490,Tripneustes ventricosus,422490,needs_id,2023-04-30,False,0,9.6454900767,-82.6873418137,order,Camarodonta
828326,Pseudodiploria clivosa,828326,needs_id,2023-04-30,False,0,9.6454900767,-82.6873418137,order,Scleractinia
207517,Siderastrea radians,207517,needs_id,2023-04-30,False,0,9.6454900767,-82.6873418137,order,Scleractinia
100682,Arachnactidae,100682,needs_id,2023-04-30,True,1,9.6454900767,-82.6873418137,order,Ceriantharia
828326,Pseudodiploria clivosa,828326,needs_id,2023-04-30,False,0,9.6454900767,-82.6873418137,order,Scleractinia
287421,Millepora complanata,287421,needs_id,2023-04-29,False,0,9.7395788739,-82.8174400058,order,Anthoathecata
123083,Holothuroidea,123083,needs_id,2023-04-29,False,0,9.7395788739,-82.8174400058,order,
123083,Holothuroidea,123083,needs_id,2023-04-29,False,0,9.7395788739,-82.8174400058,order,
123083,Holothuroidea,123083,needs_id,2023-04-29,False,0,9.7395788739,-82.8174400058,order,
123083,Holothuroidea,123083,needs_id,2023-04-29,False,0,9.7395788739,-82.8174400058,order,
123083,Holothuroidea,123083,needs_id,2023-04-29,False,0,9.7395788739,-82.8174400058,order,
123083,Holothuroidea,123083,needs_id,2023-04-29,False,0,9.7395788739,-82.8174400058,order,
123083,Holothuroidea,123083,needs_id,2023-04-29,False,0,9.7395788739,-82.8174400058,order,
302432,Caranx ruber,302432,research,2023-04-29,True,1,9.7395788739,-82.8174400058,order,Carangiformes
129831,Hermodice carunculata,129831,research,2023-04-29,False,0,9.7395788739,-82.8174400058,order,Amphinomida
123083,Holothuroidea,123083,needs_id,2023-04-29,False,0,9.7395788739,-82.8174400058,order,
159559,Pterois volitans,159559,research,2023-04-29,True,1,9.7395788739,-82.8174400058,order,Perciformes
275727,Haemulon flavolineatum,275727,research,2023-04-29,False,0,9.7395788739,-82.8174400058,order,Eupercaria incertae sedis
159797,Lutjanus griseus,159797,research,2023-04-29,True,1,9.7395788739,-82.8174400058,order,Eupercaria incertae sedis
279625,Anisotremus virginicus,279625,research,2023-04-29,True,1,9.7395788739,-82.8174400058,order,Eupercaria incertae sedis
302312,Caranx bartholomaei,302312,research,2023-04-29,True,1,9.7395788739,-82.8174400058,order,Carangiformes
159581,Acanthurus coeruleus,159581,needs_id,2023-04-29,True,1,9.7395788739,-82.8174400058,order,Acanthuriformes
125540,Kyphosidae,125540,needs_id,2023-04-29,False,0,9.7395788739,-82.8174400058,order,Centrarchiformes
396741,Eucidaris tribuloides,396741,needs_id,2023-04-29,False,0,9.7395788739,-82.8174400058,order,Cidaroida
124332,Diadema antillarum,124332,needs_id,2023-04-29,False,0,9.7395788739,-82.8174400058,order,Diadematoida
124332,Diadema antillarum,124332,needs_id,2023-04-29,False,0,9.7395788739,-82.8174400058,order,Diadematoida
207516,Siderastrea siderea,207516,needs_id,2023-04-29,False,0,9.7395788739,-82.8174400058,order,Scleractinia
708859,Antillogorgia americana,708859,needs_id,2023-04-29,False,0,9.7395788739,-82.8174400058,order,Malacalcyonacea
828326,Pseudodiploria clivosa,828326,needs_id,2023-04-29,False,0,9.7395788739,-82.8174400058,order,Scleractinia
207516,Siderastrea siderea,207516,needs_id,2023-04-29,False,0,9.7395788739,-82.8174400058,order,Scleractinia
125277,Plexauridae,125277,needs_id,2023-04-29,False,0,9.7395788739,-82.8174400058,order,Malacalcyonacea
288227,Acropora palmata,288227,research,2023-04-29,False,0,9.7912710479,-82.8450940607,order,Scleractinia
140059,Haliotis tuberculata,140059,research,2018-03-24,True,1,28.5766924755,-16.329363585,order,Lepetellida
135181,Balanophyllia (Balanophyllia) regia,1442415,needs_id,2018-03-24,False,0,28.5766924755,-16.329363585,order,Scleractinia
123795,Coscinasterias tenuispina,123795,research,2018-03-24,True,1,28.5766924755,-16.329363585,order,Forcipulatida
126772,Parablennius parvicornis,126772,research,2018-03-24,False,0,28.5766924755,-16.329363585,order,Blenniiformes
123795,Coscinasterias tenuispina,123795,research,2018-03-24,False,0,28.5766924755,-16.329363585,order,Forcipulatida
126970,Thalassoma pavo,126970,research,2018-03-24,True,1,28.5766924755,-16.329363585,order,Eupercaria incertae sedis
149855,Echinacea,149855,needs_id,2018-03-24,True,2,28.5766924755,-16.329363585,order,
124316,Paracentrotus lividus,124316,research,2018-03-24,True,1,28.5766924755,-16.329363585,order,Camarodonta
888371,Enthemonae,888371,needs_id,2018-03-24,True,2,28.5766924755,-16.329363585,order,Actiniaria
100808,Anemonia viridis,100808,research,2018-03-24,False,0,28.5766924755,-16.329363585,order,Actiniaria
135479,Physalia physalis,135479,research,2018-03-24,True,2,28.5766924755,-16.329363585,order,Siphonophorae
124316,Paracentrotus lividus,124316,research,2018-03-24,False,0,28.5766924755,-16.329363585,order,Camarodonta
124316,Paracentrotus lividus,124316,research,2018-03-24,False,0,28.5766924755,-16.329363585,order,Camarodonta
138758,Aplysia punctata,138758,needs_id,2018-03-24,True,1,28.5766924755,-16.329363585,order,Aplysiida
123795,Coscinasterias tenuispina,123795,research,2018-03-24,True,1,28.5766924755,-16.329363585,order,Forcipulatida
100808,Anemonia viridis,100808,research,2018-03-24,True,1,28.5766924755,-16.329363585,order,Actiniaria
889885,Similiparma lurida,889885,research,2018-03-24,True,1,28.5766924755,-16.329363585,order,Ovalentaria incertae sedis
123795,Coscinasterias tenuispina,123795,research,2018-03-24,False,0,28.5766924755,-16.329363585,order,Forcipulatida
135181,Balanophyllia (Balanophyllia) regia,1442415,needs_id,2018-03-24,False,0,28.5766924755,-16.329363585,order,Scleractinia
138753,Aplysia dactylomela,138753,research,2018-03-24,True,2,28.5766924755,-16.329363585,order,Aplysiida
100770,Metridium,100770,needs_id,2019-07-30,False,0,48.5455569954,-123.0130950756,order,Actiniaria
1718121,Haliclystus sanjuanensis,1718121,research,2019-07-31,False,0,48.4509722222,-122.9621361111,order,Stauromedusae
558913,Armina californica,558913,research,2019-07-22,False,0,48.5455027778,-123.0134416667,order,Nudibranchia
100833,Urticina eques,100833,needs_id,2019-08-12,False,0,48.5456194444,-123.0135416667,order,Actiniaria
575156,Haminoea vesicula,575156,needs_id,2019-08-11,False,0,48.5457916667,-123.0129916667,order,Cephalaspidea
131641,Microcionidae,131641,needs_id,2019-07-31,True,1,48.4507305556,-122.9624472222,order,Poecilosclerida
369177,Leptasterias hexactis,369177,needs_id,2019-07-31,False,0,48.4509722222,-122.9621361111,order,Forcipulatida
283347,Anthopleura elegantissima,283347,research,2019-07-31,True,1,48.4509472222,-122.9620361111,order,Actiniaria
255040,Evasterias troschelii,255040,research,2019-07-31,True,3,48.4509666667,-122.9620277778,order,Forcipulatida
283347,Anthopleura elegantissima,283347,research,2019-07-31,True,1,48.4507777778,-122.9619305556,order,Actiniaria
535329,Pollicipes polymerus,535329,research,2019-07-31,False,0,48.4514888889,-122.9620972222,order,Pollicipedomorpha
240776,Cryptochiton stelleri,240776,research,2019-07-31,False,0,48.4508944444,-122.9618694444,order,Chitonida
131834,Haliclona,131834,needs_id,2019-07-31,False,0,48.4514916667,-122.9621361111,order,Haplosclerida
165853,Halichondria (Halichondria) panicea,132627,needs_id,2019-07-31,False,0,48.4515,-122.9620444444,order,Suberitida
1360,Actiniaria,1360,needs_id,2019-07-31,False,0,48.4501833333,-122.9618916667,order,Actiniaria
283347,Anthopleura elegantissima,283347,research,2019-07-31,True,1,48.4516805556,-122.9619138889,order,Actiniaria
1360,Actiniaria,1360,needs_id,2019-07-31,False,0,48.4518611111,-122.9619916667,order,Actiniaria
1360,Actiniaria,1360,needs_id,2019-07-31,False,0,48.45165,-122.9620583333,order,Actiniaria
369177,Leptasterias hexactis,369177,needs_id,2019-07-31,False,0,48.4517777778,-122.9618833333,order,Forcipulatida
529305,Eupentacta quinquesemita,529305,needs_id,2019-07-31,False,0,48.4517777778,-122.9618833333,order,Dendrochirotida
369177,Leptasterias hexactis,369177,needs_id,2019-07-31,False,0,48.4517777778,-122.9618833333,order,Forcipulatida
123390,Strongylocentrotus,123390,needs_id,2019-07-31,False,0,48.4517694444,-122.9619,order,Camarodonta
240747,Strongylocentrotus purpuratus,240747,needs_id,2019-07-31,True,1,48.4518,-122.9618444444,order,Camarodonta
242666,Amphiodia occidentalis,242666,needs_id,2019-07-31,False,0,48.4518861111,-122.9618222222,order,Amphilepidida
369177,Leptasterias hexactis,369177,needs_id,2019-07-31,False,0,48.4518861111,-122.9618527778,order,Forcipulatida
581816,Doris montereyensis,581816,research,2019-07-31,False,0,48.4518361111,-122.9615333333,order,Nudibranchia
283347,Anthopleura elegantissima,283347,research,2019-07-31,False,0,48.4520138889,-122.9619222222,order,Actiniaria
283347,Anthopleura elegantissima,283347,needs_id,2019-07-31,False,0,48.4519527778,-122.9618611111,order,Actiniaria
367837,Mytilus californianus,367837,research,2019-07-31,False,0,48.4518916667,-122.9620361111,order,Mytilida
283347,Anthopleura elegantissima,283347,research,2019-07-31,False,0,48.4522472222,-122.9618,order,Actiniaria
369117,Henricia leviuscula,369117,needs_id,2019-07-31,True,2,48.4525555556,-122.9622027778,order,Spinulosida
100706,Urticina,100706,needs_id,2019-07-31,True,2,48.4526166667,-122.9622944444,order,Actiniaria
529305,Eupentacta quinquesemita,529305,needs_id,2019-07-31,False,0,48.4527083333,-122.9623194444,order,Dendrochirotida
529305,Eupentacta quinquesemita,529305,needs_id,2019-07-31,False,0,48.4527472222,-122.9624472222,order,Dendrochirotida
123080,Asteroidea,123080,needs_id,2019-07-31,False,0,48.4527083333,-122.9623194444,order,
225807,Cucumaria miniata,225807,research,2019-07-31,False,0,48.4528722222,-122.9624777778,order,Dendrochirotida
890436,Diaulula odonoghuei,890436,research,2019-07-30,False,0,48.5216777778,-123.0142527778,order,Nudibranchia
225807,Cucumaria miniata,225807,needs_id,2019-07-30,False,0,48.5216333333,-123.0141666667,order,Dendrochirotida
240771,Dermasterias imbricata,240771,research,2019-07-30,False,0,48.5216722222,-123.0138638889,order,Valvatida
240747,Strongylocentrotus purpuratus,240747,research,2019-07-30,False,0,48.5216222222,-123.0135805556,order,Camarodonta
242666,Amphiodia occidentalis,242666,needs_id,2019-07-30,False,0,48.52155,-123.0135027778,order,Amphilepidida
240747,Strongylocentrotus purpuratus,240747,research,2019-07-30,False,0,48.5216777778,-123.0142138889,order,Camarodonta
386353,Mopalia muscosa,386353,research,2019-07-30,False,0,48.486,-123.0691972222,order,Chitonida
386338,Katharina tunicata,386338,research,2019-07-30,False,0,48.4859166667,-123.0691611111,order,Chitonida
923,Maldanidae,923,needs_id,2019-07-30,True,1,48.4818277778,-123.0717611111,order,
528885,Leptosynapta clarki,528885,needs_id,2019-07-30,False,0,48.4818416667,-123.0717388889,order,Apodida
287192,Cyanea ferruginea,287192,research,2019-07-30,False,0,48.4818694444,-123.0720972222,order,Semaeostomeae
170478,Cliona tenuis,170478,needs_id,2019-06-06,False,0,21.8210984213,-89.5442116698,order,Clionaida
558,Porifera,558,needs_id,2019-06-06,False,0,21.8210984213,-89.5442116698,order,
170478,Cliona tenuis,170478,needs_id,2019-06-06,False,0,21.8210984213,-89.5442116698,order,Clionaida
282139,Pareques acuminatus,282139,research,2019-06-06,True,1,21.8210984213,-89.5442116698,order,Eupercaria incertae sedis
275645,Opsanus beta,275645,needs_id,2019-06-06,False,0,21.8210984213,-89.5442116698,order,Batrachoidiformes
267790,Pterogorgia,267790,needs_id,2019-06-06,False,0,21.8210984213,-89.5442116698,order,Malacalcyonacea
127402,Diodon holocanthus,127402,research,2019-06-06,True,1,21.8210984213,-89.5442116698,order,Tetraodontiformes
558,Porifera,558,needs_id,2019-06-06,False,0,21.8210984213,-89.5442116698,order,
712603,Hypoplectrus ecosur,712603,research,2019-06-06,False,0,21.8210984213,-89.5442116698,order,Perciformes
558,Porifera,558,needs_id,2019-06-06,False,0,21.8210984213,-89.5442116698,order,
558,Porifera,558,needs_id,2019-06-06,False,0,21.8210984213,-89.5442116698,order,
123084,Ophiuroidea,123084,needs_id,2019-06-06,False,0,21.8210984213,-89.5442116698,order,
178754,Echinaster (Othilia) spinulosus,178754,needs_id,2019-06-06,False,0,21.8210984213,-89.5442116698,order,Spinulosida
367850,Lytechinus variegatus,367850,needs_id,2019-06-06,False,0,21.8210984213,-89.5442116698,order,Camarodonta
178754,Echinaster (Othilia) spinulosus,178754,needs_id,2019-06-06,False,0,21.8210984213,-89.5442116698,order,Spinulosida
422499,Clypeaster subdepressus,422499,needs_id,2019-06-06,False,0,21.8210984213,-89.5442116698,order,Clypeasteroida
178754,Echinaster (Othilia) spinulosus,178754,needs_id,2019-06-06,False,0,21.8210984213,-89.5442116698,order,Spinulosida
159350,Diplectrum formosum,159350,needs_id,2019-06-06,False,0,21.8210984213,-89.5442116698,order,Perciformes
422499,Clypeaster subdepressus,422499,needs_id,2019-06-06,False,0,21.8210984213,-89.5442116698,order,Clypeasteroida
422499,Clypeaster subdepressus,422499,needs_id,2019-06-06,False,0,21.8210984213,-89.5442116698,order,Clypeasteroida
159350,Diplectrum formosum,159350,needs_id,2019-06-06,False,0,21.8210984213,-89.5442116698,order,Perciformes
367850,Lytechinus variegatus,367850,needs_id,2019-06-06,False,0,21.8210984213,-89.5442116698,order,Camarodonta
367850,Lytechinus variegatus,367850,needs_id,2019-06-06,False,0,21.8210984213,-89.5442116698,order,Camarodonta
206485,Porites,206485,needs_id,2017-03-29,False,0,8.5970647922,-83.3023924782,order,Scleractinia
985,Sabellidae,985,needs_id,2017-03-29,False,0,8.5970647922,-83.3023924782,order,Sabellida
206485,Porites,206485,needs_id,2017-03-29,False,0,8.5970647922,-83.3023924782,order,Scleractinia
206614,Pavona,206614,needs_id,2017-03-29,False,0,8.5970647922,-83.3023924782,order,Scleractinia
100766,Telmatactis,100766,needs_id,2017-03-29,False,0,8.5970647922,-83.3023924782,order,Actiniaria
275763,Halichoeres dispilus,275763,research,2017-03-29,False,0,8.5970647922,-83.3023924782,order,Eupercaria incertae sedis
1302,Pycnogonida,1302,needs_id,2017-03-29,False,0,8.5970647922,-83.3023924782,order,
123084,Ophiuroidea,123084,needs_id,2017-03-29,False,0,8.5970647922,-83.3023924782,order,
271825,Gymnothorax castaneus,271825,needs_id,2017-03-29,True,1,8.5970647922,-83.3023924782,order,Anguilliformes
117305,Macrorhynchia philippina,117305,needs_id,2017-03-29,False,0,8.5970647922,-83.3023924782,order,Leptothecata
125302,Leptogorgia,125302,needs_id,2017-03-29,False,0,8.5970647922,-83.3023924782,order,Malacalcyonacea
281202,Johnrandallia nigrirostris,281202,research,2017-03-29,False,0,8.5970647922,-83.3023924782,order,Acanthuriformes
218429,Gnathanodon speciosus,218429,research,2017-03-29,False,0,8.5970647922,-83.3023924782,order,Carangiformes
164811,Demospongiae,164811,needs_id,2017-03-29,False,0,8.5970647922,-83.3023924782,order,
164811,Demospongiae,164811,needs_id,2017-03-29,False,0,8.5970647922,-83.3023924782,order,
279152,Cephalopholis panamensis,279152,research,2017-03-29,False,0,8.5970647922,-83.3023924782,order,Perciformes
282104,Parapsettus panamensis,282104,needs_id,2017-03-29,False,0,8.5970647922,-83.3023924782,order,Acanthuriformes
1297576,Styracura pacifica,1297576,research,2017-03-29,True,2,8.5318100601,-83.3221831936,order,Myliobatiformes
206485,Porites,206485,needs_id,2017-03-29,False,0,8.5970647922,-83.3023924782,order,Scleractinia
273584,Thalassoma lucasanum,273584,research,2017-03-29,False,0,8.5970647922,-83.3023924782,order,Eupercaria incertae sedis
218853,Cirrhitichthys oxycephalus,218853,research,2017-03-29,False,0,8.5970647922,-83.3023924782,order,Centrarchiformes
135085,Caryophyllia,135085,needs_id,2017-03-29,False,0,8.5970647922,-83.3023924782,order,Scleractinia
395098,Carijoa riisei,395098,needs_id,2017-03-29,False,0,8.5970647922,-83.3023924782,order,Malacalcyonacea
125523,Carangidae,125523,needs_id,2017-03-29,False,0,8.5970647922,-83.3023924782,order,Carangiformes
275264,Canthigaster punctatissima,275264,research,2017-03-29,False,0,8.5970647922,-83.3023924782,order,Tetraodontiformes
273527,Bodianus diplotaenia,273527,research,2017-03-29,False,0,8.5970647922,-83.3023924782,order,Eupercaria incertae sedis
275234,Balistes polylepis,275234,research,2017-03-29,True,1,8.5970647922,-83.3023924782,order,Tetraodontiformes
273584,Thalassoma lucasanum,273584,research,2017-03-29,False,0,8.5970647922,-83.3023924782,order,Eupercaria incertae sedis
535677,Corambe pacifica,535677,research,2021-03-27,False,0,31.8630666667,-116.6672138889,order,Nudibranchia
1562,Ammotheidae,1562,needs_id,2021-03-26,False,0,31.8630201534,-116.6673815171,order,Pantopoda
137954,Eubranchus,137954,casual,2020-02-12,True,2,31.863025,-116.6673444444,order,Nudibranchia
385576,Nuttallina,385576,needs_id,2020-08-23,False,0,31.8614104615,-116.6676603109,order,Chitonida
224570,Caenogastropoda,224570,needs_id,2021-06-01,False,0,31.8630611111,-116.66745,order,
528084,Megastraea undosa,528084,needs_id,2021-06-08,False,0,31.8630011013,-116.667327717,order,Trochida
529363,Apostichopus californicus,529363,needs_id,2021-06-08,False,0,31.8629737649,-116.667327717,order,Synallactida
580674,Neobernaya spadicea,580674,research,2020-09-15,False,0,31.8629416667,-116.6672888889,order,Littorinimorpha
491054,Kelletia kelletii,491054,needs_id,2020-01-31,False,0,31.8629666667,-116.6674055556,order,Neogastropoda
123084,Ophiuroidea,123084,needs_id,2020-04-28,False,0,31.8614667004,-116.6677568704,order,
240765,Aplysia californica,240765,research,2021-03-26,True,1,31.8614884741,-116.6677139551,order,Aplysiida
137654,Aplysia,137654,needs_id,2021-03-26,True,2,31.8614884741,-116.6677139551,order,Aplysiida
279617,Anisotremus davidsonii,279617,research,2020-10-04,False,0,31.8621346197,-116.6580166942,order,Eupercaria incertae sedis
282054,Paralabrax clathratus,282054,research,2020-10-04,True,1,31.8621346197,-116.6580166942,order,Perciformes
137654,Aplysia,137654,needs_id,2020-10-04,False,0,31.8621346197,-116.6580166942,order,Aplysiida
287556,Muricea californica,287556,research,2020-10-04,False,0,31.8621346197,-116.6580166942,order,Malacalcyonacea
177745,Muricea,177745,needs_id,2020-10-04,False,0,31.8621346197,-116.6580166942,order,Malacalcyonacea
283377,Anthopleura xanthogrammica,283377,research,2020-08-23,False,0,31.8614429126,-116.6678259363,order,Actiniaria
341951,Octopus bimaculatus,341951,needs_id,2020-08-23,False,0,31.8614793618,-116.6678410944,order,Octopoda
280219,Clinocottus analis,280219,needs_id,2020-08-23,True,1,31.8614793618,-116.6678410944,order,Perciformes
280219,Clinocottus analis,280219,needs_id,2020-08-23,True,1,31.8614793618,-116.6678410944,order,Perciformes
240753,Anthopleura sola,240753,research,2021-02-10,False,0,31.8614611372,-116.6677401056,order,Actiniaria
240753,Anthopleura sola,240753,research,2019-12-26,True,1,31.8612833333,-116.6680305556,order,Actiniaria
367769,Stenoplax,367769,needs_id,2019-12-26,False,0,31.8613333333,-116.6677694444,order,Chitonida
591102,Mesocentrotus franciscanus,591102,needs_id,2019-12-28,False,0,31.8614808425,-116.6676820311,order,Camarodonta
123084,Ophiuroidea,123084,needs_id,2019-12-28,False,0,31.8616472222,-116.6674888889,order,
848098,Stenoplax conspicua,848098,research,2019-12-26,False,0,31.8614583333,-116.6673277778,order,Chitonida
240747,Strongylocentrotus purpuratus,240747,needs_id,2019-12-28,False,0,31.8613694444,-116.667525,order,Camarodonta
568031,Aplysia vaccaria,568031,needs_id,2019-12-28,False,0,31.8615388889,-116.6681277778,order,Aplysiida
123084,Ophiuroidea,123084,needs_id,2019-12-28,False,0,31.861525,-116.6681277778,order,
248339,Heptacarpus,248339,needs_id,2019-12-28,False,0,31.861525,-116.6681277778,order,Decapoda
123084,Ophiuroidea,123084,needs_id,2019-12-28,False,0,31.8615222222,-116.6681361111,order,
367837,Mytilus californianus,367837,needs_id,2019-12-28,False,0,31.86145,-116.6678388889,order,Mytilida
535329,Pollicipes polymerus,535329,research,2019-12-28,False,0,31.86145,-116.6678388889,order,Pollicipedomorpha
531262,Triopha maculata,531262,research,2020-02-17,False,0,31.8630166667,-116.6673666667,order,Nudibranchia
382131,Patiria miniata,382131,research,2020-02-15,False,0,31.8628666667,-116.6673444444,order,Valvatida
575441,Melibe leonina,575441,research,2020-02-07,False,0,31.8630194444,-116.6673444444,order,Nudibranchia
386784,Chiton stokesii,386784,research,2017-04-29,False,0,10.942263,-85.7128096,order,Chitonida
14355,Stomatopoda,14355,needs_id,2017-04-30,False,0,10.9253412257,-85.800109771,order,Stomatopoda
123083,Holothuroidea,123083,needs_id,2017-04-30,False,0,10.9253412257,-85.800109771,order,
386331,Tonicia forbesii,386331,research,2017-04-30,False,0,10.9253412257,-85.800109771,order,Chitonida
206125,Iphione,206125,needs_id,2017-04-30,False,0,10.9253412257,-85.800109771,order,Phyllodocida
464493,Pinctada mazatlanica,464493,needs_id,2017-04-30,False,0,10.9253412257,-85.800109771,order,Ostreida
558,Porifera,558,needs_id,2017-04-30,False,0,10.9253412257,-85.800109771,order,
415414,Gemophos,415414,needs_id,2017-04-30,False,0,10.9253412257,-85.800109771,order,Neogastropoda
386331,Tonicia forbesii,386331,research,2017-04-30,False,0,10.9253412257,-85.800109771,order,Chitonida
125185,Holothuria (Thymiosycia) impatiens,732340,needs_id,2017-04-30,False,0,10.9253412257,-85.800109771,order,Holothuriida
513266,Eucidaris thouarsii,513266,needs_id,2017-04-30,False,0,10.9253412257,-85.800109771,order,Cidaroida
1264073,Exaiptasia diaphana,1264073,research,2017-04-30,False,0,10.9253412257,-85.800109771,order,Actiniaria
117802,Pennaria disticha,117802,needs_id,2017-04-30,False,0,10.9253412257,-85.800109771,order,Anthoathecata
125185,Holothuria (Thymiosycia) impatiens,732340,needs_id,2017-04-30,False,0,10.9253412257,-85.800109771,order,Holothuriida
513266,Eucidaris thouarsii,513266,needs_id,2017-04-30,False,0,10.9253412257,-85.800109771,order,Cidaroida
985,Sabellidae,985,needs_id,2017-04-30,False,0,10.9253412257,-85.800109771,order,Sabellida
246351,Neaxius,246351,needs_id,2017-04-30,False,0,10.9253412257,-85.800109771,order,Decapoda
181218,Pleurobranchus areolatus,181218,research,2017-04-29,False,0,10.942263,-85.7128096,order,Pleurobranchida
529627,Pseudocnus californicus,529627,needs_id,2017-04-29,False,0,10.942263,-85.7128096,order,Dendrochirotida
266129,Rhopalaea birkelandi,266129,research,2017-04-29,False,0,10.942263,-85.7128096,order,Aplousobranchia
513266,Eucidaris thouarsii,513266,needs_id,2017-04-29,False,0,10.942263,-85.7128096,order,Cidaroida
529627,Pseudocnus californicus,529627,needs_id,2017-04-29,False,0,10.942263,-85.7128096,order,Dendrochirotida
123456,Holothuria,123456,needs_id,2017-04-29,False,0,10.942263,-85.7128096,order,Holothuriida
123111,Dendrochirotida,123111,needs_id,2017-04-29,False,0,10.942263,-85.7128096,order,Dendrochirotida
1360,Actiniaria,1360,needs_id,2017-04-29,False,0,10.942263,-85.7128096,order,Actiniaria
106325,Bolinopsidae,106325,needs_id,2017-04-29,True,1,10.942263,-85.7128096,order,Lobata
592954,Bunodosoma grande,592954,research,2017-04-29,False,0,10.942263,-85.7128096,order,Actiniaria
513609,Toxopneustes roseus,513609,research,2017-04-29,False,0,10.942263,-85.7128096,order,Camarodonta
217469,Echidna nebulosa,217469,research,2017-04-29,False,0,10.942263,-85.7128096,order,Anguilliformes
513266,Eucidaris thouarsii,513266,needs_id,2017-04-29,False,0,10.942263,-85.7128096,order,Cidaroida
123084,Ophiuroidea,123084,needs_id,2017-04-29,False,0,10.942263,-85.7128096,order,
123111,Dendrochirotida,123111,needs_id,2017-04-29,False,0,10.942263,-85.7128096,order,Dendrochirotida
1039511,Catolasmus pilsbryi,1039511,research,2017-04-29,False,0,10.942263,-85.7128096,order,Balanomorpha
271900,Muraena lentiginosa,271900,research,2017-04-29,False,0,10.942263,-85.7128096,order,Anguilliformes
513244,Echinometra vanbrunti,513244,needs_id,2017-04-29,False,0,10.942263,-85.7128096,order,Camarodonta
273126,Ophioblennius steindachneri,273126,research,2017-04-29,False,0,10.942263,-85.7128096,order,Blenniiformes
117190,Pennaria,117190,needs_id,2017-04-29,False,0,10.942263,-85.7128096,order,Anthoathecata
513609,Toxopneustes roseus,513609,research,2017-04-29,False,0,10.942263,-85.7128096,order,Camarodonta
276658,Stegastes acapulcoensis,276658,needs_id,2017-04-29,False,0,10.942263,-85.7128096,order,Ovalentaria incertae sedis
513223,Diadema mexicanum,513223,needs_id,2017-04-29,False,0,10.942263,-85.7128096,order,Diadematoida
125523,Carangidae,125523,needs_id,2017-04-29,False,0,10.942263,-85.7128096,order,Carangiformes
513619,Tripneustes depressus,513619,research,2017-04-29,False,0,10.942263,-85.7128096,order,Camarodonta
513244,Echinometra vanbrunti,513244,needs_id,2017-04-29,False,0,10.942263,-85.7128096,order,Camarodonta
712980,Aetobatus laticeps,712980,research,2017-04-29,True,3,10.942263,-85.7128096,order,Myliobatiformes
370899,Pentaceraster cumingi,370899,research,2017-04-29,False,0,10.942263,-85.7128096,order,Valvatida
138268,Octopus,138268,needs_id,2017-04-29,False,0,10.942263,-85.7128096,order,Octopoda
513619,Tripneustes depressus,513619,research,2017-04-29,False,0,10.942263,-85.7128096,order,Camarodonta
271900,Muraena lentiginosa,271900,research,2017-04-29,False,0,10.942263,-85.7128096,order,Anguilliformes
210968,Euapta godeffroyi,210968,needs_id,2017-04-29,False,0,10.942263,-85.7128096,order,Apodida
513223,Diadema mexicanum,513223,needs_id,2017-04-29,False,0,10.942263,-85.7128096,order,Diadematoida
217966,Fistularia commersonii,217966,research,2017-04-29,False,0,10.942263,-85.7128096,order,Syngnathiformes
513266,Eucidaris thouarsii,513266,needs_id,2017-04-29,False,0,10.942263,-85.7128096,order,Cidaroida
513223,Diadema mexicanum,513223,needs_id,2017-04-29,False,0,10.942263,-85.7128096,order,Diadematoida
1264073,Exaiptasia diaphana,1264073,research,2017-04-29,False,0,10.942263,-85.7128096,order,Actiniaria
1264073,Exaiptasia diaphana,1264073,research,2017-04-29,False,0,10.942263,-85.7128096,order,Actiniaria
132044,Placospongia,132044,needs_id,2017-04-30,False,0,10.9209212,-85.7999758,order,Clionaida
123084,Ophiuroidea,123084,needs_id,2017-04-30,False,0,10.9209212,-85.7999758,order,
513619,Tripneustes depressus,513619,needs_id,2017-04-30,False,0,10.9209212,-85.7999758,order,Camarodonta
271900,Muraena lentiginosa,271900,research,2024-05-26,False,0,10.853905667,-85.9544582591,order,Anguilliformes
218853,Cirrhitichthys oxycephalus,218853,research,2024-05-26,True,1,10.853905667,-85.9544582591,order,Centrarchiformes
275756,Halichoeres chierchiae,275756,research,2024-05-26,False,0,10.853905667,-85.9544582591,order,Eupercaria incertae sedis
276016,Holacanthus passer,276016,research,2024-05-26,True,1,10.853905667,-85.9544582591,order,Acanthuriformes
529159,Cucumaria flamma,529159,needs_id,2024-05-26,False,0,10.853905667,-85.9544582591,order,Dendrochirotida
218865,Oxycirrhites typus,218865,research,2024-05-26,True,1,10.853905667,-85.9544582591,order,Centrarchiformes
275264,Canthigaster punctatissima,275264,research,2024-05-26,False,0,10.853905667,-85.9544582591,order,Tetraodontiformes
125302,Leptogorgia,125302,needs_id,2024-05-26,False,0,10.853905667,-85.9544582591,order,Malacalcyonacea
125302,Leptogorgia,125302,needs_id,2024-05-26,False,0,10.853905667,-85.9544582591,order,Malacalcyonacea
279152,Cephalopholis panamensis,279152,research,2024-05-26,False,0,10.853905667,-85.9544582591,order,Perciformes
286209,Leptogorgia alba,286209,needs_id,2024-05-26,False,0,10.853905667,-85.9544582591,order,Malacalcyonacea
271900,Muraena lentiginosa,271900,needs_id,2024-05-26,True,1,10.853905667,-85.9544582591,order,Anguilliformes
275957,Rypticus bicolor,275957,research,2024-05-26,False,0,10.853905667,-85.9544582591,order,Perciformes
210873,Holothuria (Stauropora) fuscocinerea,1544535,needs_id,2024-05-26,False,0,10.853905667,-85.9544582591,order,Holothuriida
169650,Aplysina gerardogreeni,169650,research,2024-05-26,True,1,10.853905667,-85.9544582591,order,Verongiida
291251,Tubastraea coccinea,291251,needs_id,2024-05-26,False,0,10.853905667,-85.9544582591,order,Scleractinia
513223,Diadema mexicanum,513223,needs_id,2024-05-26,False,0,10.853905667,-85.9544582591,order,Diadematoida
291251,Tubastraea coccinea,291251,needs_id,2024-05-26,False,0,10.853905667,-85.9544582591,order,Scleractinia
271898,Muraena clepsydra,271898,needs_id,2024-05-26,True,1,10.853905667,-85.9544582591,order,Anguilliformes
206485,Porites,206485,needs_id,2024-05-26,False,0,10.853905667,-85.9544582591,order,Scleractinia
210873,Holothuria (Stauropora) fuscocinerea,1544535,needs_id,2024-05-26,False,0,10.853905667,-85.9544582591,order,Holothuriida
1026118,Mobula birostris,1026118,research,2024-05-26,True,1,10.9274725084,-85.9213088285,order,Myliobatiformes
273858,Epinephelus labriformis,273858,research,2024-05-26,False,0,10.853905667,-85.9544582591,order,Perciformes
273904,Serranus psittacinus,273904,research,2024-05-26,False,0,10.853905667,-85.9544582591,order,Perciformes
464493,Pinctada mazatlanica,464493,needs_id,2024-05-26,False,0,10.853905667,-85.9544582591,order,Ostreida
105792,Carcharhinus leucas,105792,research,2024-05-26,True,3,10.9501970992,-85.8922836336,order,Carcharhiniformes
276658,Stegastes acapulcoensis,276658,needs_id,2024-03-03,False,0,11.025629,-85.751292,order,Ovalentaria incertae sedis
275264,Canthigaster punctatissima,275264,research,2024-03-03,False,0,11.025629,-85.751292,order,Tetraodontiformes
513223,Diadema mexicanum,513223,needs_id,2024-03-03,False,0,11.025629,-85.751292,order,Diadematoida
123111,Dendrochirotida,123111,needs_id,2024-03-03,False,0,11.025629,-85.751292,order,Dendrochirotida
123083,Holothuroidea,123083,needs_id,2024-03-03,False,0,10.942263,-85.7128096,order,
513244,Echinometra vanbrunti,513244,needs_id,2024-03-03,False,0,11.025629,-85.751292,order,Camarodonta
592954,Bunodosoma grande,592954,research,2024-03-03,False,0,11.025629,-85.751292,order,Actiniaria
206938,Pocillopora,206938,needs_id,2024-03-03,False,0,10.942263,-85.7128096,order,Scleractinia
1580692,Azurina atrilobata,1580692,needs_id,2024-03-03,False,0,10.942263,-85.7128096,order,Ovalentaria incertae sedis
289201,Pavona gigantea,289201,needs_id,2024-03-03,False,0,10.942263,-85.7128096,order,Scleractinia
254919,Nidorellia armata,254919,research,2024-03-03,False,0,10.942263,-85.7128096,order,Valvatida
217966,Fistularia commersonii,217966,research,2024-03-03,False,0,10.942263,-85.7128096,order,Syngnathiformes
219926,Arothron meleagris,219926,research,2024-03-03,True,1,10.942263,-85.7128096,order,Tetraodontiformes
513223,Diadema mexicanum,513223,needs_id,2024-03-03,False,0,10.942263,-85.7128096,order,Diadematoida
125449,Synodontidae,125449,needs_id,2024-03-03,False,0,11.025629,-85.751292,order,Aulopiformes
11718,Octopoda,11718,needs_id,2024-03-03,False,0,11.025629,-85.751292,order,Octopoda
145,Naticidae,145,needs_id,2024-03-02,False,0,10.9737363,-85.7461548,order,Littorinimorpha
410241,Malea ringens,410241,research,2024-03-02,False,0,10.9737363,-85.7461548,order,Littorinimorpha
291114,Stellamedusa ventana,291114,research,2024-03-02,True,3,10.9737363,-85.7461548,order,Semaeostomeae
982,Terebellidae,982,needs_id,2024-03-02,False,0,10.9737363,-85.7461548,order,Terebellida
988,Serpulidae,988,needs_id,2024-03-02,False,0,10.9737363,-85.7461548,order,Sabellida
529159,Cucumaria flamma,529159,needs_id,2024-03-02,False,0,10.9737363,-85.7461548,order,Dendrochirotida
988,Serpulidae,988,needs_id,2024-03-02,False,0,10.9737363,-85.7461548,order,Sabellida
252289,Botrylloides niger,252289,needs_id,2024-03-02,False,0,10.9737363,-85.7461548,order,Stolidobranchia
137224,Pyrosoma,137224,needs_id,2024-03-02,False,0,10.9737363,-85.7461548,order,Pyrosomatida
1774,Ostreida,1774,needs_id,2024-03-02,True,1,10.9737363,-85.7461548,order,Ostreida
291251,Tubastraea coccinea,291251,needs_id,2024-03-02,False,0,10.9737363,-85.7461548,order,Scleractinia
137213,Pyrosomatida,137213,needs_id,2024-03-02,False,0,10.9737363,-85.7461548,order,Pyrosomatida
982,Terebellidae,982,needs_id,2024-03-02,False,0,10.9737363,-85.7461548,order,Terebellida
513609,Toxopneustes roseus,513609,needs_id,2024-03-02,False,0,10.9737363,-85.7461548,order,Camarodonta
513266,Eucidaris thouarsii,513266,needs_id,2024-03-02,False,0,10.9737363,-85.7461548,order,Cidaroida
292797,Phataria unifascialis,292797,needs_id,2024-03-02,False,0,10.9737363,-85.7461548,order,Valvatida
286209,Leptogorgia alba,286209,needs_id,2024-03-02,False,0,10.9737363,-85.7461548,order,Malacalcyonacea
529159,Cucumaria flamma,529159,needs_id,2024-03-02,False,0,10.9737363,-85.7461548,order,Dendrochirotida
123084,Ophiuroidea,123084,needs_id,2024-03-02,False,0,10.9737363,-85.7461548,order,
291114,Stellamedusa ventana,291114,research,2024-03-02,True,4,10.9737363,-85.7461548,order,Semaeostomeae
441967,Stenorhynchus debilis,441967,research,2024-03-02,False,0,10.9737363,-85.7461548,order,Decapoda
137213,Pyrosomatida,137213,needs_id,2024-03-02,False,0,10.9737363,-85.7461548,order,Pyrosomatida
558502,Chromolaichma sedna,558502,research,2024-03-02,True,2,10.9737363,-85.7461548,order,Nudibranchia
513223,Diadema mexicanum,513223,needs_id,2024-03-02,False,0,10.9737363,-85.7461548,order,Diadematoida
254919,Nidorellia armata,254919,needs_id,2024-03-02,False,0,10.9737363,-85.7461548,order,Valvatida
117802,Pennaria disticha,117802,needs_id,2024-05-25,False,0,10.9443855311,-85.7125593335,order,Anthoathecata
203822,Stegastes,203822,needs_id,2024-05-25,False,0,10.9437956433,-85.7111002118,order,Ovalentaria incertae sedis
271898,Muraena clepsydra,271898,research,2024-05-25,True,2,10.9449754176,-85.7129026562,order,Anguilliformes
513609,Toxopneustes roseus,513609,needs_id,2024-05-25,False,0,10.9436271037,-85.7109285504,order,Camarodonta
513609,Toxopneustes roseus,513609,needs_id,2024-05-25,False,0,10.9441327222,-85.711872688,order,Camarodonta
271900,Muraena lentiginosa,271900,research,2024-05-25,False,0,10.9439641828,-85.7133318097,order,Anguilliformes
206732,Cephalopholis,206732,needs_id,2024-05-25,False,0,10.9443855311,-85.7129884869,order,Perciformes
286209,Leptogorgia alba,286209,needs_id,2024-05-25,False,0,10.9444698006,-85.7133318097,order,Malacalcyonacea
266129,Rhopalaea birkelandi,266129,research,2024-05-25,False,0,10.9446383397,-85.7127309948,order,Aplousobranchia
123179,Toxopneustidae,123179,needs_id,2024-05-25,False,0,10.9449754176,-85.7133318097,order,Camarodonta
289201,Pavona gigantea,289201,needs_id,2024-05-25,False,0,10.9444698006,-85.7142759472,order,Scleractinia
513609,Toxopneustes roseus,513609,needs_id,2024-05-25,False,0,10.9453124951,-85.7145334393,order,Camarodonta
513266,Eucidaris thouarsii,513266,needs_id,2024-05-25,False,0,10.9461773805,-85.715659543,order,Cidaroida
131868,Clathria,131868,needs_id,2024-05-25,False,0,10.945059687,-85.7138467938,order,Poecilosclerida
289201,Pavona gigantea,289201,needs_id,2024-05-25,False,0,10.9448700611,-85.713085462,order,Scleractinia
292797,Phataria unifascialis,292797,needs_id,2024-05-25,False,0,10.9448700611,-85.7131712927,order,Valvatida
529516,Isostichopus fuscus,529516,needs_id,2024-05-25,False,0,10.8074416368,-85.7754379417,order,Synallactida
292797,Phataria unifascialis,292797,needs_id,2024-05-25,False,0,10.9447857917,-85.7134287847,order,Valvatida
291251,Tubastraea coccinea,291251,needs_id,2024-05-25,False,0,10.9442801744,-85.7136004461,order,Scleractinia
131868,Clathria,131868,needs_id,2024-05-25,False,0,10.9437745562,-85.711712171,order,Poecilosclerida
513266,Eucidaris thouarsii,513266,needs_id,2024-05-25,False,0,10.9441959047,-85.7145445837,order,Cidaroida
529159,Cucumaria flamma,529159,needs_id,2024-05-25,False,0,10.9445340915,-85.714566039,order,Dendrochirotida
219925,Arothron hispidus,219925,research,2024-05-25,True,1,10.9435410534,-85.7136648157,order,Tetraodontiformes
529159,Cucumaria flamma,529159,needs_id,2024-05-25,False,0,10.943609365,-85.7135789827,order,Dendrochirotida
513609,Toxopneustes roseus,513609,needs_id,2024-05-25,False,0,10.9434089174,-85.713235656,order,Camarodonta
1292,Anthozoa,1292,needs_id,2024-05-25,False,0,10.9431823257,-85.7119052789,order,
123084,Ophiuroidea,123084,needs_id,2024-05-25,False,0,10.942897683,-85.7131927353,order,
513266,Eucidaris thouarsii,513266,needs_id,2024-05-25,False,0,10.9432034598,-85.7106738953,order,Cidaroida
292795,Pharia pyramidata,292795,needs_id,2024-05-25,False,0,10.9421074776,-85.7133083443,order,Valvatida
1475481,Ascidia sideralis,1475481,needs_id,2024-05-25,False,0,10.9448841131,-85.7120274141,order,Phlebobranchia
1475481,Ascidia sideralis,1475481,needs_id,2024-05-25,False,0,10.9445470351,-85.71151243,order,Phlebobranchia
266129,Rhopalaea birkelandi,266129,needs_id,2024-05-25,False,0,10.9445470351,-85.7117699221,order,Aplousobranchia
291251,Tubastraea coccinea,291251,needs_id,2024-05-25,False,0,10.9442942264,-85.7117699221,order,Scleractinia
291251,Tubastraea coccinea,291251,needs_id,2024-05-25,False,0,10.9447155742,-85.71151243,order,Scleractinia
291251,Tubastraea coccinea,291251,needs_id,2024-05-25,False,0,10.9445470351,-85.7115982607,order,Scleractinia
100766,Telmatactis,100766,needs_id,2024-05-25,False,0,10.9445470351,-85.7112549379,order,Actiniaria
289201,Pavona gigantea,289201,needs_id,2024-05-25,False,0,10.9447155742,-85.7115982607,order,Scleractinia
138268,Octopus,138268,needs_id,2024-05-25,False,0,10.9446313047,-85.7112549379,order,Octopoda
138268,Octopus,138268,needs_id,2024-05-25,False,0,10.9442942264,-85.7113407686,order,Octopoda
131868,Clathria,131868,needs_id,2024-05-25,False,0,10.944378496,-85.7111691072,order,Poecilosclerida
513266,Eucidaris thouarsii,513266,needs_id,2024-05-25,False,0,10.9445470351,-85.7112549379,order,Cidaroida
513266,Eucidaris thouarsii,513266,needs_id,2024-05-25,False,0,10.9444832582,-85.7111690994,order,Cidaroida
131868,Clathria,131868,needs_id,2024-05-25,False,0,10.9445993773,-85.711254934,order,Poecilosclerida
513266,Eucidaris thouarsii,513266,needs_id,2024-05-25,False,0,10.9439458208,-85.7108257727,order,Cidaroida
127403,Diodon hystrix,127403,research,2024-05-25,True,1,10.9439982774,-85.7109974302,order,Tetraodontiformes
206732,Cephalopholis,206732,needs_id,2024-05-25,False,0,10.9441509139,-85.7112549183,order,Perciformes
513138,Astropyga pulvinata,513138,needs_id,2024-05-25,False,0,10.9436135041,-85.7112549144,order,Diadematoida
290437,Myriopathes panamensis,290437,needs_id,2024-03-02,False,0,10.9433763512,-85.7125955269,order,Antipatharia
370915,Mithrodia bradleyi,370915,needs_id,2024-03-02,False,0,10.9436291608,-85.7122522041,order,Valvatida
271900,Muraena lentiginosa,271900,research,2024-03-02,True,1,10.9437134306,-85.7126813576,order,Anguilliformes
367402,Aniculus elegans,367402,research,2024-03-03,False,0,10.9443033185,-85.7126813576,order,Decapoda
513266,Eucidaris thouarsii,513266,needs_id,2024-03-03,False,0,10.9438819701,-85.712853019,order,Cidaroida
513266,Eucidaris thouarsii,513266,needs_id,2024-03-03,False,0,10.9440505095,-85.7130246803,order,Cidaroida
273584,Thalassoma lucasanum,273584,research,2024-03-02,True,1,10.9445401723,-85.7131963417,order,Eupercaria incertae sedis
513223,Diadema mexicanum,513223,needs_id,2024-03-02,False,0,10.945214328,-85.712853019,order,Diadematoida
513223,Diadema mexicanum,513223,needs_id,2024-03-02,False,0,10.9443716332,-85.7131963417,order,Diadematoida
529159,Cucumaria flamma,529159,needs_id,2024-03-02,False,0,10.9446244419,-85.712853019,order,Dendrochirotida
529159,Cucumaria flamma,529159,needs_id,2024-03-02,False,0,10.944203094,-85.712853019,order,Dendrochirotida
291251,Tubastraea coccinea,291251,needs_id,2024-03-02,False,0,10.944203094,-85.7129388497,order,Scleractinia
513619,Tripneustes depressus,513619,needs_id,2024-03-02,False,0,10.9443716332,-85.7125955269,order,Camarodonta
274726,Scorpaena mystes,274726,needs_id,2024-03-02,False,0,10.9442873636,-85.7130246803,order,Perciformes
206938,Pocillopora,206938,needs_id,2024-03-03,False,0,10.9439502849,-85.7126813576,order,Scleractinia
292797,Phataria unifascialis,292797,needs_id,2024-03-02,False,0,10.9443716332,-85.7123380348,order,Valvatida
292795,Pharia pyramidata,292795,needs_id,2024-03-02,False,0,10.9439502849,-85.712853019,order,Valvatida
289201,Pavona gigantea,289201,needs_id,2024-03-02,False,0,10.9436655075,-85.7130246764,order,Scleractinia
464493,Pinctada mazatlanica,464493,needs_id,2024-03-02,False,0,10.9436655075,-85.7122307453,order,Ostreida
219925,Arothron hispidus,219925,research,2024-03-02,True,1,10.9436916751,-85.7134752768,order,Tetraodontiformes
1475481,Ascidia sideralis,1475481,needs_id,2024-03-02,False,0,10.9430698969,-85.7127027967,order,Phlebobranchia
117190,Pennaria,117190,needs_id,2024-06-23,False,0,10.9699023348,-85.7244825736,order,Anthoathecata
219926,Arothron meleagris,219926,research,2024-05-25,False,0,10.942263,-85.7128096,family,Tetraodontidae
203822,Stegastes,203822,needs_id,2024-05-25,False,0,10.942263,-85.7128096,family,Pomacentridae
138268,Octopus,138268,needs_id,2024-05-25,False,0,10.942263,-85.7128096,family,Octopodidae
11718,Octopoda,11718,needs_id,2024-05-25,False,0,10.942263,-85.7128096,family,
281202,Johnrandallia nigrirostris,281202,research,2024-05-25,True,1,10.942263,-85.7128096,family,Chaetodontidae
123083,Holothuroidea,123083,needs_id,2024-05-25,False,0,10.942263,-85.7128096,family,
596162,Hexaplex princeps,596162,needs_id,2024-05-25,False,0,10.942263,-85.7128096,family,Muricidae
596162,Hexaplex princeps,596162,research,2024-05-25,False,0,10.942263,-85.7128096,family,Muricidae
275780,Halichoeres nicholsi,275780,research,2024-05-25,False,0,10.942263,-85.7128096,family,Labridae
275780,Halichoeres nicholsi,275780,research,2024-05-25,False,0,10.942263,-85.7128096,family,Labridae
275729,Haemulon maculicauda,275729,needs_id,2024-05-25,False,0,10.942263,-85.7128096,family,Haemulidae
275763,Halichoeres dispilus,275763,research,2024-05-25,False,0,10.942263,-85.7128096,family,Labridae
275763,Halichoeres dispilus,275763,research,2024-05-25,False,0,10.942263,-85.7128096,family,Labridae
219926,Arothron meleagris,219926,research,2024-05-25,False,0,10.942263,-85.7128096,family,Tetraodontidae
219926,Arothron meleagris,219926,research,2024-05-25,False,0,10.942263,-85.7128096,family,Tetraodontidae
1006825,Urobatis pardalis,1006825,research,2024-03-02,True,1,10.942263,-85.7128096,family,Urotrygonidae
281202,Johnrandallia nigrirostris,281202,research,2024-03-02,False,0,10.942263,-85.7128096,family,Chaetodontidae
275736,Haemulon sexfasciatum,275736,research,2024-09-07,False,0,8.707268,-83.8817571,family,Haemulidae
275736,Haemulon sexfasciatum,275736,research,2024-09-07,False,0,8.707268,-83.8817571,family,Haemulidae
214557,Triaenodon obesus,214557,research,2024-09-07,True,1,8.707268,-83.8817571,family,Carcharhinidae
276853,Sufflamen verres,276853,research,2024-09-07,True,1,8.707268,-83.8817571,family,Balistidae
275736,Haemulon sexfasciatum,275736,research,2024-09-07,False,0,8.707268,-83.8817571,family,Haemulidae
276668,Stegastes flavilatus,276668,research,2024-09-07,False,0,8.707268,-83.8817571,family,Pomacentridae
273858,Epinephelus labriformis,273858,research,2024-09-07,False,0,8.707268,-83.8817571,family,Epinephelidae
220083,Zanclus cornutus,220083,research,2024-09-07,True,1,8.707268,-83.8817571,family,Zanclidae
219127,Scarus ghobban,219127,research,2024-09-07,False,0,8.707268,-83.8817571,family,Scaridae
220083,Zanclus cornutus,220083,research,2024-09-07,True,1,8.707268,-83.8817571,family,Zanclidae
279161,Pseudobalistes naufragium,279161,research,2024-09-07,True,1,8.707268,-83.8817571,family,Balistidae
137206,Chelonia mydas,137206,research,2024-09-07,True,1,8.7971672682,-83.8527784564,family,Cheloniidae
137207,Eretmochelys imbricata,137207,needs_id,2024-09-07,False,0,8.7873358677,-83.8849494309,family,Cheloniidae
137206,Chelonia mydas,137206,research,2024-09-07,True,2,8.7140343124,-83.8628258593,family,Cheloniidae
219634,Acanthurus xanthopterus,219634,research,2024-09-07,False,0,8.707268,-83.8817571,family,Acanthuridae
276552,Lutjanus viridis,276552,research,2024-09-07,False,0,8.707268,-83.8817571,family,Lutjanidae
1750630,Cephalopholis colonus,1750630,research,2024-09-07,False,0,8.707268,-83.8817571,family,Epinephelidae
273343,Chaetodon humeralis,273343,research,2024-09-07,False,0,8.707268,-83.8817571,family,Chaetodontidae
218419,Caranx melampygus,218419,research,2024-09-07,False,0,8.707268,-83.8817571,family,Carangidae
1750630,Cephalopholis colonus,1750630,research,2024-09-07,False,0,8.707268,-83.8817571,family,Epinephelidae
273271,Caranx caballus,273271,research,2024-09-07,False,0,8.707268,-83.8817571,family,Carangidae
219638,Acanthurus nigricans,219638,research,2024-09-07,True,2,8.707268,-83.8817571,family,Acanthuridae
217495,Gymnothorax flavimarginatus,217495,research,2024-09-07,True,1,8.707268,-83.8817571,family,Muraenidae
276016,Holacanthus passer,276016,research,2024-09-07,True,1,8.707268,-83.8817571,family,Pomacanthidae
275729,Haemulon maculicauda,275729,research,2024-09-07,False,0,8.707268,-83.8817571,family,Haemulidae
219926,Arothron meleagris,219926,research,2024-09-07,True,1,8.707268,-83.8817571,family,Tetraodontidae
274726,Scorpaena mystes,274726,research,2024-09-07,False,0,8.707268,-83.8817571,family,Scorpaenidae
267665,Pacifigorgia,267665,needs_id,2024-09-07,False,0,8.707268,-83.8817571,family,Gorgoniidae
291251,Tubastraea coccinea,291251,needs_id,2024-09-07,False,0,8.707268,-83.8817571,family,Dendrophylliidae
137206,Chelonia mydas,137206,research,2024-09-07,True,2,8.7967569907,-83.9283276902,family,Cheloniidae
267665,Pacifigorgia,267665,needs_id,2024-09-07,False,0,8.707268,-83.8817571,family,Gorgoniidae
217495,Gymnothorax flavimarginatus,217495,research,2024-09-07,True,1,8.707268,-83.8817571,family,Muraenidae
137207,Eretmochelys imbricata,137207,research,2024-09-07,False,0,8.66389313,-83.9662430933,family,Cheloniidae
218429,Gnathanodon speciosus,218429,research,2024-09-07,False,0,8.707268,-83.8817571,family,Carangidae
214557,Triaenodon obesus,214557,research,2024-09-07,True,1,8.707268,-83.8817571,family,Carcharhinidae
279152,Cephalopholis panamensis,279152,research,2024-09-07,False,0,8.707268,-83.8817571,family,Epinephelidae
217927,Myripristis berndti,217927,research,2024-09-07,False,0,8.707268,-83.8817571,family,Holocentridae
286209,Leptogorgia alba,286209,research,2024-09-07,False,0,8.707268,-83.8817571,family,Gorgoniidae
289201,Pavona gigantea,289201,needs_id,2024-09-07,False,0,8.707268,-83.8817571,family,Agariciidae
281202,Johnrandallia nigrirostris,281202,research,2024-09-07,False,0,8.707268,-83.8817571,family,Chaetodontidae
218853,Cirrhitichthys oxycephalus,218853,research,2024-09-07,True,1,8.707268,-83.8817571,family,Cirrhitidae
206938,Pocillopora,206938,needs_id,2024-09-07,False,0,8.707268,-83.8817571,family,Pocilloporidae
218378,Malacanthus brevirostris,218378,research,2024-09-07,False,0,8.707268,-83.8817571,family,Malacanthidae
138518,Spondylus,138518,needs_id,2024-09-07,True,1,8.707268,-83.8817571,family,Spondylidae
219124,Scarus rubroviolaceus,219124,research,2024-09-07,False,0,8.707268,-83.8817571,family,Scaridae
219124,Scarus rubroviolaceus,219124,research,2024-09-07,False,0,8.707268,-83.8817571,family,Scaridae
164811,Demospongiae,164811,needs_id,2024-09-07,True,2,8.707268,-83.8817571,family,
286209,Leptogorgia alba,286209,research,2024-09-07,False,0,8.707268,-83.8817571,family,Gorgoniidae
218419,Caranx melampygus,218419,research,2024-09-07,False,0,8.707268,-83.8817571,family,Carangidae
138268,Octopus,138268,needs_id,2024-09-07,True,1,8.707268,-83.8817571,family,Octopodidae
275736,Haemulon sexfasciatum,275736,research,2024-09-07,False,0,8.707268,-83.8817571,family,Haemulidae
273271,Caranx caballus,273271,research,2024-09-07,False,0,8.707268,-83.8817571,family,Carangidae
273858,Epinephelus labriformis,273858,research,2024-09-07,False,0,8.707268,-83.8817571,family,Epinephelidae
137206,Chelonia mydas,137206,research,2024-09-07,True,2,8.6098446021,-83.8222139915,family,Cheloniidae
267665,Pacifigorgia,267665,needs_id,2024-09-07,False,0,8.707268,-83.8817571,family,Gorgoniidae
137206,Chelonia mydas,137206,research,2024-09-07,True,1,8.6856444425,-83.8951780241,family,Cheloniidae
1042860,Hypanus longus,1042860,research,2024-09-07,True,1,8.707268,-83.8817571,family,Dasyatidae
219925,Arothron hispidus,219925,research,2024-09-07,True,1,8.707268,-83.8817571,family,Tetraodontidae
279624,Anisotremus taeniatus,279624,research,2024-09-07,False,0,8.707268,-83.8817571,family,Haemulidae
275729,Haemulon maculicauda,275729,needs_id,2024-09-07,False,0,8.707268,-83.8817571,family,Haemulidae
276524,Lutjanus argentiventris,276524,research,2024-09-07,False,0,8.707268,-83.8817571,family,Lutjanidae
281087,Hoplopagrus guentherii,281087,research,2024-09-07,False,0,8.707268,-83.8817571,family,Lutjanidae
206485,Porites,206485,needs_id,2024-09-07,False,0,8.707268,-83.8817571,family,Poritidae
1778,Limidae,1778,needs_id,2024-09-07,False,0,8.707268,-83.8817571,family,Limidae
214557,Triaenodon obesus,214557,research,2024-09-07,True,1,8.707268,-83.8817571,family,Carcharhinidae
218853,Cirrhitichthys oxycephalus,218853,research,2024-09-07,True,1,8.707268,-83.8817571,family,Cirrhitidae
125484,Antennariidae,125484,needs_id,2024-09-07,False,0,8.707268,-83.8817571,family,Antennariidae
276028,Pomacanthus zonipectus,276028,research,2017-06-18,False,0,8.5685573091,-83.2666979222,family,Pomacanthidae
217469,Echidna nebulosa,217469,research,2017-06-18,True,1,8.5685573091,-83.2666979222,family,Muraenidae
123111,Dendrochirotida,123111,needs_id,2017-06-18,False,0,8.5685573091,-83.2666979222,family,
275729,Haemulon maculicauda,275729,needs_id,2017-06-18,False,0,8.5685573091,-83.2666979222,family,Haemulidae
132044,Placospongia,132044,needs_id,2017-06-18,False,0,8.5685573091,-83.2666979222,family,Placospongiidae
281087,Hoplopagrus guentherii,281087,research,2017-06-18,False,0,8.5685573091,-83.2666979222,family,Lutjanidae
273272,Caranx caninus,273272,needs_id,2017-06-18,False,0,8.5685573091,-83.2666979222,family,Carangidae
279161,Pseudobalistes naufragium,279161,needs_id,2017-06-18,False,0,8.5685573091,-83.2666979222,family,Balistidae
283177,Xenichthys xanti,283177,needs_id,2017-06-18,False,0,8.5685573091,-83.2666979222,family,Haemulidae
273702,Abudefduf troschelii,273702,research,2017-06-18,False,0,8.5685573091,-83.2666979222,family,Pomacentridae
464493,Pinctada mazatlanica,464493,research,2017-06-18,False,0,8.5685573091,-83.2666979222,family,Margaritidae
107459,Plagusia depressa,107459,research,2023-04-29,True,1,9.7337,-82.8090805556,family,Plagusiidae
213380,Echinometra lucunter,213380,needs_id,2023-04-28,False,0,9.7454472222,-82.8538055556,family,Echinometridae
1360,Actiniaria,1360,needs_id,2023-04-28,False,0,9.7444861111,-82.8546611111,family,
206071,Sabellastarte,206071,needs_id,2023-04-28,True,1,9.7453111111,-82.8537527778,family,Sabellidae
123083,Holothuroidea,123083,needs_id,2023-04-28,False,0,9.7452722222,-82.8536972222,family,
1264073,Exaiptasia diaphana,1264073,needs_id,2023-04-28,True,1,9.7452888889,-82.8537611111,family,Aiptasiidae
124454,Euapta lappa,124454,needs_id,2023-04-30,False,0,9.6454900767,-82.6873418137,family,Synaptidae
124454,Euapta lappa,124454,needs_id,2023-04-30,False,0,9.6454900767,-82.6873418137,family,Synaptidae
291135,Stichodactyla helianthus,291135,research,2023-04-30,False,0,9.6454900767,-82.6873418137,family,Stichodactylidae
288456,Palythoa caribaeorum,288456,research,2023-04-30,False,0,9.6454900767,-82.6873418137,family,Sphenopidae
179659,Echinometra,179659,needs_id,2023-04-30,False,0,9.6454900767,-82.6873418137,family,Echinometridae
123084,Ophiuroidea,123084,needs_id,2023-04-30,False,0,9.6454900767,-82.6873418137,family,
159786,Thalassoma bifasciatum,159786,research,2023-04-30,True,3,9.6454900767,-82.6873418137,family,Labridae
205902,Millepora,205902,needs_id,2023-04-30,False,0,9.6454900767,-82.6873418137,family,Milleporidae
287421,Millepora complanata,287421,needs_id,2023-04-30,False,0,9.6454900767,-82.6873418137,family,Milleporidae
396741,Eucidaris tribuloides,396741,needs_id,2023-04-30,False,0,9.6454900767,-82.6873418137,family,Cidaridae
422493,Echinometra viridis,422493,needs_id,2023-04-30,False,0,9.6454900767,-82.6873418137,family,Echinometridae
124332,Diadema antillarum,124332,needs_id,2023-04-30,False,0,9.6454900767,-82.6873418137,family,Diadematidae
828326,Pseudodiploria clivosa,828326,needs_id,2023-04-30,False,0,9.6454900767,-82.6873418137,family,Faviidae
124332,Diadema antillarum,124332,needs_id,2023-04-30,False,0,9.6454900767,-82.6873418137,family,Diadematidae
289826,Diploria labyrinthiformis,289826,needs_id,2023-04-30,False,0,9.6454900767,-82.6873418137,family,Faviidae
422490,Tripneustes ventricosus,422490,needs_id,2023-04-30,False,0,9.6454900767,-82.6873418137,family,Toxopneustidae
287916,Agaricia tenuifolia,287916,needs_id,2023-04-30,False,0,9.7877339665,-82.6790261697,family,Agariciidae
422490,Tripneustes ventricosus,422490,needs_id,2023-04-30,False,0,9.6454900767,-82.6873418137,family,Toxopneustidae
828326,Pseudodiploria clivosa,828326,needs_id,2023-04-30,False,0,9.6454900767,-82.6873418137,family,Faviidae
207517,Siderastrea radians,207517,needs_id,2023-04-30,False,0,9.6454900767,-82.6873418137,family,Rhizangiidae
100682,Arachnactidae,100682,needs_id,2023-04-30,True,1,9.6454900767,-82.6873418137,family,Arachnactidae
828326,Pseudodiploria clivosa,828326,needs_id,2023-04-30,False,0,9.6454900767,-82.6873418137,family,Faviidae
287421,Millepora complanata,287421,needs_id,2023-04-29,False,0,9.7395788739,-82.8174400058,family,Milleporidae
123083,Holothuroidea,123083,needs_id,2023-04-29,False,0,9.7395788739,-82.8174400058,family,
123083,Holothuroidea,123083,needs_id,2023-04-29,False,0,9.7395788739,-82.8174400058,family,
123083,Holothuroidea,123083,needs_id,2023-04-29,False,0,9.7395788739,-82.8174400058,family,
123083,Holothuroidea,123083,needs_id,2023-04-29,False,0,9.7395788739,-82.8174400058,family,
123083,Holothuroidea,123083,needs_id,2023-04-29,False,0,9.7395788739,-82.8174400058,family,
123083,Holothuroidea,123083,needs_id,2023-04-29,False,0,9.7395788739,-82.8174400058,family,
123083,Holothuroidea,123083,needs_id,2023-04-29,False,0,9.7395788739,-82.8174400058,family,
302432,Caranx ruber,302432,research,2023-04-29,True,1,9.7395788739,-82.8174400058,family,Carangidae
129831,Hermodice carunculata,129831,research,2023-04-29,False,0,9.7395788739,-82.8174400058,family,Amphinomidae
123083,Holothuroidea,123083,needs_id,2023-04-29,False,0,9.7395788739,-82.8174400058,family,
159559,Pterois volitans,159559,research,2023-04-29,True,1,9.7395788739,-82.8174400058,family,Scorpaenidae
275727,Haemulon flavolineatum,275727,research,2023-04-29,False,0,9.7395788739,-82.8174400058,family,Haemulidae
159797,Lutjanus griseus,159797,research,2023-04-29,True,1,9.7395788739,-82.8174400058,family,Lutjanidae
279625,Anisotremus virginicus,279625,research,2023-04-29,True,1,9.7395788739,-82.8174400058,family,Haemulidae
302312,Caranx bartholomaei,302312,research,2023-04-29,True,1,9.7395788739,-82.8174400058,family,Carangidae
159581,Acanthurus coeruleus,159581,needs_id,2023-04-29,True,1,9.7395788739,-82.8174400058,family,Acanthuridae
125540,Kyphosidae,125540,needs_id,2023-04-29,False,0,9.7395788739,-82.8174400058,family,Kyphosidae
396741,Eucidaris tribuloides,396741,needs_id,2023-04-29,False,0,9.7395788739,-82.8174400058,family,Cidaridae
124332,Diadema antillarum,124332,needs_id,2023-04-29,False,0,9.7395788739,-82.8174400058,family,Diadematidae
124332,Diadema antillarum,124332,needs_id,2023-04-29,False,0,9.7395788739,-82.8174400058,family,Diadematidae
207516,Siderastrea siderea,207516,needs_id,2023-04-29,False,0,9.7395788739,-82.8174400058,family,Rhizangiidae
708859,Antillogorgia americana,708859,needs_id,2023-04-29,False,0,9.7395788739,-82.8174400058,family,Gorgoniidae
828326,Pseudodiploria clivosa,828326,needs_id,2023-04-29,False,0,9.7395788739,-82.8174400058,family,Faviidae
207516,Siderastrea siderea,207516,needs_id,2023-04-29,False,0,9.7395788739,-82.8174400058,family,Rhizangiidae
125277,Plexauridae,125277,needs_id,2023-04-29,False,0,9.7395788739,-82.8174400058,family,Plexauridae
288227,Acropora palmata,288227,research,2023-04-29,False,0,9.7912710479,-82.8450940607,family,Acroporidae
140059,Haliotis tuberculata,140059,research,2018-03-24,True,1,28.5766924755,-16.329363585,family,Haliotidae
135181,Balanophyllia (Balanophyllia) regia,1442415,needs_id,2018-03-24,False,0,28.5766924755,-16.329363585,family,Dendrophylliidae
123795,Coscinasterias tenuispina,123795,research,2018-03-24,True,1,28.5766924755,-16.329363585,family,Asteriidae
126772,Parablennius parvicornis,126772,research,2018-03-24,False,0,28.5766924755,-16.329363585,family,Blenniidae
123795,Coscinasterias tenuispina,123795,research,2018-03-24,False,0,28.5766924755,-16.329363585,family,Asteriidae
126970,Thalassoma pavo,126970,research,2018-03-24,True,1,28.5766924755,-16.329363585,family,Labridae
149855,Echinacea,149855,needs_id,2018-03-24,True,2,28.5766924755,-16.329363585,family,
124316,Paracentrotus lividus,124316,research,2018-03-24,True,1,28.5766924755,-16.329363585,family,Parechinidae
888371,Enthemonae,888371,needs_id,2018-03-24,True,2,28.5766924755,-16.329363585,family,
100808,Anemonia viridis,100808,research,2018-03-24,False,0,28.5766924755,-16.329363585,family,Actiniidae
135479,Physalia physalis,135479,research,2018-03-24,True,2,28.5766924755,-16.329363585,family,Physaliidae
124316,Paracentrotus lividus,124316,research,2018-03-24,False,0,28.5766924755,-16.329363585,family,Parechinidae
124316,Paracentrotus lividus,124316,research,2018-03-24,False,0,28.5766924755,-16.329363585,family,Parechinidae
138758,Aplysia punctata,138758,needs_id,2018-03-24,True,1,28.5766924755,-16.329363585,family,Aplysiidae
123795,Coscinasterias tenuispina,123795,research,2018-03-24,True,1,28.5766924755,-16.329363585,family,Asteriidae
100808,Anemonia viridis,100808,research,2018-03-24,True,1,28.5766924755,-16.329363585,family,Actiniidae
889885,Similiparma lurida,889885,research,2018-03-24,True,1,28.5766924755,-16.329363585,family,Pomacentridae
123795,Coscinasterias tenuispina,123795,research,2018-03-24,False,0,28.5766924755,-16.329363585,family,Asteriidae
135181,Balanophyllia (Balanophyllia) regia,1442415,needs_id,2018-03-24,False,0,28.5766924755,-16.329363585,family,Dendrophylliidae
138753,Aplysia dactylomela,138753,research,2018-03-24,True,2,28.5766924755,-16.329363585,family,Aplysiidae
100770,Metridium,100770,needs_id,2019-07-30,False,0,48.5455569954,-123.0130950756,family,Metridiidae
1718121,Haliclystus sanjuanensis,1718121,research,2019-07-31,False,0,48.4509722222,-122.9621361111,family,Haliclystidae
558913,Armina californica,558913,research,2019-07-22,False,0,48.5455027778,-123.0134416667,family,Arminidae
100833,Urticina eques,100833,needs_id,2019-08-12,False,0,48.5456194444,-123.0135416667,family,Actiniidae
575156,Haminoea vesicula,575156,needs_id,2019-08-11,False,0,48.5457916667,-123.0129916667,family,Haminoeidae
131641,Microcionidae,131641,needs_id,2019-07-31,True,1,48.4507305556,-122.9624472222,family,Microcionidae
369177,Leptasterias hexactis,369177,needs_id,2019-07-31,False,0,48.4509722222,-122.9621361111,family,Asteriidae
283347,Anthopleura elegantissima,283347,research,2019-07-31,True,1,48.4509472222,-122.9620361111,family,Actiniidae
255040,Evasterias troschelii,255040,research,2019-07-31,True,3,48.4509666667,-122.9620277778,family,Asteriidae
283347,Anthopleura elegantissima,283347,research,2019-07-31,True,1,48.4507777778,-122.9619305556,family,Actiniidae
535329,Pollicipes polymerus,535329,research,2019-07-31,False,0,48.4514888889,-122.9620972222,family,Pollicipedidae
240776,Cryptochiton stelleri,240776,research,2019-07-31,False,0,48.4508944444,-122.9618694444,family,Acanthochitonidae
131834,Haliclona,131834,needs_id,2019-07-31,False,0,48.4514916667,-122.9621361111,family,Chalinidae
165853,Halichondria (Halichondria) panicea,132627,needs_id,2019-07-31,False,0,48.4515,-122.9620444444,family,Halichondriidae
1360,Actiniaria,1360,needs_id,2019-07-31,False,0,48.4501833333,-122.9618916667,family,
283347,Anthopleura elegantissima,283347,research,2019-07-31,True,1,48.4516805556,-122.9619138889,family,Actiniidae
1360,Actiniaria,1360,needs_id,2019-07-31,False,0,48.4518611111,-122.9619916667,family,
1360,Actiniaria,1360,needs_id,2019-07-31,False,0,48.45165,-122.9620583333,family,
369177,Leptasterias hexactis,369177,needs_id,2019-07-31,False,0,48.4517777778,-122.9618833333,family,Asteriidae
529305,Eupentacta quinquesemita,529305,needs_id,2019-07-31,False,0,48.4517777778,-122.9618833333,family,Sclerodactylidae
369177,Leptasterias hexactis,369177,needs_id,2019-07-31,False,0,48.4517777778,-122.9618833333,family,Asteriidae
123390,Strongylocentrotus,123390,needs_id,2019-07-31,False,0,48.4517694444,-122.9619,family,Strongylocentrotidae
240747,Strongylocentrotus purpuratus,240747,needs_id,2019-07-31,True,1,48.4518,-122.9618444444,family,Strongylocentrotidae
242666,Amphiodia occidentalis,242666,needs_id,2019-07-31,False,0,48.4518861111,-122.9618222222,family,Amphiuridae
369177,Leptasterias hexactis,369177,needs_id,2019-07-31,False,0,48.4518861111,-122.9618527778,family,Asteriidae
581816,Doris montereyensis,581816,research,2019-07-31,False,0,48.4518361111,-122.9615333333,family,Dorididae
283347,Anthopleura elegantissima,283347,research,2019-07-31,False,0,48.4520138889,-122.9619222222,family,Actiniidae
283347,Anthopleura elegantissima,283347,needs_id,2019-07-31,False,0,48.4519527778,-122.9618611111,family,Actiniidae
367837,Mytilus californianus,367837,research,2019-07-31,False,0,48.4518916667,-122.9620361111,family,Mytilidae
283347,Anthopleura elegantissima,283347,research,2019-07-31,False,0,48.4522472222,-122.9618,family,Actiniidae
369117,Henricia leviuscula,369117,needs_id,2019-07-31,True,2,48.4525555556,-122.9622027778,family,Echinasteridae
100706,Urticina,100706,needs_id,2019-07-31,True,2,48.4526166667,-122.9622944444,family,Actiniidae
529305,Eupentacta quinquesemita,529305,needs_id,2019-07-31,False,0,48.4527083333,-122.9623194444,family,Sclerodactylidae
529305,Eupentacta quinquesemita,529305,needs_id,2019-07-31,False,0,48.4527472222,-122.9624472222,family,Sclerodactylidae
123080,Asteroidea,123080,needs_id,2019-07-31,False,0,48.4527083333,-122.9623194444,family,
225807,Cucumaria miniata,225807,research,2019-07-31,False,0,48.4528722222,-122.9624777778,family,Cucumariidae
890436,Diaulula odonoghuei,890436,research,2019-07-30,False,0,48.5216777778,-123.0142527778,family,Discodorididae
225807,Cucumaria miniata,225807,needs_id,2019-07-30,False,0,48.5216333333,-123.0141666667,family,Cucumariidae
240771,Dermasterias imbricata,240771,research,2019-07-30,False,0,48.5216722222,-123.0138638889,family,Asteropseidae
240747,Strongylocentrotus purpuratus,240747,research,2019-07-30,False,0,48.5216222222,-123.0135805556,family,Strongylocentrotidae
242666,Amphiodia occidentalis,242666,needs_id,2019-07-30,False,0,48.52155,-123.0135027778,family,Amphiuridae
240747,Strongylocentrotus purpuratus,240747,research,2019-07-30,False,0,48.5216777778,-123.0142138889,family,Strongylocentrotidae
386353,Mopalia muscosa,386353,research,2019-07-30,False,0,48.486,-123.0691972222,family,Mopaliidae
386338,Katharina tunicata,386338,research,2019-07-30,False,0,48.4859166667,-123.0691611111,family,Mopaliidae
923,Maldanidae,923,needs_id,2019-07-30,True,1,48.4818277778,-123.0717611111,family,Maldanidae
528885,Leptosynapta clarki,528885,needs_id,2019-07-30,False,0,48.4818416667,-123.0717388889,family,Synaptidae
287192,Cyanea ferruginea,287192,research,2019-07-30,False,0,48.4818694444,-123.0720972222,family,Cyaneidae
170478,Cliona tenuis,170478,needs_id,2019-06-06,False,0,21.8210984213,-89.5442116698,family,Clionaidae
558,Porifera,558,needs_id,2019-06-06,False,0,21.8210984213,-89.5442116698,family,
170478,Cliona tenuis,170478,needs_id,2019-06-06,False,0,21.8210984213,-89.5442116698,family,Clionaidae
282139,Pareques acuminatus,282139,research,2019-06-06,True,1,21.8210984213,-89.5442116698,family,Sciaenidae
275645,Opsanus beta,275645,needs_id,2019-06-06,False,0,21.8210984213,-89.5442116698,family,Batrachoididae
267790,Pterogorgia,267790,needs_id,2019-06-06,False,0,21.8210984213,-89.5442116698,family,Pterogorgiidae
127402,Diodon holocanthus,127402,research,2019-06-06,True,1,21.8210984213,-89.5442116698,family,Diodontidae
558,Porifera,558,needs_id,2019-06-06,False,0,21.8210984213,-89.5442116698,family,
712603,Hypoplectrus ecosur,712603,research,2019-06-06,False,0,21.8210984213,-89.5442116698,family,Serranidae
558,Porifera,558,needs_id,2019-06-06,False,0,21.8210984213,-89.5442116698,family,
558,Porifera,558,needs_id,2019-06-06,False,0,21.8210984213,-89.5442116698,family,
123084,Ophiuroidea,123084,needs_id,2019-06-06,False,0,21.8210984213,-89.5442116698,family,
178754,Echinaster (Othilia) spinulosus,178754,needs_id,2019-06-06,False,0,21.8210984213,-89.5442116698,family,Echinasteridae
367850,Lytechinus variegatus,367850,needs_id,2019-06-06,False,0,21.8210984213,-89.5442116698,family,Toxopneustidae
178754,Echinaster (Othilia) spinulosus,178754,needs_id,2019-06-06,False,0,21.8210984213,-89.5442116698,family,Echinasteridae
422499,Clypeaster subdepressus,422499,needs_id,2019-06-06,False,0,21.8210984213,-89.5442116698,family,Clypeasteridae
178754,Echinaster (Othilia) spinulosus,178754,needs_id,2019-06-06,False,0,21.8210984213,-89.5442116698,family,Echinasteridae
159350,Diplectrum formosum,159350,needs_id,2019-06-06,False,0,21.8210984213,-89.5442116698,family,Serranidae
422499,Clypeaster subdepressus,422499,needs_id,2019-06-06,False,0,21.8210984213,-89.5442116698,family,Clypeasteridae
422499,Clypeaster subdepressus,422499,needs_id,2019-06-06,False,0,21.8210984213,-89.5442116698,family,Clypeasteridae
159350,Diplectrum formosum,159350,needs_id,2019-06-06,False,0,21.8210984213,-89.5442116698,family,Serranidae
367850,Lytechinus variegatus,367850,needs_id,2019-06-06,False,0,21.8210984213,-89.5442116698,family,Toxopneustidae
367850,Lytechinus variegatus,367850,needs_id,2019-06-06,False,0,21.8210984213,-89.5442116698,family,Toxopneustidae
206485,Porites,206485,needs_id,2017-03-29,False,0,8.5970647922,-83.3023924782,family,Poritidae
985,Sabellidae,985,needs_id,2017-03-29,False,0,8.5970647922,-83.3023924782,family,Sabellidae
206485,Porites,206485,needs_id,2017-03-29,False,0,8.5970647922,-83.3023924782,family,Poritidae
206614,Pavona,206614,needs_id,2017-03-29,False,0,8.5970647922,-83.3023924782,family,Agariciidae
100766,Telmatactis,100766,needs_id,2017-03-29,False,0,8.5970647922,-83.3023924782,family,Andvakiidae
275763,Halichoeres dispilus,275763,research,2017-03-29,False,0,8.5970647922,-83.3023924782,family,Labridae
1302,Pycnogonida,1302,needs_id,2017-03-29,False,0,8.5970647922,-83.3023924782,family,
123084,Ophiuroidea,123084,needs_id,2017-03-29,False,0,8.5970647922,-83.3023924782,family,
271825,Gymnothorax castaneus,271825,needs_id,2017-03-29,True,1,8.5970647922,-83.3023924782,family,Muraenidae
117305,Macrorhynchia philippina,117305,needs_id,2017-03-29,False,0,8.5970647922,-83.3023924782,family,Aglaopheniidae
125302,Leptogorgia,125302,needs_id,2017-03-29,False,0,8.5970647922,-83.3023924782,family,Gorgoniidae
281202,Johnrandallia nigrirostris,281202,research,2017-03-29,False,0,8.5970647922,-83.3023924782,family,Chaetodontidae
218429,Gnathanodon speciosus,218429,research,2017-03-29,False,0,8.5970647922,-83.3023924782,family,Carangidae
164811,Demospongiae,164811,needs_id,2017-03-29,False,0,8.5970647922,-83.3023924782,family,
164811,Demospongiae,164811,needs_id,2017-03-29,False,0,8.5970647922,-83.3023924782,family,
279152,Cephalopholis panamensis,279152,research,2017-03-29,False,0,8.5970647922,-83.3023924782,family,Epinephelidae
282104,Parapsettus panamensis,282104,needs_id,2017-03-29,False,0,8.5970647922,-83.3023924782,family,Ephippidae
1297576,Styracura pacifica,1297576,research,2017-03-29,True,2,8.5318100601,-83.3221831936,family,Potamotrygonidae
206485,Porites,206485,needs_id,2017-03-29,False,0,8.5970647922,-83.3023924782,family,Poritidae
273584,Thalassoma lucasanum,273584,research,2017-03-29,False,0,8.5970647922,-83.3023924782,family,Labridae
218853,Cirrhitichthys oxycephalus,218853,research,2017-03-29,False,0,8.5970647922,-83.3023924782,family,Cirrhitidae
135085,Caryophyllia,135085,needs_id,2017-03-29,False,0,8.5970647922,-83.3023924782,family,Caryophylliidae
395098,Carijoa riisei,395098,needs_id,2017-03-29,False,0,8.5970647922,-83.3023924782,family,Carijoidae
125523,Carangidae,125523,needs_id,2017-03-29,False,0,8.5970647922,-83.3023924782,family,Carangidae
275264,Canthigaster punctatissima,275264,research,2017-03-29,False,0,8.5970647922,-83.3023924782,family,Tetraodontidae
273527,Bodianus diplotaenia,273527,research,2017-03-29,False,0,8.5970647922,-83.3023924782,family,Labridae
275234,Balistes polylepis,275234,research,2017-03-29,True,1,8.5970647922,-83.3023924782,family,Balistidae
273584,Thalassoma lucasanum,273584,research,2017-03-29,False,0,8.5970647922,-83.3023924782,family,Labridae
535677,Corambe pacifica,535677,research,2021-03-27,False,0,31.8630666667,-116.6672138889,family,Corambidae
1562,Ammotheidae,1562,needs_id,2021-03-26,False,0,31.8630201534,-116.6673815171,family,Ammotheidae
137954,Eubranchus,137954,casual,2020-02-12,True,2,31.863025,-116.6673444444,family,Eubranchidae
385576,Nuttallina,385576,needs_id,2020-08-23,False,0,31.8614104615,-116.6676603109,family,Tonicellidae
224570,Caenogastropoda,224570,needs_id,2021-06-01,False,0,31.8630611111,-116.66745,family,
528084,Megastraea undosa,528084,needs_id,2021-06-08,False,0,31.8630011013,-116.667327717,family,Turbinidae
529363,Apostichopus californicus,529363,needs_id,2021-06-08,False,0,31.8629737649,-116.667327717,family,Stichopodidae
580674,Neobernaya spadicea,580674,research,2020-09-15,False,0,31.8629416667,-116.6672888889,family,Cypraeidae
491054,Kelletia kelletii,491054,needs_id,2020-01-31,False,0,31.8629666667,-116.6674055556,family,Austrosiphonidae
123084,Ophiuroidea,123084,needs_id,2020-04-28,False,0,31.8614667004,-116.6677568704,family,
240765,Aplysia californica,240765,research,2021-03-26,True,1,31.8614884741,-116.6677139551,family,Aplysiidae
137654,Aplysia,137654,needs_id,2021-03-26,True,2,31.8614884741,-116.6677139551,family,Aplysiidae
279617,Anisotremus davidsonii,279617,research,2020-10-04,False,0,31.8621346197,-116.6580166942,family,Haemulidae
282054,Paralabrax clathratus,282054,research,2020-10-04,True,1,31.8621346197,-116.6580166942,family,Serranidae
137654,Aplysia,137654,needs_id,2020-10-04,False,0,31.8621346197,-116.6580166942,family,Aplysiidae
287556,Muricea californica,287556,research,2020-10-04,False,0,31.8621346197,-116.6580166942,family,Plexauridae
177745,Muricea,177745,needs_id,2020-10-04,False,0,31.8621346197,-116.6580166942,family,Plexauridae
283377,Anthopleura xanthogrammica,283377,research,2020-08-23,False,0,31.8614429126,-116.6678259363,family,Actiniidae
341951,Octopus bimaculatus,341951,needs_id,2020-08-23,False,0,31.8614793618,-116.6678410944,family,Octopodidae
280219,Clinocottus analis,280219,needs_id,2020-08-23,True,1,31.8614793618,-116.6678410944,family,Cottidae
280219,Clinocottus analis,280219,needs_id,2020-08-23,True,1,31.8614793618,-116.6678410944,family,Cottidae
240753,Anthopleura sola,240753,research,2021-02-10,False,0,31.8614611372,-116.6677401056,family,Actiniidae
240753,Anthopleura sola,240753,research,2019-12-26,True,1,31.8612833333,-116.6680305556,family,Actiniidae
367769,Stenoplax,367769,needs_id,2019-12-26,False,0,31.8613333333,-116.6677694444,family,Ischnochitonidae
591102,Mesocentrotus franciscanus,591102,needs_id,2019-12-28,False,0,31.8614808425,-116.6676820311,family,Strongylocentrotidae
123084,Ophiuroidea,123084,needs_id,2019-12-28,False,0,31.8616472222,-116.6674888889,family,
848098,Stenoplax conspicua,848098,research,2019-12-26,False,0,31.8614583333,-116.6673277778,family,Ischnochitonidae
240747,Strongylocentrotus purpuratus,240747,needs_id,2019-12-28,False,0,31.8613694444,-116.667525,family,Strongylocentrotidae
568031,Aplysia vaccaria,568031,needs_id,2019-12-28,False,0,31.8615388889,-116.6681277778,family,Aplysiidae
123084,Ophiuroidea,123084,needs_id,2019-12-28,False,0,31.861525,-116.6681277778,family,
248339,Heptacarpus,248339,needs_id,2019-12-28,False,0,31.861525,-116.6681277778,family,Thoridae
123084,Ophiuroidea,123084,needs_id,2019-12-28,False,0,31.8615222222,-116.6681361111,family,
367837,Mytilus californianus,367837,needs_id,2019-12-28,False,0,31.86145,-116.6678388889,family,Mytilidae
535329,Pollicipes polymerus,535329,research,2019-12-28,False,0,31.86145,-116.6678388889,family,Pollicipedidae
531262,Triopha maculata,531262,research,2020-02-17,False,0,31.8630166667,-116.6673666667,family,Polyceridae
382131,Patiria miniata,382131,research,2020-02-15,False,0,31.8628666667,-116.6673444444,family,Asterinidae
575441,Melibe leonina,575441,research,2020-02-07,False,0,31.8630194444,-116.6673444444,family,Tethydidae
386784,Chiton stokesii,386784,research,2017-04-29,False,0,10.942263,-85.7128096,family,Chitonidae
14355,Stomatopoda,14355,needs_id,2017-04-30,False,0,10.9253412257,-85.800109771,family,
123083,Holothuroidea,123083,needs_id,2017-04-30,False,0,10.9253412257,-85.800109771,family,
386331,Tonicia forbesii,386331,research,2017-04-30,False,0,10.9253412257,-85.800109771,family,Chitonidae
206125,Iphione,206125,needs_id,2017-04-30,False,0,10.9253412257,-85.800109771,family,Iphionidae
464493,Pinctada mazatlanica,464493,needs_id,2017-04-30,False,0,10.9253412257,-85.800109771,family,Margaritidae
558,Porifera,558,needs_id,2017-04-30,False,0,10.9253412257,-85.800109771,family,
415414,Gemophos,415414,needs_id,2017-04-30,False,0,10.9253412257,-85.800109771,family,Pisaniidae
386331,Tonicia forbesii,386331,research,2017-04-30,False,0,10.9253412257,-85.800109771,family,Chitonidae
125185,Holothuria (Thymiosycia) impatiens,732340,needs_id,2017-04-30,False,0,10.9253412257,-85.800109771,family,Holothuriidae
513266,Eucidaris thouarsii,513266,needs_id,2017-04-30,False,0,10.9253412257,-85.800109771,family,Cidaridae
1264073,Exaiptasia diaphana,1264073,research,2017-04-30,False,0,10.9253412257,-85.800109771,family,Aiptasiidae
117802,Pennaria disticha,117802,needs_id,2017-04-30,False,0,10.9253412257,-85.800109771,family,Pennariidae
125185,Holothuria (Thymiosycia) impatiens,732340,needs_id,2017-04-30,False,0,10.9253412257,-85.800109771,family,Holothuriidae
513266,Eucidaris thouarsii,513266,needs_id,2017-04-30,False,0,10.9253412257,-85.800109771,family,Cidaridae
985,Sabellidae,985,needs_id,2017-04-30,False,0,10.9253412257,-85.800109771,family,Sabellidae
246351,Neaxius,246351,needs_id,2017-04-30,False,0,10.9253412257,-85.800109771,family,Strahlaxiidae
181218,Pleurobranchus areolatus,181218,research,2017-04-29,False,0,10.942263,-85.7128096,family,Pleurobranchidae
529627,Pseudocnus californicus,529627,needs_id,2017-04-29,False,0,10.942263,-85.7128096,family,Cucumariidae
266129,Rhopalaea birkelandi,266129,research,2017-04-29,False,0,10.942263,-85.7128096,family,Diazonidae
513266,Eucidaris thouarsii,513266,needs_id,2017-04-29,False,0,10.942263,-85.7128096,family,Cidaridae
529627,Pseudocnus californicus,529627,needs_id,2017-04-29,False,0,10.942263,-85.7128096,family,Cucumariidae
123456,Holothuria,123456,needs_id,2017-04-29,False,0,10.942263,-85.7128096,family,Holothuriidae
123111,Dendrochirotida,123111,needs_id,2017-04-29,False,0,10.942263,-85.7128096,family,
1360,Actiniaria,1360,needs_id,2017-04-29,False,0,10.942263,-85.7128096,family,
106325,Bolinopsidae,106325,needs_id,2017-04-29,True,1,10.942263,-85.7128096,family,Bolinopsidae
592954,Bunodosoma grande,592954,research,2017-04-29,False,0,10.942263,-85.7128096,family,Actiniidae
513609,Toxopneustes roseus,513609,research,2017-04-29,False,0,10.942263,-85.7128096,family,Toxopneustidae
217469,Echidna nebulosa,217469,research,2017-04-29,False,0,10.942263,-85.7128096,family,Muraenidae
513266,Eucidaris thouarsii,513266,needs_id,2017-04-29,False,0,10.942263,-85.7128096,family,Cidaridae
123084,Ophiuroidea,123084,needs_id,2017-04-29,False,0,10.942263,-85.7128096,family,
123111,Dendrochirotida,123111,needs_id,2017-04-29,False,0,10.942263,-85.7128096,family,
1039511,Catolasmus pilsbryi,1039511,research,2017-04-29,False,0,10.942263,-85.7128096,family,Catophragmidae
271900,Muraena lentiginosa,271900,research,2017-04-29,False,0,10.942263,-85.7128096,family,Muraenidae
513244,Echinometra vanbrunti,513244,needs_id,2017-04-29,False,0,10.942263,-85.7128096,family,Echinometridae
273126,Ophioblennius steindachneri,273126,research,2017-04-29,False,0,10.942263,-85.7128096,family,Blenniidae
117190,Pennaria,117190,needs_id,2017-04-29,False,0,10.942263,-85.7128096,family,Pennariidae
513609,Toxopneustes roseus,513609,research,2017-04-29,False,0,10.942263,-85.7128096,family,Toxopneustidae
276658,Stegastes acapulcoensis,276658,needs_id,2017-04-29,False,0,10.942263,-85.7128096,family,Pomacentridae
513223,Diadema mexicanum,513223,needs_id,2017-04-29,False,0,10.942263,-85.7128096,family,Diadematidae
125523,Carangidae,125523,needs_id,2017-04-29,False,0,10.942263,-85.7128096,family,Carangidae
513619,Tripneustes depressus,513619,research,2017-04-29,False,0,10.942263,-85.7128096,family,Toxopneustidae
513244,Echinometra vanbrunti,513244,needs_id,2017-04-29,False,0,10.942263,-85.7128096,family,Echinometridae
712980,Aetobatus laticeps,712980,research,2017-04-29,True,3,10.942263,-85.7128096,family,Aetobatidae
370899,Pentaceraster cumingi,370899,research,2017-04-29,False,0,10.942263,-85.7128096,family,Oreasteridae
138268,Octopus,138268,needs_id,2017-04-29,False,0,10.942263,-85.7128096,family,Octopodidae
513619,Tripneustes depressus,513619,research,2017-04-29,False,0,10.942263,-85.7128096,family,Toxopneustidae
271900,Muraena lentiginosa,271900,research,2017-04-29,False,0,10.942263,-85.7128096,family,Muraenidae
210968,Euapta godeffroyi,210968,needs_id,2017-04-29,False,0,10.942263,-85.7128096,family,Synaptidae
513223,Diadema mexicanum,513223,needs_id,2017-04-29,False,0,10.942263,-85.7128096,family,Diadematidae
217966,Fistularia commersonii,217966,research,2017-04-29,False,0,10.942263,-85.7128096,family,Fistulariidae
513266,Eucidaris thouarsii,513266,needs_id,2017-04-29,False,0,10.942263,-85.7128096,family,Cidaridae
513223,Diadema mexicanum,513223,needs_id,2017-04-29,False,0,10.942263,-85.7128096,family,Diadematidae
1264073,Exaiptasia diaphana,1264073,research,2017-04-29,False,0,10.942263,-85.7128096,family,Aiptasiidae
1264073,Exaiptasia diaphana,1264073,research,2017-04-29,False,0,10.942263,-85.7128096,family,Aiptasiidae
132044,Placospongia,132044,needs_id,2017-04-30,False,0,10.9209212,-85.7999758,family,Placospongiidae
123084,Ophiuroidea,123084,needs_id,2017-04-30,False,0,10.9209212,-85.7999758,family,
513619,Tripneustes depressus,513619,needs_id,2017-04-30,False,0,10.9209212,-85.7999758,family,Toxopneustidae
271900,Muraena lentiginosa,271900,research,2024-05-26,False,0,10.853905667,-85.9544582591,family,Muraenidae
218853,Cirrhitichthys oxycephalus,218853,research,2024-05-26,True,1,10.853905667,-85.9544582591,family,Cirrhitidae
275756,Halichoeres chierchiae,275756,research,2024-05-26,False,0,10.853905667,-85.9544582591,family,Labridae
276016,Holacanthus passer,276016,research,2024-05-26,True,1,10.853905667,-85.9544582591,family,Pomacanthidae
529159,Cucumaria flamma,529159,needs_id,2024-05-26,False,0,10.853905667,-85.9544582591,family,Cucumariidae
218865,Oxycirrhites typus,218865,research,2024-05-26,True,1,10.853905667,-85.9544582591,family,Cirrhitidae
275264,Canthigaster punctatissima,275264,research,2024-05-26,False,0,10.853905667,-85.9544582591,family,Tetraodontidae
125302,Leptogorgia,125302,needs_id,2024-05-26,False,0,10.853905667,-85.9544582591,family,Gorgoniidae
125302,Leptogorgia,125302,needs_id,2024-05-26,False,0,10.853905667,-85.9544582591,family,Gorgoniidae
279152,Cephalopholis panamensis,279152,research,2024-05-26,False,0,10.853905667,-85.9544582591,family,Epinephelidae
286209,Leptogorgia alba,286209,needs_id,2024-05-26,False,0,10.853905667,-85.9544582591,family,Gorgoniidae
271900,Muraena lentiginosa,271900,needs_id,2024-05-26,True,1,10.853905667,-85.9544582591,family,Muraenidae
275957,Rypticus bicolor,275957,research,2024-05-26,False,0,10.853905667,-85.9544582591,family,Grammistidae
210873,Holothuria (Stauropora) fuscocinerea,1544535,needs_id,2024-05-26,False,0,10.853905667,-85.9544582591,family,Holothuriidae
169650,Aplysina gerardogreeni,169650,research,2024-05-26,True,1,10.853905667,-85.9544582591,family,Aplysinidae
291251,Tubastraea coccinea,291251,needs_id,2024-05-26,False,0,10.853905667,-85.9544582591,family,Dendrophylliidae
513223,Diadema mexicanum,513223,needs_id,2024-05-26,False,0,10.853905667,-85.9544582591,family,Diadematidae
291251,Tubastraea coccinea,291251,needs_id,2024-05-26,False,0,10.853905667,-85.9544582591,family,Dendrophylliidae
271898,Muraena clepsydra,271898,needs_id,2024-05-26,True,1,10.853905667,-85.9544582591,family,Muraenidae
206485,Porites,206485,needs_id,2024-05-26,False,0,10.853905667,-85.9544582591,family,Poritidae
210873,Holothuria (Stauropora) fuscocinerea,1544535,needs_id,2024-05-26,False,0,10.853905667,-85.9544582591,family,Holothuriidae
1026118,Mobula birostris,1026118,research,2024-05-26,True,1,10.9274725084,-85.9213088285,family,Mobulidae
273858,Epinephelus labriformis,273858,research,2024-05-26,False,0,10.853905667,-85.9544582591,family,Epinephelidae
273904,Serranus psittacinus,273904,research,2024-05-26,False,0,10.853905667,-85.9544582591,family,Serranidae
464493,Pinctada mazatlanica,464493,needs_id,2024-05-26,False,0,10.853905667,-85.9544582591,family,Margaritidae
105792,Carcharhinus leucas,105792,research,2024-05-26,True,3,10.9501970992,-85.8922836336,family,Carcharhinidae
276658,Stegastes acapulcoensis,276658,needs_id,2024-03-03,False,0,11.025629,-85.751292,family,Pomacentridae
275264,Canthigaster punctatissima,275264,research,2024-03-03,False,0,11.025629,-85.751292,family,Tetraodontidae
513223,Diadema mexicanum,513223,needs_id,2024-03-03,False,0,11.025629,-85.751292,family,Diadematidae
123111,Dendrochirotida,123111,needs_id,2024-03-03,False,0,11.025629,-85.751292,family,
123083,Holothuroidea,123083,needs_id,2024-03-03,False,0,10.942263,-85.7128096,family,
513244,Echinometra vanbrunti,513244,needs_id,2024-03-03,False,0,11.025629,-85.751292,family,Echinometridae
592954,Bunodosoma grande,592954,research,2024-03-03,False,0,11.025629,-85.751292,family,Actiniidae
206938,Pocillopora,206938,needs_id,2024-03-03,False,0,10.942263,-85.7128096,family,Pocilloporidae
1580692,Azurina atrilobata,1580692,needs_id,2024-03-03,False,0,10.942263,-85.7128096,family,Pomacentridae
289201,Pavona gigantea,289201,needs_id,2024-03-03,False,0,10.942263,-85.7128096,family,Agariciidae
254919,Nidorellia armata,254919,research,2024-03-03,False,0,10.942263,-85.7128096,family,Oreasteridae
217966,Fistularia commersonii,217966,research,2024-03-03,False,0,10.942263,-85.7128096,family,Fistulariidae
219926,Arothron meleagris,219926,research,2024-03-03,True,1,10.942263,-85.7128096,family,Tetraodontidae
513223,Diadema mexicanum,513223,needs_id,2024-03-03,False,0,10.942263,-85.7128096,family,Diadematidae
125449,Synodontidae,125449,needs_id,2024-03-03,False,0,11.025629,-85.751292,family,Synodontidae
11718,Octopoda,11718,needs_id,2024-03-03,False,0,11.025629,-85.751292,family,
145,Naticidae,145,needs_id,2024-03-02,False,0,10.9737363,-85.7461548,family,Naticidae
410241,Malea ringens,410241,research,2024-03-02,False,0,10.9737363,-85.7461548,family,Tonnidae
291114,Stellamedusa ventana,291114,research,2024-03-02,True,3,10.9737363,-85.7461548,family,Ulmaridae
982,Terebellidae,982,needs_id,2024-03-02,False,0,10.9737363,-85.7461548,family,Terebellidae
988,Serpulidae,988,needs_id,2024-03-02,False,0,10.9737363,-85.7461548,family,Serpulidae
529159,Cucumaria flamma,529159,needs_id,2024-03-02,False,0,10.9737363,-85.7461548,family,Cucumariidae
988,Serpulidae,988,needs_id,2024-03-02,False,0,10.9737363,-85.7461548,family,Serpulidae
252289,Botrylloides niger,252289,needs_id,2024-03-02,False,0,10.9737363,-85.7461548,family,Styelidae
137224,Pyrosoma,137224,needs_id,2024-03-02,False,0,10.9737363,-85.7461548,family,Pyrosomatidae
1774,Ostreida,1774,needs_id,2024-03-02,True,1,10.9737363,-85.7461548,family,
291251,Tubastraea coccinea,291251,needs_id,2024-03-02,False,0,10.9737363,-85.7461548,family,Dendrophylliidae
137213,Pyrosomatida,137213,needs_id,2024-03-02,False,0,10.9737363,-85.7461548,family,
982,Terebellidae,982,needs_id,2024-03-02,False,0,10.9737363,-85.7461548,family,Terebellidae
513609,Toxopneustes roseus,513609,needs_id,2024-03-02,False,0,10.9737363,-85.7461548,family,Toxopneustidae
513266,Eucidaris thouarsii,513266,needs_id,2024-03-02,False,0,10.9737363,-85.7461548,family,Cidaridae
292797,Phataria unifascialis,292797,needs_id,2024-03-02,False,0,10.9737363,-85.7461548,family,Ophidiasteridae
286209,Leptogorgia alba,286209,needs_id,2024-03-02,False,0,10.9737363,-85.7461548,family,Gorgoniidae
529159,Cucumaria flamma,529159,needs_id,2024-03-02,False,0,10.9737363,-85.7461548,family,Cucumariidae
123084,Ophiuroidea,123084,needs_id,2024-03-02,False,0,10.9737363,-85.7461548,family,
291114,Stellamedusa ventana,291114,research,2024-03-02,True,4,10.9737363,-85.7461548,family,Ulmaridae
441967,Stenorhynchus debilis,441967,research,2024-03-02,False,0,10.9737363,-85.7461548,family,Inachoididae
137213,Pyrosomatida,137213,needs_id,2024-03-02,False,0,10.9737363,-85.7461548,family,
558502,Chromolaichma sedna,558502,research,2024-03-02,True,2,10.9737363,-85.7461548,family,Chromodorididae
513223,Diadema mexicanum,513223,needs_id,2024-03-02,False,0,10.9737363,-85.7461548,family,Diadematidae
254919,Nidorellia armata,254919,needs_id,2024-03-02,False,0,10.9737363,-85.7461548,family,Oreasteridae
117802,Pennaria disticha,117802,needs_id,2024-05-25,False,0,10.9443855311,-85.7125593335,family,Pennariidae
203822,Stegastes,203822,needs_id,2024-05-25,False,0,10.9437956433,-85.7111002118,family,Pomacentridae
271898,Muraena clepsydra,271898,research,2024-05-25,True,2,10.9449754176,-85.7129026562,family,Muraenidae
513609,Toxopneustes roseus,513609,needs_id,2024-05-25,False,0,10.9436271037,-85.7109285504,family,Toxopneustidae
513609,Toxopneustes roseus,513609,needs_id,2024-05-25,False,0,10.9441327222,-85.711872688,family,Toxopneustidae
271900,Muraena lentiginosa,271900,research,2024-05-25,False,0,10.9439641828,-85.7133318097,family,Muraenidae
206732,Cephalopholis,206732,needs_id,2024-05-25,False,0,10.9443855311,-85.7129884869,family,Epinephelidae
286209,Leptogorgia alba,286209,needs_id,2024-05-25,False,0,10.9444698006,-85.7133318097,family,Gorgoniidae
266129,Rhopalaea birkelandi,266129,research,2024-05-25,False,0,10.9446383397,-85.7127309948,family,Diazonidae
123179,Toxopneustidae,123179,needs_id,2024-05-25,False,0,10.9449754176,-85.7133318097,family,Toxopneustidae
289201,Pavona gigantea,289201,needs_id,2024-05-25,False,0,10.9444698006,-85.7142759472,family,Agariciidae
513609,Toxopneustes roseus,513609,needs_id,2024-05-25,False,0,10.9453124951,-85.7145334393,family,Toxopneustidae
513266,Eucidaris thouarsii,513266,needs_id,2024-05-25,False,0,10.9461773805,-85.715659543,family,Cidaridae
131868,Clathria,131868,needs_id,2024-05-25,False,0,10.945059687,-85.7138467938,family,Microcionidae
289201,Pavona gigantea,289201,needs_id,2024-05-25,False,0,10.9448700611,-85.713085462,family,Agariciidae
292797,Phataria unifascialis,292797,needs_id,2024-05-25,False,0,10.9448700611,-85.7131712927,family,Ophidiasteridae
529516,Isostichopus fuscus,529516,needs_id,2024-05-25,False,0,10.8074416368,-85.7754379417,family,Stichopodidae
292797,Phataria unifascialis,292797,needs_id,2024-05-25,False,0,10.9447857917,-85.7134287847,family,Ophidiasteridae
291251,Tubastraea coccinea,291251,needs_id,2024-05-25,False,0,10.9442801744,-85.7136004461,family,Dendrophylliidae
131868,Clathria,131868,needs_id,2024-05-25,False,0,10.9437745562,-85.711712171,family,Microcionidae
513266,Eucidaris thouarsii,513266,needs_id,2024-05-25,False,0,10.9441959047,-85.7145445837,family,Cidaridae
529159,Cucumaria flamma,529159,needs_id,2024-05-25,False,0,10.9445340915,-85.714566039,family,Cucumariidae
219925,Arothron hispidus,219925,research,2024-05-25,True,1,10.9435410534,-85.7136648157,family,Tetraodontidae
529159,Cucumaria flamma,529159,needs_id,2024-05-25,False,0,10.943609365,-85.7135789827,family,Cucumariidae
513609,Toxopneustes roseus,513609,needs_id,2024-05-25,False,0,10.9434089174,-85.713235656,family,Toxopneustidae
1292,Anthozoa,1292,needs_id,2024-05-25,False,0,10.9431823257,-85.7119052789,family,
123084,Ophiuroidea,123084,needs_id,2024-05-25,False,0,10.942897683,-85.7131927353,family,
513266,Eucidaris thouarsii,513266,needs_id,2024-05-25,False,0,10.9432034598,-85.7106738953,family,Cidaridae
292795,Pharia pyramidata,292795,needs_id,2024-05-25,False,0,10.9421074776,-85.7133083443,family,Ophidiasteridae
1475481,Ascidia sideralis,1475481,needs_id,2024-05-25,False,0,10.9448841131,-85.7120274141,family,Ascidiidae
1475481,Ascidia sideralis,1475481,needs_id,2024-05-25,False,0,10.9445470351,-85.71151243,family,Ascidiidae
266129,Rhopalaea birkelandi,266129,needs_id,2024-05-25,False,0,10.9445470351,-85.7117699221,family,Diazonidae
291251,Tubastraea coccinea,291251,needs_id,2024-05-25,False,0,10.9442942264,-85.7117699221,family,Dendrophylliidae
291251,Tubastraea coccinea,291251,needs_id,2024-05-25,False,0,10.9447155742,-85.71151243,family,Dendrophylliidae
291251,Tubastraea coccinea,291251,needs_id,2024-05-25,False,0,10.9445470351,-85.7115982607,family,Dendrophylliidae
100766,Telmatactis,100766,needs_id,2024-05-25,False,0,10.9445470351,-85.7112549379,family,Andvakiidae
289201,Pavona gigantea,289201,needs_id,2024-05-25,False,0,10.9447155742,-85.7115982607,family,Agariciidae
138268,Octopus,138268,needs_id,2024-05-25,False,0,10.9446313047,-85.7112549379,family,Octopodidae
138268,Octopus,138268,needs_id,2024-05-25,False,0,10.9442942264,-85.7113407686,family,Octopodidae
131868,Clathria,131868,needs_id,2024-05-25,False,0,10.944378496,-85.7111691072,family,Microcionidae
513266,Eucidaris thouarsii,513266,needs_id,2024-05-25,False,0,10.9445470351,-85.7112549379,family,Cidaridae
513266,Eucidaris thouarsii,513266,needs_id,2024-05-25,False,0,10.9444832582,-85.7111690994,family,Cidaridae
131868,Clathria,131868,needs_id,2024-05-25,False,0,10.9445993773,-85.711254934,family,Microcionidae
513266,Eucidaris thouarsii,513266,needs_id,2024-05-25,False,0,10.9439458208,-85.7108257727,family,Cidaridae
127403,Diodon hystrix,127403,research,2024-05-25,True,1,10.9439982774,-85.7109974302,family,Diodontidae
206732,Cephalopholis,206732,needs_id,2024-05-25,False,0,10.9441509139,-85.7112549183,family,Epinephelidae
513138,Astropyga pulvinata,513138,needs_id,2024-05-25,False,0,10.9436135041,-85.7112549144,family,Diadematidae
290437,Myriopathes panamensis,290437,needs_id,2024-03-02,False,0,10.9433763512,-85.7125955269,family,Myriopathidae
370915,Mithrodia bradleyi,370915,needs_id,2024-03-02,False,0,10.9436291608,-85.7122522041,family,Mithrodiidae
271900,Muraena lentiginosa,271900,research,2024-03-02,True,1,10.9437134306,-85.7126813576,family,Muraenidae
367402,Aniculus elegans,367402,research,2024-03-03,False,0,10.9443033185,-85.7126813576,family,Diogenidae
513266,Eucidaris thouarsii,513266,needs_id,2024-03-03,False,0,10.9438819701,-85.712853019,family,Cidaridae
513266,Eucidaris thouarsii,513266,needs_id,2024-03-03,False,0,10.9440505095,-85.7130246803,family,Cidaridae
273584,Thalassoma lucasanum,273584,research,2024-03-02,True,1,10.9445401723,-85.7131963417,family,Labridae
513223,Diadema mexicanum,513223,needs_id,2024-03-02,False,0,10.945214328,-85.712853019,family,Diadematidae
513223,Diadema mexicanum,513223,needs_id,2024-03-02,False,0,10.9443716332,-85.7131963417,family,Diadematidae
529159,Cucumaria flamma,529159,needs_id,2024-03-02,False,0,10.9446244419,-85.712853019,family,Cucumariidae
529159,Cucumaria flamma,529159,needs_id,2024-03-02,False,0,10.944203094,-85.712853019,family,Cucumariidae
291251,Tubastraea coccinea,291251,needs_id,2024-03-02,False,0,10.944203094,-85.7129388497,family,Dendrophylliidae
513619,Tripneustes depressus,513619,needs_id,2024-03-02,False,0,10.9443716332,-85.7125955269,family,Toxopneustidae
274726,Scorpaena mystes,274726,needs_id,2024-03-02,False,0,10.9442873636,-85.7130246803,family,Scorpaenidae
206938,Pocillopora,206938,needs_id,2024-03-03,False,0,10.9439502849,-85.7126813576,family,Pocilloporidae
292797,Phataria unifascialis,292797,needs_id,2024-03-02,False,0,10.9443716332,-85.7123380348,family,Ophidiasteridae
292795,Pharia pyramidata,292795,needs_id,2024-03-02,False,0,10.9439502849,-85.712853019,family,Ophidiasteridae
289201,Pavona gigantea,289201,needs_id,2024-03-02,False,0,10.9436655075,-85.7130246764,family,Agariciidae
464493,Pinctada mazatlanica,464493,needs_id,2024-03-02,False,0,10.9436655075,-85.7122307453,family,Margaritidae
219925,Arothron hispidus,219925,research,2024-03-02,True,1,10.9436916751,-85.7134752768,family,Tetraodontidae
1475481,Ascidia sideralis,1475481,needs_id,2024-03-02,False,0,10.9430698969,-85.7127027967,family,Ascidiidae
117190,Pennaria,117190,needs_id,2024-06-23,False,0,10.9699023348,-85.7244825736,family,Pennariidae
219926,Arothron meleagris,219926,research,2024-05-25,False,0,10.942263,-85.7128096,genus,Arothron
203822,Stegastes,203822,needs_id,2024-05-25,False,0,10.942263,-85.7128096,genus,Stegastes
138268,Octopus,138268,needs_id,2024-05-25,False,0,10.942263,-85.7128096,genus,Octopus
11718,Octopoda,11718,needs_id,2024-05-25,False,0,10.942263,-85.7128096,genus,
281202,Johnrandallia nigrirostris,281202,research,2024-05-25,True,1,10.942263,-85.7128096,genus,Johnrandallia
123083,Holothuroidea,123083,needs_id,2024-05-25,False,0,10.942263,-85.7128096,genus,
596162,Hexaplex princeps,596162,needs_id,2024-05-25,False,0,10.942263,-85.7128096,genus,Hexaplex
596162,Hexaplex princeps,596162,research,2024-05-25,False,0,10.942263,-85.7128096,genus,Hexaplex
275780,Halichoeres nicholsi,275780,research,2024-05-25,False,0,10.942263,-85.7128096,genus,Halichoeres
275780,Halichoeres nicholsi,275780,research,2024-05-25,False,0,10.942263,-85.7128096,genus,Halichoeres
275729,Haemulon maculicauda,275729,needs_id,2024-05-25,False,0,10.942263,-85.7128096,genus,Haemulon
275763,Halichoeres dispilus,275763,research,2024-05-25,False,0,10.942263,-85.7128096,genus,Halichoeres
275763,Halichoeres dispilus,275763,research,2024-05-25,False,0,10.942263,-85.7128096,genus,Halichoeres
219926,Arothron meleagris,219926,research,2024-05-25,False,0,10.942263,-85.7128096,genus,Arothron
219926,Arothron meleagris,219926,research,2024-05-25,False,0,10.942263,-85.7128096,genus,Arothron
1006825,Urobatis pardalis,1006825,research,2024-03-02,True,1,10.942263,-85.7128096,genus,Urobatis
281202,Johnrandallia nigrirostris,281202,research,2024-03-02,False,0,10.942263,-85.7128096,genus,Johnrandallia
275736,Haemulon sexfasciatum,275736,research,2024-09-07,False,0,8.707268,-83.8817571,genus,Haemulon
275736,Haemulon sexfasciatum,275736,research,2024-09-07,False,0,8.707268,-83.8817571,genus,Haemulon
214557,Triaenodon obesus,214557,research,2024-09-07,True,1,8.707268,-83.8817571,genus,Triaenodon
276853,Sufflamen verres,276853,research,2024-09-07,True,1,8.707268,-83.8817571,genus,Sufflamen
275736,Haemulon sexfasciatum,275736,research,2024-09-07,False,0,8.707268,-83.8817571,genus,Haemulon
276668,Stegastes flavilatus,276668,research,2024-09-07,False,0,8.707268,-83.8817571,genus,Stegastes
273858,Epinephelus labriformis,273858,research,2024-09-07,False,0,8.707268,-83.8817571,genus,Epinephelus
220083,Zanclus cornutus,220083,research,2024-09-07,True,1,8.707268,-83.8817571,genus,Zanclus
219127,Scarus ghobban,219127,research,2024-09-07,False,0,8.707268,-83.8817571,genus,Scarus
220083,Zanclus cornutus,220083,research,2024-09-07,True,1,8.707268,-83.8817571,genus,Zanclus
279161,Pseudobalistes naufragium,279161,research,2024-09-07,True,1,8.707268,-83.8817571,genus,Pseudobalistes
137206,Chelonia mydas,137206,research,2024-09-07,True,1,8.7971672682,-83.8527784564,genus,Chelonia
137207,Eretmochelys imbricata,137207,needs_id,2024-09-07,False,0,8.7873358677,-83.8849494309,genus,Eretmochelys
137206,Chelonia mydas,137206,research,2024-09-07,True,2,8.7140343124,-83.8628258593,genus,Chelonia
219634,Acanthurus xanthopterus,219634,research,2024-09-07,False,0,8.707268,-83.8817571,genus,Acanthurus
276552,Lutjanus viridis,276552,research,2024-09-07,False,0,8.707268,-83.8817571,genus,Lutjanus
1750630,Cephalopholis colonus,1750630,research,2024-09-07,False,0,8.707268,-83.8817571,genus,Cephalopholis
273343,Chaetodon humeralis,273343,research,2024-09-07,False,0,8.707268,-83.8817571,genus,Chaetodon
218419,Caranx melampygus,218419,research,2024-09-07,False,0,8.707268,-83.8817571,genus,Caranx
1750630,Cephalopholis colonus,1750630,research,2024-09-07,False,0,8.707268,-83.8817571,genus,Cephalopholis
273271,Caranx caballus,273271,research,2024-09-07,False,0,8.707268,-83.8817571,genus,Caranx
219638,Acanthurus nigricans,219638,research,2024-09-07,True,2,8.707268,-83.8817571,genus,Acanthurus
217495,Gymnothorax flavimarginatus,217495,research,2024-09-07,True,1,8.707268,-83.8817571,genus,Gymnothorax
276016,Holacanthus passer,276016,research,2024-09-07,True,1,8.707268,-83.8817571,genus,Holacanthus
275729,Haemulon maculicauda,275729,research,2024-09-07,False,0,8.707268,-83.8817571,genus,Haemulon
219926,Arothron meleagris,219926,research,2024-09-07,True,1,8.707268,-83.8817571,genus,Arothron
274726,Scorpaena mystes,274726,research,2024-09-07,False,0,8.707268,-83.8817571,genus,Scorpaena
267665,Pacifigorgia,267665,needs_id,2024-09-07,False,0,8.707268,-83.8817571,genus,Pacifigorgia
291251,Tubastraea coccinea,291251,needs_id,2024-09-07,False,0,8.707268,-83.8817571,genus,Tubastraea
137206,Chelonia mydas,137206,research,2024-09-07,True,2,8.7967569907,-83.9283276902,genus,Chelonia
267665,Pacifigorgia,267665,needs_id,2024-09-07,False,0,8.707268,-83.8817571,genus,Pacifigorgia
217495,Gymnothorax flavimarginatus,217495,research,2024-09-07,True,1,8.707268,-83.8817571,genus,Gymnothorax
137207,Eretmochelys imbricata,137207,research,2024-09-07,False,0,8.66389313,-83.9662430933,genus,Eretmochelys
218429,Gnathanodon speciosus,218429,research,2024-09-07,False,0,8.707268,-83.8817571,genus,Gnathanodon
214557,Triaenodon obesus,214557,research,2024-09-07,True,1,8.707268,-83.8817571,genus,Triaenodon
279152,Cephalopholis panamensis,279152,research,2024-09-07,False,0,8.707268,-83.8817571,genus,Cephalopholis
217927,Myripristis berndti,217927,research,2024-09-07,False,0,8.707268,-83.8817571,genus,Myripristis
286209,Leptogorgia alba,286209,research,2024-09-07,False,0,8.707268,-83.8817571,genus,Leptogorgia
289201,Pavona gigantea,289201,needs_id,2024-09-07,False,0,8.707268,-83.8817571,genus,Pavona
281202,Johnrandallia nigrirostris,281202,research,2024-09-07,False,0,8.707268,-83.8817571,genus,Johnrandallia
218853,Cirrhitichthys oxycephalus,218853,research,2024-09-07,True,1,8.707268,-83.8817571,genus,Cirrhitichthys
206938,Pocillopora,206938,needs_id,2024-09-07,False,0,8.707268,-83.8817571,genus,Pocillopora
218378,Malacanthus brevirostris,218378,research,2024-09-07,False,0,8.707268,-83.8817571,genus,Malacanthus
138518,Spondylus,138518,needs_id,2024-09-07,True,1,8.707268,-83.8817571,genus,Spondylus
219124,Scarus rubroviolaceus,219124,research,2024-09-07,False,0,8.707268,-83.8817571,genus,Scarus
219124,Scarus rubroviolaceus,219124,research,2024-09-07,False,0,8.707268,-83.8817571,genus,Scarus
164811,Demospongiae,164811,needs_id,2024-09-07,True,2,8.707268,-83.8817571,genus,
286209,Leptogorgia alba,286209,research,2024-09-07,False,0,8.707268,-83.8817571,genus,Leptogorgia
218419,Caranx melampygus,218419,research,2024-09-07,False,0,8.707268,-83.8817571,genus,Caranx
138268,Octopus,138268,needs_id,2024-09-07,True,1,8.707268,-83.8817571,genus,Octopus
275736,Haemulon sexfasciatum,275736,research,2024-09-07,False,0,8.707268,-83.8817571,genus,Haemulon
273271,Caranx caballus,273271,research,2024-09-07,False,0,8.707268,-83.8817571,genus,Caranx
273858,Epinephelus labriformis,273858,research,2024-09-07,False,0,8.707268,-83.8817571,genus,Epinephelus
137206,Chelonia mydas,137206,research,2024-09-07,True,2,8.6098446021,-83.8222139915,genus,Chelonia
267665,Pacifigorgia,267665,needs_id,2024-09-07,False,0,8.707268,-83.8817571,genus,Pacifigorgia
137206,Chelonia mydas,137206,research,2024-09-07,True,1,8.6856444425,-83.8951780241,genus,Chelonia
1042860,Hypanus longus,1042860,research,2024-09-07,True,1,8.707268,-83.8817571,genus,Hypanus
219925,Arothron hispidus,219925,research,2024-09-07,True,1,8.707268,-83.8817571,genus,Arothron
279624,Anisotremus taeniatus,279624,research,2024-09-07,False,0,8.707268,-83.8817571,genus,Anisotremus
275729,Haemulon maculicauda,275729,needs_id,2024-09-07,False,0,8.707268,-83.8817571,genus,Haemulon
276524,Lutjanus argentiventris,276524,research,2024-09-07,False,0,8.707268,-83.8817571,genus,Lutjanus
281087,Hoplopagrus guentherii,281087,research,2024-09-07,False,0,8.707268,-83.8817571,genus,Hoplopagrus
206485,Porites,206485,needs_id,2024-09-07,False,0,8.707268,-83.8817571,genus,Porites
1778,Limidae,1778,needs_id,2024-09-07,False,0,8.707268,-83.8817571,genus,
214557,Triaenodon obesus,214557,research,2024-09-07,True,1,8.707268,-83.8817571,genus,Triaenodon
218853,Cirrhitichthys oxycephalus,218853,research,2024-09-07,True,1,8.707268,-83.8817571,genus,Cirrhitichthys
125484,Antennariidae,125484,needs_id,2024-09-07,False,0,8.707268,-83.8817571,genus,
276028,Pomacanthus zonipectus,276028,research,2017-06-18,False,0,8.5685573091,-83.2666979222,genus,Pomacanthus
217469,Echidna nebulosa,217469,research,2017-06-18,True,1,8.5685573091,-83.2666979222,genus,Echidna
123111,Dendrochirotida,123111,needs_id,2017-06-18,False,0,8.5685573091,-83.2666979222,genus,
275729,Haemulon maculicauda,275729,needs_id,2017-06-18,False,0,8.5685573091,-83.2666979222,genus,Haemulon
132044,Placospongia,132044,needs_id,2017-06-18,False,0,8.5685573091,-83.2666979222,genus,Placospongia
281087,Hoplopagrus guentherii,281087,research,2017-06-18,False,0,8.5685573091,-83.2666979222,genus,Hoplopagrus
273272,Caranx caninus,273272,needs_id,2017-06-18,False,0,8.5685573091,-83.2666979222,genus,Caranx
279161,Pseudobalistes naufragium,279161,needs_id,2017-06-18,False,0,8.5685573091,-83.2666979222,genus,Pseudobalistes
283177,Xenichthys xanti,283177,needs_id,2017-06-18,False,0,8.5685573091,-83.2666979222,genus,Xenichthys
273702,Abudefduf troschelii,273702,research,2017-06-18,False,0,8.5685573091,-83.2666979222,genus,Abudefduf
464493,Pinctada mazatlanica,464493,research,2017-06-18,False,0,8.5685573091,-83.2666979222,genus,Pinctada
107459,Plagusia depressa,107459,research,2023-04-29,True,1,9.7337,-82.8090805556,genus,Plagusia
213380,Echinometra lucunter,213380,needs_id,2023-04-28,False,0,9.7454472222,-82.8538055556,genus,Echinometra
1360,Actiniaria,1360,needs_id,2023-04-28,False,0,9.7444861111,-82.8546611111,genus,
206071,Sabellastarte,206071,needs_id,2023-04-28,True,1,9.7453111111,-82.8537527778,genus,Sabellastarte
123083,Holothuroidea,123083,needs_id,2023-04-28,False,0,9.7452722222,-82.8536972222,genus,
1264073,Exaiptasia diaphana,1264073,needs_id,2023-04-28,True,1,9.7452888889,-82.8537611111,genus,Exaiptasia
124454,Euapta lappa,124454,needs_id,2023-04-30,False,0,9.6454900767,-82.6873418137,genus,Euapta
124454,Euapta lappa,124454,needs_id,2023-04-30,False,0,9.6454900767,-82.6873418137,genus,Euapta
291135,Stichodactyla helianthus,291135,research,2023-04-30,False,0,9.6454900767,-82.6873418137,genus,Stichodactyla
288456,Palythoa caribaeorum,288456,research,2023-04-30,False,0,9.6454900767,-82.6873418137,genus,Palythoa
179659,Echinometra,179659,needs_id,2023-04-30,False,0,9.6454900767,-82.6873418137,genus,Echinometra
123084,Ophiuroidea,123084,needs_id,2023-04-30,False,0,9.6454900767,-82.6873418137,genus,
159786,Thalassoma bifasciatum,159786,research,2023-04-30,True,3,9.6454900767,-82.6873418137,genus,Thalassoma
205902,Millepora,205902,needs_id,2023-04-30,False,0,9.6454900767,-82.6873418137,genus,Millepora
287421,Millepora complanata,287421,needs_id,2023-04-30,False,0,9.6454900767,-82.6873418137,genus,Millepora
396741,Eucidaris tribuloides,396741,needs_id,2023-04-30,False,0,9.6454900767,-82.6873418137,genus,Eucidaris
422493,Echinometra viridis,422493,needs_id,2023-04-30,False,0,9.6454900767,-82.6873418137,genus,Echinometra
124332,Diadema antillarum,124332,needs_id,2023-04-30,False,0,9.6454900767,-82.6873418137,genus,Diadema
828326,Pseudodiploria clivosa,828326,needs_id,2023-04-30,False,0,9.6454900767,-82.6873418137,genus,Pseudodiploria
124332,Diadema antillarum,124332,needs_id,2023-04-30,False,0,9.6454900767,-82.6873418137,genus,Diadema
289826,Diploria labyrinthiformis,289826,needs_id,2023-04-30,False,0,9.6454900767,-82.6873418137,genus,Diploria
422490,Tripneustes ventricosus,422490,needs_id,2023-04-30,False,0,9.6454900767,-82.6873418137,genus,Tripneustes
287916,Agaricia tenuifolia,287916,needs_id,2023-04-30,False,0,9.7877339665,-82.6790261697,genus,Agaricia
422490,Tripneustes ventricosus,422490,needs_id,2023-04-30,False,0,9.6454900767,-82.6873418137,genus,Tripneustes
828326,Pseudodiploria clivosa,828326,needs_id,2023-04-30,False,0,9.6454900767,-82.6873418137,genus,Pseudodiploria
207517,Siderastrea radians,207517,needs_id,2023-04-30,False,0,9.6454900767,-82.6873418137,genus,Siderastrea
100682,Arachnactidae,100682,needs_id,2023-04-30,True,1,9.6454900767,-82.6873418137,genus,
828326,Pseudodiploria clivosa,828326,needs_id,2023-04-30,False,0,9.6454900767,-82.6873418137,genus,Pseudodiploria
287421,Millepora complanata,287421,needs_id,2023-04-29,False,0,9.7395788739,-82.8174400058,genus,Millepora
123083,Holothuroidea,123083,needs_id,2023-04-29,False,0,9.7395788739,-82.8174400058,genus,
123083,Holothuroidea,123083,needs_id,2023-04-29,False,0,9.7395788739,-82.8174400058,genus,
123083,Holothuroidea,123083,needs_id,2023-04-29,False,0,9.7395788739,-82.8174400058,genus,
123083,Holothuroidea,123083,needs_id,2023-04-29,False,0,9.7395788739,-82.8174400058,genus,
123083,Holothuroidea,123083,needs_id,2023-04-29,False,0,9.7395788739,-82.8174400058,genus,
123083,Holothuroidea,123083,needs_id,2023-04-29,False,0,9.7395788739,-82.8174400058,genus,
123083,Holothuroidea,123083,needs_id,2023-04-29,False,0,9.7395788739,-82.8174400058,genus,
302432,Caranx ruber,302432,research,2023-04-29,True,1,9.7395788739,-82.8174400058,genus,Caranx
129831,Hermodice carunculata,129831,research,2023-04-29,False,0,9.7395788739,-82.8174400058,genus,Hermodice
123083,Holothuroidea,123083,needs_id,2023-04-29,False,0,9.7395788739,-82.8174400058,genus,
159559,Pterois volitans,159559,research,2023-04-29,True,1,9.7395788739,-82.8174400058,genus,Pterois
275727,Haemulon flavolineatum,275727,research,2023-04-29,False,0,9.7395788739,-82.8174400058,genus,Haemulon
159797,Lutjanus griseus,159797,research,2023-04-29,True,1,9.7395788739,-82.8174400058,genus,Lutjanus
279625,Anisotremus virginicus,279625,research,2023-04-29,True,1,9.7395788739,-82.8174400058,genus,Anisotremus
302312,Caranx bartholomaei,302312,research,2023-04-29,True,1,9.7395788739,-82.8174400058,genus,Caranx
159581,Acanthurus coeruleus,159581,needs_id,2023-04-29,True,1,9.7395788739,-82.8174400058,genus,Acanthurus
125540,Kyphosidae,125540,needs_id,2023-04-29,False,0,9.7395788739,-82.8174400058,genus,
396741,Eucidaris tribuloides,396741,needs_id,2023-04-29,False,0,9.7395788739,-82.8174400058,genus,Eucidaris
124332,Diadema antillarum,124332,needs_id,2023-04-29,False,0,9.7395788739,-82.8174400058,genus,Diadema
124332,Diadema antillarum,124332,needs_id,2023-04-29,False,0,9.7395788739,-82.8174400058,genus,Diadema
207516,Siderastrea siderea,207516,needs_id,2023-04-29,False,0,9.7395788739,-82.8174400058,genus,Siderastrea
708859,Antillogorgia americana,708859,needs_id,2023-04-29,False,0,9.7395788739,-82.8174400058,genus,Antillogorgia
828326,Pseudodiploria clivosa,828326,needs_id,2023-04-29,False,0,9.7395788739,-82.8174400058,genus,Pseudodiploria
207516,Siderastrea siderea,207516,needs_id,2023-04-29,False,0,9.7395788739,-82.8174400058,genus,Siderastrea
125277,Plexauridae,125277,needs_id,2023-04-29,False,0,9.7395788739,-82.8174400058,genus,
288227,Acropora palmata,288227,research,2023-04-29,False,0,9.7912710479,-82.8450940607,genus,Acropora
140059,Haliotis tuberculata,140059,research,2018-03-24,True,1,28.5766924755,-16.329363585,genus,Haliotis
135181,Balanophyllia (Balanophyllia) regia,1442415,needs_id,2018-03-24,False,0,28.5766924755,-16.329363585,genus,Balanophyllia
123795,Coscinasterias tenuispina,123795,research,2018-03-24,True,1,28.5766924755,-16.329363585,genus,Coscinasterias
126772,Parablennius parvicornis,126772,research,2018-03-24,False,0,28.5766924755,-16.329363585,genus,Parablennius
123795,Coscinasterias tenuispina,123795,research,2018-03-24,False,0,28.5766924755,-16.329363585,genus,Coscinasterias
126970,Thalassoma pavo,126970,research,2018-03-24,True,1,28.5766924755,-16.329363585,genus,Thalassoma
149855,Echinacea,149855,needs_id,2018-03-24,True,2,28.5766924755,-16.329363585,genus,
124316,Paracentrotus lividus,124316,research,2018-03-24,True,1,28.5766924755,-16.329363585,genus,Paracentrotus
888371,Enthemonae,888371,needs_id,2018-03-24,True,2,28.5766924755,-16.329363585,genus,
100808,Anemonia viridis,100808,research,2018-03-24,False,0,28.5766924755,-16.329363585,genus,Anemonia
135479,Physalia physalis,135479,research,2018-03-24,True,2,28.5766924755,-16.329363585,genus,Physalia
124316,Paracentrotus lividus,124316,research,2018-03-24,False,0,28.5766924755,-16.329363585,genus,Paracentrotus
124316,Paracentrotus lividus,124316,research,2018-03-24,False,0,28.5766924755,-16.329363585,genus,Paracentrotus
138758,Aplysia punctata,138758,needs_id,2018-03-24,True,1,28.5766924755,-16.329363585,genus,Aplysia
123795,Coscinasterias tenuispina,123795,research,2018-03-24,True,1,28.5766924755,-16.329363585,genus,Coscinasterias
100808,Anemonia viridis,100808,research,2018-03-24,True,1,28.5766924755,-16.329363585,genus,Anemonia
889885,Similiparma lurida,889885,research,2018-03-24,True,1,28.5766924755,-16.329363585,genus,Similiparma
123795,Coscinasterias tenuispina,123795,research,2018-03-24,False,0,28.5766924755,-16.329363585,genus,Coscinasterias
135181,Balanophyllia (Balanophyllia) regia,1442415,needs_id,2018-03-24,False,0,28.5766924755,-16.329363585,genus,Balanophyllia
138753,Aplysia dactylomela,138753,research,2018-03-24,True,2,28.5766924755,-16.329363585,genus,Aplysia
100770,Metridium,100770,needs_id,2019-07-30,False,0,48.5455569954,-123.0130950756,genus,Metridium
1718121,Haliclystus sanjuanensis,1718121,research,2019-07-31,False,0,48.4509722222,-122.9621361111,genus,Haliclystus
558913,Armina californica,558913,research,2019-07-22,False,0,48.5455027778,-123.0134416667,genus,Armina
100833,Urticina eques,100833,needs_id,2019-08-12,False,0,48.5456194444,-123.0135416667,genus,Urticina
575156,Haminoea vesicula,575156,needs_id,2019-08-11,False,0,48.5457916667,-123.0129916667,genus,Haminoea
131641,Microcionidae,131641,needs_id,2019-07-31,True,1,48.4507305556,-122.9624472222,genus,
369177,Leptasterias hexactis,369177,needs_id,2019-07-31,False,0,48.4509722222,-122.9621361111,genus,Leptasterias
283347,Anthopleura elegantissima,283347,research,2019-07-31,True,1,48.4509472222,-122.9620361111,genus,Anthopleura
255040,Evasterias troschelii,255040,research,2019-07-31,True,3,48.4509666667,-122.9620277778,genus,Evasterias
283347,Anthopleura elegantissima,283347,research,2019-07-31,True,1,48.4507777778,-122.9619305556,genus,Anthopleura
535329,Pollicipes polymerus,535329,research,2019-07-31,False,0,48.4514888889,-122.9620972222,genus,Pollicipes
240776,Cryptochiton stelleri,240776,research,2019-07-31,False,0,48.4508944444,-122.9618694444,genus,Cryptochiton
131834,Haliclona,131834,needs_id,2019-07-31,False,0,48.4514916667,-122.9621361111,genus,Haliclona
165853,Halichondria (Halichondria) panicea,132627,needs_id,2019-07-31,False,0,48.4515,-122.9620444444,genus,Halichondria
1360,Actiniaria,1360,needs_id,2019-07-31,False,0,48.4501833333,-122.9618916667,genus,
283347,Anthopleura elegantissima,283347,research,2019-07-31,True,1,48.4516805556,-122.9619138889,genus,Anthopleura
1360,Actiniaria,1360,needs_id,2019-07-31,False,0,48.4518611111,-122.9619916667,genus,
1360,Actiniaria,1360,needs_id,2019-07-31,False,0,48.45165,-122.9620583333,genus,
369177,Leptasterias hexactis,369177,needs_id,2019-07-31,False,0,48.4517777778,-122.9618833333,genus,Leptasterias
529305,Eupentacta quinquesemita,529305,needs_id,2019-07-31,False,0,48.4517777778,-122.9618833333,genus,Eupentacta
369177,Leptasterias hexactis,369177,needs_id,2019-07-31,False,0,48.4517777778,-122.9618833333,genus,Leptasterias
123390,Strongylocentrotus,123390,needs_id,2019-07-31,False,0,48.4517694444,-122.9619,genus,Strongylocentrotus
240747,Strongylocentrotus purpuratus,240747,needs_id,2019-07-31,True,1,48.4518,-122.9618444444,genus,Strongylocentrotus
242666,Amphiodia occidentalis,242666,needs_id,2019-07-31,False,0,48.4518861111,-122.9618222222,genus,Amphiodia
369177,Leptasterias hexactis,369177,needs_id,2019-07-31,False,0,48.4518861111,-122.9618527778,genus,Leptasterias
581816,Doris montereyensis,581816,research,2019-07-31,False,0,48.4518361111,-122.9615333333,genus,Doris
283347,Anthopleura elegantissima,283347,research,2019-07-31,False,0,48.4520138889,-122.9619222222,genus,Anthopleura
283347,Anthopleura elegantissima,283347,needs_id,2019-07-31,False,0,48.4519527778,-122.9618611111,genus,Anthopleura
367837,Mytilus californianus,367837,research,2019-07-31,False,0,48.4518916667,-122.9620361111,genus,Mytilus
283347,Anthopleura elegantissima,283347,research,2019-07-31,False,0,48.4522472222,-122.9618,genus,Anthopleura
369117,Henricia leviuscula,369117,needs_id,2019-07-31,True,2,48.4525555556,-122.9622027778,genus,Henricia
100706,Urticina,100706,needs_id,2019-07-31,True,2,48.4526166667,-122.9622944444,genus,Urticina
529305,Eupentacta quinquesemita,529305,needs_id,2019-07-31,False,0,48.4527083333,-122.9623194444,genus,Eupentacta
529305,Eupentacta quinquesemita,529305,needs_id,2019-07-31,False,0,48.4527472222,-122.9624472222,genus,Eupentacta
123080,Asteroidea,123080,needs_id,2019-07-31,False,0,48.4527083333,-122.9623194444,genus,
225807,Cucumaria miniata,225807,research,2019-07-31,False,0,48.4528722222,-122.9624777778,genus,Cucumaria
890436,Diaulula odonoghuei,890436,research,2019-07-30,False,0,48.5216777778,-123.0142527778,genus,Diaulula
225807,Cucumaria miniata,225807,needs_id,2019-07-30,False,0,48.5216333333,-123.0141666667,genus,Cucumaria
240771,Dermasterias imbricata,240771,research,2019-07-30,False,0,48.5216722222,-123.0138638889,genus,Dermasterias
240747,Strongylocentrotus purpuratus,240747,research,2019-07-30,False,0,48.5216222222,-123.0135805556,genus,Strongylocentrotus
242666,Amphiodia occidentalis,242666,needs_id,2019-07-30,False,0,48.52155,-123.0135027778,genus,Amphiodia
240747,Strongylocentrotus purpuratus,240747,research,2019-07-30,False,0,48.5216777778,-123.0142138889,genus,Strongylocentrotus
386353,Mopalia muscosa,386353,research,2019-07-30,False,0,48.486,-123.0691972222,genus,Mopalia
386338,Katharina tunicata,386338,research,2019-07-30,False,0,48.4859166667,-123.0691611111,genus,Katharina
923,Maldanidae,923,needs_id,2019-07-30,True,1,48.4818277778,-123.0717611111,genus,
528885,Leptosynapta clarki,528885,needs_id,2019-07-30,False,0,48.4818416667,-123.0717388889,genus,Leptosynapta
287192,Cyanea ferruginea,287192,research,2019-07-30,False,0,48.4818694444,-123.0720972222,genus,Cyanea
170478,Cliona tenuis,170478,needs_id,2019-06-06,False,0,21.8210984213,-89.5442116698,genus,Cliona
558,Porifera,558,needs_id,2019-06-06,False,0,21.8210984213,-89.5442116698,genus,
170478,Cliona tenuis,170478,needs_id,2019-06-06,False,0,21.8210984213,-89.5442116698,genus,Cliona
282139,Pareques acuminatus,282139,research,2019-06-06,True,1,21.8210984213,-89.5442116698,genus,Pareques
275645,Opsanus beta,275645,needs_id,2019-06-06,False,0,21.8210984213,-89.5442116698,genus,Opsanus
267790,Pterogorgia,267790,needs_id,2019-06-06,False,0,21.8210984213,-89.5442116698,genus,Pterogorgia
127402,Diodon holocanthus,127402,research,2019-06-06,True,1,21.8210984213,-89.5442116698,genus,Diodon
558,Porifera,558,needs_id,2019-06-06,False,0,21.8210984213,-89.5442116698,genus,
712603,Hypoplectrus ecosur,712603,research,2019-06-06,False,0,21.8210984213,-89.5442116698,genus,Hypoplectrus
558,Porifera,558,needs_id,2019-06-06,False,0,21.8210984213,-89.5442116698,genus,
558,Porifera,558,needs_id,2019-06-06,False,0,21.8210984213,-89.5442116698,genus,
123084,Ophiuroidea,123084,needs_id,2019-06-06,False,0,21.8210984213,-89.5442116698,genus,
178754,Echinaster (Othilia) spinulosus,178754,needs_id,2019-06-06,False,0,21.8210984213,-89.5442116698,genus,Echinaster
367850,Lytechinus variegatus,367850,needs_id,2019-06-06,False,0,21.8210984213,-89.5442116698,genus,Lytechinus
178754,Echinaster (Othilia) spinulosus,178754,needs_id,2019-06-06,False,0,21.8210984213,-89.5442116698,genus,Echinaster
422499,Clypeaster subdepressus,422499,needs_id,2019-06-06,False,0,21.8210984213,-89.5442116698,genus,Clypeaster
178754,Echinaster (Othilia) spinulosus,178754,needs_id,2019-06-06,False,0,21.8210984213,-89.5442116698,genus,Echinaster
159350,Diplectrum formosum,159350,needs_id,2019-06-06,False,0,21.8210984213,-89.5442116698,genus,Diplectrum
422499,Clypeaster subdepressus,422499,needs_id,2019-06-06,False,0,21.8210984213,-89.5442116698,genus,Clypeaster
422499,Clypeaster subdepressus,422499,needs_id,2019-06-06,False,0,21.8210984213,-89.5442116698,genus,Clypeaster
159350,Diplectrum formosum,159350,needs_id,2019-06-06,False,0,21.8210984213,-89.5442116698,genus,Diplectrum
367850,Lytechinus variegatus,367850,needs_id,2019-06-06,False,0,21.8210984213,-89.5442116698,genus,Lytechinus
367850,Lytechinus variegatus,367850,needs_id,2019-06-06,False,0,21.8210984213,-89.5442116698,genus,Lytechinus
206485,Porites,206485,needs_id,2017-03-29,False,0,8.5970647922,-83.3023924782,genus,Porites
985,Sabellidae,985,needs_id,2017-03-29,False,0,8.5970647922,-83.3023924782,genus,
206485,Porites,206485,needs_id,2017-03-29,False,0,8.5970647922,-83.3023924782,genus,Porites
206614,Pavona,206614,needs_id,2017-03-29,False,0,8.5970647922,-83.3023924782,genus,Pavona
100766,Telmatactis,100766,needs_id,2017-03-29,False,0,8.5970647922,-83.3023924782,genus,Telmatactis
275763,Halichoeres dispilus,275763,research,2017-03-29,False,0,8.5970647922,-83.3023924782,genus,Halichoeres
1302,Pycnogonida,1302,needs_id,2017-03-29,False,0,8.5970647922,-83.3023924782,genus,
123084,Ophiuroidea,123084,needs_id,2017-03-29,False,0,8.5970647922,-83.3023924782,genus,
271825,Gymnothorax castaneus,271825,needs_id,2017-03-29,True,1,8.5970647922,-83.3023924782,genus,Gymnothorax
117305,Macrorhynchia philippina,117305,needs_id,2017-03-29,False,0,8.5970647922,-83.3023924782,genus,Macrorhynchia
125302,Leptogorgia,125302,needs_id,2017-03-29,False,0,8.5970647922,-83.3023924782,genus,Leptogorgia
281202,Johnrandallia nigrirostris,281202,research,2017-03-29,False,0,8.5970647922,-83.3023924782,genus,Johnrandallia
218429,Gnathanodon speciosus,218429,research,2017-03-29,False,0,8.5970647922,-83.3023924782,genus,Gnathanodon
164811,Demospongiae,164811,needs_id,2017-03-29,False,0,8.5970647922,-83.3023924782,genus,
164811,Demospongiae,164811,needs_id,2017-03-29,False,0,8.5970647922,-83.3023924782,genus,
279152,Cephalopholis panamensis,279152,research,2017-03-29,False,0,8.5970647922,-83.3023924782,genus,Cephalopholis
282104,Parapsettus panamensis,282104,needs_id,2017-03-29,False,0,8.5970647922,-83.3023924782,genus,Parapsettus
1297576,Styracura pacifica,1297576,research,2017-03-29,True,2,8.5318100601,-83.3221831936,genus,Styracura
206485,Porites,206485,needs_id,2017-03-29,False,0,8.5970647922,-83.3023924782,genus,Porites
273584,Thalassoma lucasanum,273584,research,2017-03-29,False,0,8.5970647922,-83.3023924782,genus,Thalassoma
218853,Cirrhitichthys oxycephalus,218853,research,2017-03-29,False,0,8.5970647922,-83.3023924782,genus,Cirrhitichthys
135085,Caryophyllia,135085,needs_id,2017-03-29,False,0,8.5970647922,-83.3023924782,genus,Caryophyllia
395098,Carijoa riisei,395098,needs_id,2017-03-29,False,0,8.5970647922,-83.3023924782,genus,Carijoa
125523,Carangidae,125523,needs_id,2017-03-29,False,0,8.5970647922,-83.3023924782,genus,
275264,Canthigaster punctatissima,275264,research,2017-03-29,False,0,8.5970647922,-83.3023924782,genus,Canthigaster
273527,Bodianus diplotaenia,273527,research,2017-03-29,False,0,8.5970647922,-83.3023924782,genus,Bodianus
275234,Balistes polylepis,275234,research,2017-03-29,True,1,8.5970647922,-83.3023924782,genus,Balistes
273584,Thalassoma lucasanum,273584,research,2017-03-29,False,0,8.5970647922,-83.3023924782,genus,Thalassoma
535677,Corambe pacifica,535677,research,2021-03-27,False,0,31.8630666667,-116.6672138889,genus,Corambe
1562,Ammotheidae,1562,needs_id,2021-03-26,False,0,31.8630201534,-116.6673815171,genus,
137954,Eubranchus,137954,casual,2020-02-12,True,2,31.863025,-116.6673444444,genus,Eubranchus
385576,Nuttallina,385576,needs_id,2020-08-23,False,0,31.8614104615,-116.6676603109,genus,Nuttallina
224570,Caenogastropoda,224570,needs_id,2021-06-01,False,0,31.8630611111,-116.66745,genus,
528084,Megastraea undosa,528084,needs_id,2021-06-08,False,0,31.8630011013,-116.667327717,genus,Megastraea
529363,Apostichopus californicus,529363,needs_id,2021-06-08,False,0,31.8629737649,-116.667327717,genus,Apostichopus
580674,Neobernaya spadicea,580674,research,2020-09-15,False,0,31.8629416667,-116.6672888889,genus,Neobernaya
491054,Kelletia kelletii,491054,needs_id,2020-01-31,False,0,31.8629666667,-116.6674055556,genus,Kelletia
123084,Ophiuroidea,123084,needs_id,2020-04-28,False,0,31.8614667004,-116.6677568704,genus,
240765,Aplysia californica,240765,research,2021-03-26,True,1,31.8614884741,-116.6677139551,genus,Aplysia
137654,Aplysia,137654,needs_id,2021-03-26,True,2,31.8614884741,-116.6677139551,genus,Aplysia
279617,Anisotremus davidsonii,279617,research,2020-10-04,False,0,31.8621346197,-116.6580166942,genus,Anisotremus
282054,Paralabrax clathratus,282054,research,2020-10-04,True,1,31.8621346197,-116.6580166942,genus,Paralabrax
137654,Aplysia,137654,needs_id,2020-10-04,False,0,31.8621346197,-116.6580166942,genus,Aplysia
287556,Muricea californica,287556,research,2020-10-04,False,0,31.8621346197,-116.6580166942,genus,Muricea
177745,Muricea,177745,needs_id,2020-10-04,False,0,31.8621346197,-116.6580166942,genus,Muricea
283377,Anthopleura xanthogrammica,283377,research,2020-08-23,False,0,31.8614429126,-116.6678259363,genus,Anthopleura
341951,Octopus bimaculatus,341951,needs_id,2020-08-23,False,0,31.8614793618,-116.6678410944,genus,Octopus
280219,Clinocottus analis,280219,needs_id,2020-08-23,True,1,31.8614793618,-116.6678410944,genus,Clinocottus
280219,Clinocottus analis,280219,needs_id,2020-08-23,True,1,31.8614793618,-116.6678410944,genus,Clinocottus
240753,Anthopleura sola,240753,research,2021-02-10,False,0,31.8614611372,-116.6677401056,genus,Anthopleura
240753,Anthopleura sola,240753,research,2019-12-26,True,1,31.8612833333,-116.6680305556,genus,Anthopleura
367769,Stenoplax,367769,needs_id,2019-12-26,False,0,31.8613333333,-116.6677694444,genus,Stenoplax
591102,Mesocentrotus franciscanus,591102,needs_id,2019-12-28,False,0,31.8614808425,-116.6676820311,genus,Mesocentrotus
123084,Ophiuroidea,123084,needs_id,2019-12-28,False,0,31.8616472222,-116.6674888889,genus,
848098,Stenoplax conspicua,848098,research,2019-12-26,False,0,31.8614583333,-116.6673277778,genus,Stenoplax
240747,Strongylocentrotus purpuratus,240747,needs_id,2019-12-28,False,0,31.8613694444,-116.667525,genus,Strongylocentrotus
568031,Aplysia vaccaria,568031,needs_id,2019-12-28,False,0,31.8615388889,-116.6681277778,genus,Aplysia
123084,Ophiuroidea,123084,needs_id,2019-12-28,False,0,31.861525,-116.6681277778,genus,
248339,Heptacarpus,248339,needs_id,2019-12-28,False,0,31.861525,-116.6681277778,genus,Heptacarpus
123084,Ophiuroidea,123084,needs_id,2019-12-28,False,0,31.8615222222,-116.6681361111,genus,
367837,Mytilus californianus,367837,needs_id,2019-12-28,False,0,31.86145,-116.6678388889,genus,Mytilus
535329,Pollicipes polymerus,535329,research,2019-12-28,False,0,31.86145,-116.6678388889,genus,Pollicipes
531262,Triopha maculata,531262,research,2020-02-17,False,0,31.8630166667,-116.6673666667,genus,Triopha
382131,Patiria miniata,382131,research,2020-02-15,False,0,31.8628666667,-116.6673444444,genus,Patiria
575441,Melibe leonina,575441,research,2020-02-07,False,0,31.8630194444,-116.6673444444,genus,Melibe
386784,Chiton stokesii,386784,research,2017-04-29,False,0,10.942263,-85.7128096,genus,Chiton
14355,Stomatopoda,14355,needs_id,2017-04-30,False,0,10.9253412257,-85.800109771,genus,
123083,Holothuroidea,123083,needs_id,2017-04-30,False,0,10.9253412257,-85.800109771,genus,
386331,Tonicia forbesii,386331,research,2017-04-30,False,0,10.9253412257,-85.800109771,genus,Tonicia
206125,Iphione,206125,needs_id,2017-04-30,False,0,10.9253412257,-85.800109771,genus,Iphione
464493,Pinctada mazatlanica,464493,needs_id,2017-04-30,False,0,10.9253412257,-85.800109771,genus,Pinctada
558,Porifera,558,needs_id,2017-04-30,False,0,10.9253412257,-85.800109771,genus,
415414,Gemophos,415414,needs_id,2017-04-30,False,0,10.9253412257,-85.800109771,genus,Gemophos
386331,Tonicia forbesii,386331,research,2017-04-30,False,0,10.9253412257,-85.800109771,genus,Tonicia
125185,Holothuria (Thymiosycia) impatiens,732340,needs_id,2017-04-30,False,0,10.9253412257,-85.800109771,genus,Holothuria
513266,Eucidaris thouarsii,513266,needs_id,2017-04-30,False,0,10.9253412257,-85.800109771,genus,Eucidaris
1264073,Exaiptasia diaphana,1264073,research,2017-04-30,False,0,10.9253412257,-85.800109771,genus,Exaiptasia
117802,Pennaria disticha,117802,needs_id,2017-04-30,False,0,10.9253412257,-85.800109771,genus,Pennaria
125185,Holothuria (Thymiosycia) impatiens,732340,needs_id,2017-04-30,False,0,10.9253412257,-85.800109771,genus,Holothuria
513266,Eucidaris thouarsii,513266,needs_id,2017-04-30,False,0,10.9253412257,-85.800109771,genus,Eucidaris
985,Sabellidae,985,needs_id,2017-04-30,False,0,10.9253412257,-85.800109771,genus,
246351,Neaxius,246351,needs_id,2017-04-30,False,0,10.9253412257,-85.800109771,genus,Neaxius
181218,Pleurobranchus areolatus,181218,research,2017-04-29,False,0,10.942263,-85.7128096,genus,Pleurobranchus
529627,Pseudocnus californicus,529627,needs_id,2017-04-29,False,0,10.942263,-85.7128096,genus,Pseudocnus
266129,Rhopalaea birkelandi,266129,research,2017-04-29,False,0,10.942263,-85.7128096,genus,Rhopalaea
513266,Eucidaris thouarsii,513266,needs_id,2017-04-29,False,0,10.942263,-85.7128096,genus,Eucidaris
529627,Pseudocnus californicus,529627,needs_id,2017-04-29,False,0,10.942263,-85.7128096,genus,Pseudocnus
123456,Holothuria,123456,needs_id,2017-04-29,False,0,10.942263,-85.7128096,genus,Holothuria
123111,Dendrochirotida,123111,needs_id,2017-04-29,False,0,10.942263,-85.7128096,genus,
1360,Actiniaria,1360,needs_id,2017-04-29,False,0,10.942263,-85.7128096,genus,
106325,Bolinopsidae,106325,needs_id,2017-04-29,True,1,10.942263,-85.7128096,genus,
592954,Bunodosoma grande,592954,research,2017-04-29,False,0,10.942263,-85.7128096,genus,Bunodosoma
513609,Toxopneustes roseus,513609,research,2017-04-29,False,0,10.942263,-85.7128096,genus,Toxopneustes
217469,Echidna nebulosa,217469,research,2017-04-29,False,0,10.942263,-85.7128096,genus,Echidna
513266,Eucidaris thouarsii,513266,needs_id,2017-04-29,False,0,10.942263,-85.7128096,genus,Eucidaris
123084,Ophiuroidea,123084,needs_id,2017-04-29,False,0,10.942263,-85.7128096,genus,
123111,Dendrochirotida,123111,needs_id,2017-04-29,False,0,10.942263,-85.7128096,genus,
1039511,Catolasmus pilsbryi,1039511,research,2017-04-29,False,0,10.942263,-85.7128096,genus,Catolasmus
271900,Muraena lentiginosa,271900,research,2017-04-29,False,0,10.942263,-85.7128096,genus,Muraena
513244,Echinometra vanbrunti,513244,needs_id,2017-04-29,False,0,10.942263,-85.7128096,genus,Echinometra
273126,Ophioblennius steindachneri,273126,research,2017-04-29,False,0,10.942263,-85.7128096,genus,Ophioblennius
117190,Pennaria,117190,needs_id,2017-04-29,False,0,10.942263,-85.7128096,genus,Pennaria
513609,Toxopneustes roseus,513609,research,2017-04-29,False,0,10.942263,-85.7128096,genus,Toxopneustes
276658,Stegastes acapulcoensis,276658,needs_id,2017-04-29,False,0,10.942263,-85.7128096,genus,Stegastes
513223,Diadema mexicanum,513223,needs_id,2017-04-29,False,0,10.942263,-85.7128096,genus,Diadema
125523,Carangidae,125523,needs_id,2017-04-29,False,0,10.942263,-85.7128096,genus,
513619,Tripneustes depressus,513619,research,2017-04-29,False,0,10.942263,-85.7128096,genus,Tripneustes
513244,Echinometra vanbrunti,513244,needs_id,2017-04-29,False,0,10.942263,-85.7128096,genus,Echinometra
712980,Aetobatus laticeps,712980,research,2017-04-29,True,3,10.942263,-85.7128096,genus,Aetobatus
370899,Pentaceraster cumingi,370899,research,2017-04-29,False,0,10.942263,-85.7128096,genus,Pentaceraster
138268,Octopus,138268,needs_id,2017-04-29,False,0,10.942263,-85.7128096,genus,Octopus
513619,Tripneustes depressus,513619,research,2017-04-29,False,0,10.942263,-85.7128096,genus,Tripneustes
271900,Muraena lentiginosa,271900,research,2017-04-29,False,0,10.942263,-85.7128096,genus,Muraena
210968,Euapta godeffroyi,210968,needs_id,2017-04-29,False,0,10.942263,-85.7128096,genus,Euapta
513223,Diadema mexicanum,513223,needs_id,2017-04-29,False,0,10.942263,-85.7128096,genus,Diadema
217966,Fistularia commersonii,217966,research,2017-04-29,False,0,10.942263,-85.7128096,genus,Fistularia
513266,Eucidaris thouarsii,513266,needs_id,2017-04-29,False,0,10.942263,-85.7128096,genus,Eucidaris
513223,Diadema mexicanum,513223,needs_id,2017-04-29,False,0,10.942263,-85.7128096,genus,Diadema
1264073,Exaiptasia diaphana,1264073,research,2017-04-29,False,0,10.942263,-85.7128096,genus,Exaiptasia
1264073,Exaiptasia diaphana,1264073,research,2017-04-29,False,0,10.942263,-85.7128096,genus,Exaiptasia
132044,Placospongia,132044,needs_id,2017-04-30,False,0,10.9209212,-85.7999758,genus,Placospongia
123084,Ophiuroidea,123084,needs_id,2017-04-30,False,0,10.9209212,-85.7999758,genus,
513619,Tripneustes depressus,513619,needs_id,2017-04-30,False,0,10.9209212,-85.7999758,genus,Tripneustes
271900,Muraena lentiginosa,271900,research,2024-05-26,False,0,10.853905667,-85.9544582591,genus,Muraena
218853,Cirrhitichthys oxycephalus,218853,research,2024-05-26,True,1,10.853905667,-85.9544582591,genus,Cirrhitichthys
275756,Halichoeres chierchiae,275756,research,2024-05-26,False,0,10.853905667,-85.9544582591,genus,Halichoeres
276016,Holacanthus passer,276016,research,2024-05-26,True,1,10.853905667,-85.9544582591,genus,Holacanthus
529159,Cucumaria flamma,529159,needs_id,2024-05-26,False,0,10.853905667,-85.9544582591,genus,Cucumaria
218865,Oxycirrhites typus,218865,research,2024-05-26,True,1,10.853905667,-85.9544582591,genus,Oxycirrhites
275264,Canthigaster punctatissima,275264,research,2024-05-26,False,0,10.853905667,-85.9544582591,genus,Canthigaster
125302,Leptogorgia,125302,needs_id,2024-05-26,False,0,10.853905667,-85.9544582591,genus,Leptogorgia
125302,Leptogorgia,125302,needs_id,2024-05-26,False,0,10.853905667,-85.9544582591,genus,Leptogorgia
279152,Cephalopholis panamensis,279152,research,2024-05-26,False,0,10.853905667,-85.9544582591,genus,Cephalopholis
286209,Leptogorgia alba,286209,needs_id,2024-05-26,False,0,10.853905667,-85.9544582591,genus,Leptogorgia
271900,Muraena lentiginosa,271900,needs_id,2024-05-26,True,1,10.853905667,-85.9544582591,genus,Muraena
275957,Rypticus bicolor,275957,research,2024-05-26,False,0,10.853905667,-85.9544582591,genus,Rypticus
210873,Holothuria (Stauropora) fuscocinerea,1544535,needs_id,2024-05-26,False,0,10.853905667,-85.9544582591,genus,Holothuria
169650,Aplysina gerardogreeni,169650,research,2024-05-26,True,1,10.853905667,-85.9544582591,genus,Aplysina
291251,Tubastraea coccinea,291251,needs_id,2024-05-26,False,0,10.853905667,-85.9544582591,genus,Tubastraea
513223,Diadema mexicanum,513223,needs_id,2024-05-26,False,0,10.853905667,-85.9544582591,genus,Diadema
291251,Tubastraea coccinea,291251,needs_id,2024-05-26,False,0,10.853905667,-85.9544582591,genus,Tubastraea
271898,Muraena clepsydra,271898,needs_id,2024-05-26,True,1,10.853905667,-85.9544582591,genus,Muraena
206485,Porites,206485,needs_id,2024-05-26,False,0,10.853905667,-85.9544582591,genus,Porites
210873,Holothuria (Stauropora) fuscocinerea,1544535,needs_id,2024-05-26,False,0,10.853905667,-85.9544582591,genus,Holothuria
1026118,Mobula birostris,1026118,research,2024-05-26,True,1,10.9274725084,-85.9213088285,genus,Mobula
273858,Epinephelus labriformis,273858,research,2024-05-26,False,0,10.853905667,-85.9544582591,genus,Epinephelus
273904,Serranus psittacinus,273904,research,2024-05-26,False,0,10.853905667,-85.9544582591,genus,Serranus
464493,Pinctada mazatlanica,464493,needs_id,2024-05-26,False,0,10.853905667,-85.9544582591,genus,Pinctada
105792,Carcharhinus leucas,105792,research,2024-05-26,True,3,10.9501970992,-85.8922836336,genus,Carcharhinus
276658,Stegastes acapulcoensis,276658,needs_id,2024-03-03,False,0,11.025629,-85.751292,genus,Stegastes
275264,Canthigaster punctatissima,275264,research,2024-03-03,False,0,11.025629,-85.751292,genus,Canthigaster
513223,Diadema mexicanum,513223,needs_id,2024-03-03,False,0,11.025629,-85.751292,genus,Diadema
123111,Dendrochirotida,123111,needs_id,2024-03-03,False,0,11.025629,-85.751292,genus,
123083,Holothuroidea,123083,needs_id,2024-03-03,False,0,10.942263,-85.7128096,genus,
513244,Echinometra vanbrunti,513244,needs_id,2024-03-03,False,0,11.025629,-85.751292,genus,Echinometra
592954,Bunodosoma grande,592954,research,2024-03-03,False,0,11.025629,-85.751292,genus,Bunodosoma
206938,Pocillopora,206938,needs_id,2024-03-03,False,0,10.942263,-85.7128096,genus,Pocillopora
1580692,Azurina atrilobata,1580692,needs_id,2024-03-03,False,0,10.942263,-85.7128096,genus,Azurina
289201,Pavona gigantea,289201,needs_id,2024-03-03,False,0,10.942263,-85.7128096,genus,Pavona
254919,Nidorellia armata,254919,research,2024-03-03,False,0,10.942263,-85.7128096,genus,Nidorellia
217966,Fistularia commersonii,217966,research,2024-03-03,False,0,10.942263,-85.7128096,genus,Fistularia
219926,Arothron meleagris,219926,research,2024-03-03,True,1,10.942263,-85.7128096,genus,Arothron
513223,Diadema mexicanum,513223,needs_id,2024-03-03,False,0,10.942263,-85.7128096,genus,Diadema
125449,Synodontidae,125449,needs_id,2024-03-03,False,0,11.025629,-85.751292,genus,
11718,Octopoda,11718,needs_id,2024-03-03,False,0,11.025629,-85.751292,genus,
145,Naticidae,145,needs_id,2024-03-02,False,0,10.9737363,-85.7461548,genus,
410241,Malea ringens,410241,research,2024-03-02,False,0,10.9737363,-85.7461548,genus,Malea
291114,Stellamedusa ventana,291114,research,2024-03-02,True,3,10.9737363,-85.7461548,genus,Stellamedusa
982,Terebellidae,982,needs_id,2024-03-02,False,0,10.9737363,-85.7461548,genus,
988,Serpulidae,988,needs_id,2024-03-02,False,0,10.9737363,-85.7461548,genus,
529159,Cucumaria flamma,529159,needs_id,2024-03-02,False,0,10.9737363,-85.7461548,genus,Cucumaria
988,Serpulidae,988,needs_id,2024-03-02,False,0,10.9737363,-85.7461548,genus,
252289,Botrylloides niger,252289,needs_id,2024-03-02,False,0,10.9737363,-85.7461548,genus,Botrylloides
137224,Pyrosoma,137224,needs_id,2024-03-02,False,0,10.9737363,-85.7461548,genus,Pyrosoma
1774,Ostreida,1774,needs_id,2024-03-02,True,1,10.9737363,-85.7461548,genus,
291251,Tubastraea coccinea,291251,needs_id,2024-03-02,False,0,10.9737363,-85.7461548,genus,Tubastraea
137213,Pyrosomatida,137213,needs_id,2024-03-02,False,0,10.9737363,-85.7461548,genus,
982,Terebellidae,982,needs_id,2024-03-02,False,0,10.9737363,-85.7461548,genus,
513609,Toxopneustes roseus,513609,needs_id,2024-03-02,False,0,10.9737363,-85.7461548,genus,Toxopneustes
513266,Eucidaris thouarsii,513266,needs_id,2024-03-02,False,0,10.9737363,-85.7461548,genus,Eucidaris
292797,Phataria unifascialis,292797,needs_id,2024-03-02,False,0,10.9737363,-85.7461548,genus,Phataria
286209,Leptogorgia alba,286209,needs_id,2024-03-02,False,0,10.9737363,-85.7461548,genus,Leptogorgia
529159,Cucumaria flamma,529159,needs_id,2024-03-02,False,0,10.9737363,-85.7461548,genus,Cucumaria
123084,Ophiuroidea,123084,needs_id,2024-03-02,False,0,10.9737363,-85.7461548,genus,
291114,Stellamedusa ventana,291114,research,2024-03-02,True,4,10.9737363,-85.7461548,genus,Stellamedusa
441967,Stenorhynchus debilis,441967,research,2024-03-02,False,0,10.9737363,-85.7461548,genus,Stenorhynchus
137213,Pyrosomatida,137213,needs_id,2024-03-02,False,0,10.9737363,-85.7461548,genus,
558502,Chromolaichma sedna,558502,research,2024-03-02,True,2,10.9737363,-85.7461548,genus,Chromolaichma
513223,Diadema mexicanum,513223,needs_id,2024-03-02,False,0,10.9737363,-85.7461548,genus,Diadema
254919,Nidorellia armata,254919,needs_id,2024-03-02,False,0,10.9737363,-85.7461548,genus,Nidorellia
117802,Pennaria disticha,117802,needs_id,2024-05-25,False,0,10.9443855311,-85.7125593335,genus,Pennaria
203822,Stegastes,203822,needs_id,2024-05-25,False,0,10.9437956433,-85.7111002118,genus,Stegastes
271898,Muraena clepsydra,271898,research,2024-05-25,True,2,10.9449754176,-85.7129026562,genus,Muraena
513609,Toxopneustes roseus,513609,needs_id,2024-05-25,False,0,10.9436271037,-85.7109285504,genus,Toxopneustes
513609,Toxopneustes roseus,513609,needs_id,2024-05-25,False,0,10.9441327222,-85.711872688,genus,Toxopneustes
271900,Muraena lentiginosa,271900,research,2024-05-25,False,0,10.9439641828,-85.7133318097,genus,Muraena
206732,Cephalopholis,206732,needs_id,2024-05-25,False,0,10.9443855311,-85.7129884869,genus,Cephalopholis
286209,Leptogorgia alba,286209,needs_id,2024-05-25,False,0,10.9444698006,-85.7133318097,genus,Leptogorgia
266129,Rhopalaea birkelandi,266129,research,2024-05-25,False,0,10.9446383397,-85.7127309948,genus,Rhopalaea
123179,Toxopneustidae,123179,needs_id,2024-05-25,False,0,10.9449754176,-85.7133318097,genus,
289201,Pavona gigantea,289201,needs_id,2024-05-25,False,0,10.9444698006,-85.7142759472,genus,Pavona
513609,Toxopneustes roseus,513609,needs_id,2024-05-25,False,0,10.9453124951,-85.7145334393,genus,Toxopneustes
513266,Eucidaris thouarsii,513266,needs_id,2024-05-25,False,0,10.9461773805,-85.715659543,genus,Eucidaris
131868,Clathria,131868,needs_id,2024-05-25,False,0,10.945059687,-85.7138467938,genus,Clathria
289201,Pavona gigantea,289201,needs_id,2024-05-25,False,0,10.9448700611,-85.713085462,genus,Pavona
292797,Phataria unifascialis,292797,needs_id,2024-05-25,False,0,10.9448700611,-85.7131712927,genus,Phataria
529516,Isostichopus fuscus,529516,needs_id,2024-05-25,False,0,10.8074416368,-85.7754379417,genus,Isostichopus
292797,Phataria unifascialis,292797,needs_id,2024-05-25,False,0,10.9447857917,-85.7134287847,genus,Phataria
291251,Tubastraea coccinea,291251,needs_id,2024-05-25,False,0,10.9442801744,-85.7136004461,genus,Tubastraea
131868,Clathria,131868,needs_id,2024-05-25,False,0,10.9437745562,-85.711712171,genus,Clathria
513266,Eucidaris thouarsii,513266,needs_id,2024-05-25,False,0,10.9441959047,-85.7145445837,genus,Eucidaris
529159,Cucumaria flamma,529159,needs_id,2024-05-25,False,0,10.9445340915,-85.714566039,genus,Cucumaria
219925,Arothron hispidus,219925,research,2024-05-25,True,1,10.9435410534,-85.7136648157,genus,Arothron
529159,Cucumaria flamma,529159,needs_id,2024-05-25,False,0,10.943609365,-85.7135789827,genus,Cucumaria
513609,Toxopneustes roseus,513609,needs_id,2024-05-25,False,0,10.9434089174,-85.713235656,genus,Toxopneustes
1292,Anthozoa,1292,needs_id,2024-05-25,False,0,10.9431823257,-85.7119052789,genus,
123084,Ophiuroidea,123084,needs_id,2024-05-25,False,0,10.942897683,-85.7131927353,genus,
513266,Eucidaris thouarsii,513266,needs_id,2024-05-25,False,0,10.9432034598,-85.7106738953,genus,Eucidaris
292795,Pharia pyramidata,292795,needs_id,2024-05-25,False,0,10.9421074776,-85.7133083443,genus,Pharia
1475481,Ascidia sideralis,1475481,needs_id,2024-05-25,False,0,10.9448841131,-85.7120274141,genus,Ascidia
1475481,Ascidia sideralis,1475481,needs_id,2024-05-25,False,0,10.9445470351,-85.71151243,genus,Ascidia
266129,Rhopalaea birkelandi,266129,needs_id,2024-05-25,False,0,10.9445470351,-85.7117699221,genus,Rhopalaea
291251,Tubastraea coccinea,291251,needs_id,2024-05-25,False,0,10.9442942264,-85.7117699221,genus,Tubastraea
291251,Tubastraea coccinea,291251,needs_id,2024-05-25,False,0,10.9447155742,-85.71151243,genus,Tubastraea
291251,Tubastraea coccinea,291251,needs_id,2024-05-25,False,0,10.9445470351,-85.7115982607,genus,Tubastraea
100766,Telmatactis,100766,needs_id,2024-05-25,False,0,10.9445470351,-85.7112549379,genus,Telmatactis
289201,Pavona gigantea,289201,needs_id,2024-05-25,False,0,10.9447155742,-85.7115982607,genus,Pavona
138268,Octopus,138268,needs_id,2024-05-25,False,0,10.9446313047,-85.7112549379,genus,Octopus
138268,Octopus,138268,needs_id,2024-05-25,False,0,10.9442942264,-85.7113407686,genus,Octopus
131868,Clathria,131868,needs_id,2024-05-25,False,0,10.944378496,-85.7111691072,genus,Clathria
513266,Eucidaris thouarsii,513266,needs_id,2024-05-25,False,0,10.9445470351,-85.7112549379,genus,Eucidaris
513266,Eucidaris thouarsii,513266,needs_id,2024-05-25,False,0,10.9444832582,-85.7111690994,genus,Eucidaris
131868,Clathria,131868,needs_id,2024-05-25,False,0,10.9445993773,-85.711254934,genus,Clathria
513266,Eucidaris thouarsii,513266,needs_id,2024-05-25,False,0,10.9439458208,-85.7108257727,genus,Eucidaris
127403,Diodon hystrix,127403,research,2024-05-25,True,1,10.9439982774,-85.7109974302,genus,Diodon
206732,Cephalopholis,206732,needs_id,2024-05-25,False,0,10.9441509139,-85.7112549183,genus,Cephalopholis
513138,Astropyga pulvinata,513138,needs_id,2024-05-25,False,0,10.9436135041,-85.7112549144,genus,Astropyga
290437,Myriopathes panamensis,290437,needs_id,2024-03-02,False,0,10.9433763512,-85.7125955269,genus,Myriopathes
370915,Mithrodia bradleyi,370915,needs_id,2024-03-02,False,0,10.9436291608,-85.7122522041,genus,Mithrodia
271900,Muraena lentiginosa,271900,research,2024-03-02,True,1,10.9437134306,-85.7126813576,genus,Muraena
367402,Aniculus elegans,367402,research,2024-03-03,False,0,10.9443033185,-85.7126813576,genus,Aniculus
513266,Eucidaris thouarsii,513266,needs_id,2024-03-03,False,0,10.9438819701,-85.712853019,genus,Eucidaris
513266,Eucidaris thouarsii,513266,needs_id,2024-03-03,False,0,10.9440505095,-85.7130246803,genus,Eucidaris
273584,Thalassoma lucasanum,273584,research,2024-03-02,True,1,10.9445401723,-85.7131963417,genus,Thalassoma
513223,Diadema mexicanum,513223,needs_id,2024-03-02,False,0,10.945214328,-85.712853019,genus,Diadema
513223,Diadema mexicanum,513223,needs_id,2024-03-02,False,0,10.9443716332,-85.7131963417,genus,Diadema
529159,Cucumaria flamma,529159,needs_id,2024-03-02,False,0,10.9446244419,-85.712853019,genus,Cucumaria
529159,Cucumaria flamma,529159,needs_id,2024-03-02,False,0,10.944203094,-85.712853019,genus,Cucumaria
291251,Tubastraea coccinea,291251,needs_id,2024-03-02,False,0,10.944203094,-85.7129388497,genus,Tubastraea
513619,Tripneustes depressus,513619,needs_id,2024-03-02,False,0,10.9443716332,-85.7125955269,genus,Tripneustes
274726,Scorpaena mystes,274726,needs_id,2024-03-02,False,0,10.9442873636,-85.7130246803,genus,Scorpaena
206938,Pocillopora,206938,needs_id,2024-03-03,False,0,10.9439502849,-85.7126813576,genus,Pocillopora
292797,Phataria unifascialis,292797,needs_id,2024-03-02,False,0,10.9443716332,-85.7123380348,genus,Phataria
292795,Pharia pyramidata,292795,needs_id,2024-03-02,False,0,10.9439502849,-85.712853019,genus,Pharia
289201,Pavona gigantea,289201,needs_id,2024-03-02,False,0,10.9436655075,-85.7130246764,genus,Pavona
464493,Pinctada mazatlanica,464493,needs_id,2024-03-02,False,0,10.9436655075,-85.7122307453,genus,Pinctada
219925,Arothron hispidus,219925,research,2024-03-02,True,1,10.9436916751,-85.7134752768,genus,Arothron
1475481,Ascidia sideralis,1475481,needs_id,2024-03-02,False,0,10.9430698969,-85.7127027967,genus,Ascidia
117190,Pennaria,117190,needs_id,2024-06-23,False,0,10.9699023348,-85.7244825736,genus,Pennaria
219926,Arothron meleagris,219926,research,2024-05-25,False,0,10.942263,-85.7128096,scientificname,Arothron meleagris
203822,Stegastes,203822,needs_id,2024-05-25,False,0,10.942263,-85.7128096,scientificname,Stegastes
138268,Octopus,138268,needs_id,2024-05-25,False,0,10.942263,-85.7128096,scientificname,Octopus
11718,Octopoda,11718,needs_id,2024-05-25,False,0,10.942263,-85.7128096,scientificname,Octopoda
281202,Johnrandallia nigrirostris,281202,research,2024-05-25,True,1,10.942263,-85.7128096,scientificname,Johnrandallia nigrirostris
123083,Holothuroidea,123083,needs_id,2024-05-25,False,0,10.942263,-85.7128096,scientificname,Holothuroidea
596162,Hexaplex princeps,596162,needs_id,2024-05-25,False,0,10.942263,-85.7128096,scientificname,Hexaplex princeps
596162,Hexaplex princeps,596162,research,2024-05-25,False,0,10.942263,-85.7128096,scientificname,Hexaplex princeps
275780,Halichoeres nicholsi,275780,research,2024-05-25,False,0,10.942263,-85.7128096,scientificname,Halichoeres nicholsi
275780,Halichoeres nicholsi,275780,research,2024-05-25,False,0,10.942263,-85.7128096,scientificname,Halichoeres nicholsi
275729,Haemulon maculicauda,275729,needs_id,2024-05-25,False,0,10.942263,-85.7128096,scientificname,Haemulon maculicauda
275763,Halichoeres dispilus,275763,research,2024-05-25,False,0,10.942263,-85.7128096,scientificname,Halichoeres dispilus
275763,Halichoeres dispilus,275763,research,2024-05-25,False,0,10.942263,-85.7128096,scientificname,Halichoeres dispilus
219926,Arothron meleagris,219926,research,2024-05-25,False,0,10.942263,-85.7128096,scientificname,Arothron meleagris
219926,Arothron meleagris,219926,research,2024-05-25,False,0,10.942263,-85.7128096,scientificname,Arothron meleagris
1006825,Urobatis pardalis,1006825,research,2024-03-02,True,1,10.942263,-85.7128096,scientificname,Urobatis pardalis
281202,Johnrandallia nigrirostris,281202,research,2024-03-02,False,0,10.942263,-85.7128096,scientificname,Johnrandallia nigrirostris
275736,Haemulon sexfasciatum,275736,research,2024-09-07,False,0,8.707268,-83.8817571,scientificname,Haemulon sexfasciatum
275736,Haemulon sexfasciatum,275736,research,2024-09-07,False,0,8.707268,-83.8817571,scientificname,Haemulon sexfasciatum
214557,Triaenodon obesus,214557,research,2024-09-07,True,1,8.707268,-83.8817571,scientificname,Triaenodon obesus
276853,Sufflamen verres,276853,research,2024-09-07,True,1,8.707268,-83.8817571,scientificname,Sufflamen verres
275736,Haemulon sexfasciatum,275736,research,2024-09-07,False,0,8.707268,-83.8817571,scientificname,Haemulon sexfasciatum
276668,Stegastes flavilatus,276668,research,2024-09-07,False,0,8.707268,-83.8817571,scientificname,Stegastes flavilatus
273858,Epinephelus labriformis,273858,research,2024-09-07,False,0,8.707268,-83.8817571,scientificname,Epinephelus labriformis
220083,Zanclus cornutus,220083,research,2024-09-07,True,1,8.707268,-83.8817571,scientificname,Zanclus cornutus
219127,Scarus ghobban,219127,research,2024-09-07,False,0,8.707268,-83.8817571,scientificname,Scarus ghobban
220083,Zanclus cornutus,220083,research,2024-09-07,True,1,8.707268,-83.8817571,scientificname,Zanclus cornutus
279161,Pseudobalistes naufragium,279161,research,2024-09-07,True,1,8.707268,-83.8817571,scientificname,Pseudobalistes naufragium
137206,Chelonia mydas,137206,research,2024-09-07,True,1,8.7971672682,-83.8527784564,scientificname,Chelonia mydas
137207,Eretmochelys imbricata,137207,needs_id,2024-09-07,False,0,8.7873358677,-83.8849494309,scientificname,Eretmochelys imbricata
137206,Chelonia mydas,137206,research,2024-09-07,True,2,8.7140343124,-83.8628258593,scientificname,Chelonia mydas
219634,Acanthurus xanthopterus,219634,research,2024-09-07,False,0,8.707268,-83.8817571,scientificname,Acanthurus xanthopterus
276552,Lutjanus viridis,276552,research,2024-09-07,False,0,8.707268,-83.8817571,scientificname,Lutjanus viridis
1750630,Cephalopholis colonus,1750630,research,2024-09-07,False,0,8.707268,-83.8817571,scientificname,Cephalopholis colonus
273343,Chaetodon humeralis,273343,research,2024-09-07,False,0,8.707268,-83.8817571,scientificname,Chaetodon humeralis
218419,Caranx melampygus,218419,research,2024-09-07,False,0,8.707268,-83.8817571,scientificname,Caranx melampygus
1750630,Cephalopholis colonus,1750630,research,2024-09-07,False,0,8.707268,-83.8817571,scientificname,Cephalopholis colonus
273271,Caranx caballus,273271,research,2024-09-07,False,0,8.707268,-83.8817571,scientificname,Caranx caballus
219638,Acanthurus nigricans,219638,research,2024-09-07,True,2,8.707268,-83.8817571,scientificname,Acanthurus nigricans
217495,Gymnothorax flavimarginatus,217495,research,2024-09-07,True,1,8.707268,-83.8817571,scientificname,Gymnothorax flavimarginatus
276016,Holacanthus passer,276016,research,2024-09-07,True,1,8.707268,-83.8817571,scientificname,Holacanthus passer
275729,Haemulon maculicauda,275729,research,2024-09-07,False,0,8.707268,-83.8817571,scientificname,Haemulon maculicauda
219926,Arothron meleagris,219926,research,2024-09-07,True,1,8.707268,-83.8817571,scientificname,Arothron meleagris
274726,Scorpaena mystes,274726,research,2024-09-07,False,0,8.707268,-83.8817571,scientificname,Scorpaena mystes
267665,Pacifigorgia,267665,needs_id,2024-09-07,False,0,8.707268,-83.8817571,scientificname,Pacifigorgia
291251,Tubastraea coccinea,291251,needs_id,2024-09-07,False,0,8.707268,-83.8817571,scientificname,Tubastraea coccinea
137206,Chelonia mydas,137206,research,2024-09-07,True,2,8.7967569907,-83.9283276902,scientificname,Chelonia mydas
267665,Pacifigorgia,267665,needs_id,2024-09-07,False,0,8.707268,-83.8817571,scientificname,Pacifigorgia
217495,Gymnothorax flavimarginatus,217495,research,2024-09-07,True,1,8.707268,-83.8817571,scientificname,Gymnothorax flavimarginatus
137207,Eretmochelys imbricata,137207,research,2024-09-07,False,0,8.66389313,-83.9662430933,scientificname,Eretmochelys imbricata
218429,Gnathanodon speciosus,218429,research,2024-09-07,False,0,8.707268,-83.8817571,scientificname,Gnathanodon speciosus
214557,Triaenodon obesus,214557,research,2024-09-07,True,1,8.707268,-83.8817571,scientificname,Triaenodon obesus
279152,Cephalopholis panamensis,279152,research,2024-09-07,False,0,8.707268,-83.8817571,scientificname,Cephalopholis panamensis
217927,Myripristis berndti,217927,research,2024-09-07,False,0,8.707268,-83.8817571,scientificname,Myripristis berndti
286209,Leptogorgia alba,286209,research,2024-09-07,False,0,8.707268,-83.8817571,scientificname,Leptogorgia alba
289201,Pavona gigantea,289201,needs_id,2024-09-07,False,0,8.707268,-83.8817571,scientificname,Pavona gigantea
281202,Johnrandallia nigrirostris,281202,research,2024-09-07,False,0,8.707268,-83.8817571,scientificname,Johnrandallia nigrirostris
218853,Cirrhitichthys oxycephalus,218853,research,2024-09-07,True,1,8.707268,-83.8817571,scientificname,Cirrhitichthys oxycephalus
206938,Pocillopora,206938,needs_id,2024-09-07,False,0,8.707268,-83.8817571,scientificname,Pocillopora
218378,Malacanthus brevirostris,218378,research,2024-09-07,False,0,8.707268,-83.8817571,scientificname,Malacanthus brevirostris
138518,Spondylus,138518,needs_id,2024-09-07,True,1,8.707268,-83.8817571,scientificname,Spondylus
219124,Scarus rubroviolaceus,219124,research,2024-09-07,False,0,8.707268,-83.8817571,scientificname,Scarus rubroviolaceus
219124,Scarus rubroviolaceus,219124,research,2024-09-07,False,0,8.707268,-83.8817571,scientificname,Scarus rubroviolaceus
164811,Demospongiae,164811,needs_id,2024-09-07,True,2,8.707268,-83.8817571,scientificname,Demospongiae
286209,Leptogorgia alba,286209,research,2024-09-07,False,0,8.707268,-83.8817571,scientificname,Leptogorgia alba
218419,Caranx melampygus,218419,research,2024-09-07,False,0,8.707268,-83.8817571,scientificname,Caranx melampygus
138268,Octopus,138268,needs_id,2024-09-07,True,1,8.707268,-83.8817571,scientificname,Octopus
275736,Haemulon sexfasciatum,275736,research,2024-09-07,False,0,8.707268,-83.8817571,scientificname,Haemulon sexfasciatum
273271,Caranx caballus,273271,research,2024-09-07,False,0,8.707268,-83.8817571,scientificname,Caranx caballus
273858,Epinephelus labriformis,273858,research,2024-09-07,False,0,8.707268,-83.8817571,scientificname,Epinephelus labriformis
137206,Chelonia mydas,137206,research,2024-09-07,True,2,8.6098446021,-83.8222139915,scientificname,Chelonia mydas
267665,Pacifigorgia,267665,needs_id,2024-09-07,False,0,8.707268,-83.8817571,scientificname,Pacifigorgia
137206,Chelonia mydas,137206,research,2024-09-07,True,1,8.6856444425,-83.8951780241,scientificname,Chelonia mydas
1042860,Hypanus longus,1042860,research,2024-09-07,True,1,8.707268,-83.8817571,scientificname,Hypanus longus
219925,Arothron hispidus,219925,research,2024-09-07,True,1,8.707268,-83.8817571,scientificname,Arothron hispidus
279624,Anisotremus taeniatus,279624,research,2024-09-07,False,0,8.707268,-83.8817571,scientificname,Anisotremus taeniatus
275729,Haemulon maculicauda,275729,needs_id,2024-09-07,False,0,8.707268,-83.8817571,scientificname,Haemulon maculicauda
276524,Lutjanus argentiventris,276524,research,2024-09-07,False,0,8.707268,-83.8817571,scientificname,Lutjanus argentiventris
281087,Hoplopagrus guentherii,281087,research,2024-09-07,False,0,8.707268,-83.8817571,scientificname,Hoplopagrus guentherii
206485,Porites,206485,needs_id,2024-09-07,False,0,8.707268,-83.8817571,scientificname,Porites
1778,Limidae,1778,needs_id,2024-09-07,False,0,8.707268,-83.8817571,scientificname,Limidae
214557,Triaenodon obesus,214557,research,2024-09-07,True,1,8.707268,-83.8817571,scientificname,Triaenodon obesus
218853,Cirrhitichthys oxycephalus,218853,research,2024-09-07,True,1,8.707268,-83.8817571,scientificname,Cirrhitichthys oxycephalus
125484,Antennariidae,125484,needs_id,2024-09-07,False,0,8.707268,-83.8817571,scientificname,Antennariidae
276028,Pomacanthus zonipectus,276028,research,2017-06-18,False,0,8.5685573091,-83.2666979222,scientificname,Pomacanthus zonipectus
217469,Echidna nebulosa,217469,research,2017-06-18,True,1,8.5685573091,-83.2666979222,scientificname,Echidna nebulosa
123111,Dendrochirotida,123111,needs_id,2017-06-18,False,0,8.5685573091,-83.2666979222,scientificname,Dendrochirotida
275729,Haemulon maculicauda,275729,needs_id,2017-06-18,False,0,8.5685573091,-83.2666979222,scientificname,Haemulon maculicauda
132044,Placospongia,132044,needs_id,2017-06-18,False,0,8.5685573091,-83.2666979222,scientificname,Placospongia
281087,Hoplopagrus guentherii,281087,research,2017-06-18,False,0,8.5685573091,-83.2666979222,scientificname,Hoplopagrus guentherii
273272,Caranx caninus,273272,needs_id,2017-06-18,False,0,8.5685573091,-83.2666979222,scientificname,Caranx caninus
279161,Pseudobalistes naufragium,279161,needs_id,2017-06-18,False,0,8.5685573091,-83.2666979222,scientificname,Pseudobalistes naufragium
283177,Xenichthys xanti,283177,needs_id,2017-06-18,False,0,8.5685573091,-83.2666979222,scientificname,Xenichthys xanti
273702,Abudefduf troschelii,273702,research,2017-06-18,False,0,8.5685573091,-83.2666979222,scientificname,Abudefduf troschelii
464493,Pinctada mazatlanica,464493,research,2017-06-18,False,0,8.5685573091,-83.2666979222,scientificname,Pinctada mazatlanica
107459,Plagusia depressa,107459,research,2023-04-29,True,1,9.7337,-82.8090805556,scientificname,Plagusia depressa
213380,Echinometra lucunter,213380,needs_id,2023-04-28,False,0,9.7454472222,-82.8538055556,scientificname,Echinometra lucunter
1360,Actiniaria,1360,needs_id,2023-04-28,False,0,9.7444861111,-82.8546611111,scientificname,Actiniaria
206071,Sabellastarte,206071,needs_id,2023-04-28,True,1,9.7453111111,-82.8537527778,scientificname,Sabellastarte
123083,Holothuroidea,123083,needs_id,2023-04-28,False,0,9.7452722222,-82.8536972222,scientificname,Holothuroidea
1264073,Exaiptasia diaphana,1264073,needs_id,2023-04-28,True,1,9.7452888889,-82.8537611111,scientificname,Exaiptasia diaphana
124454,Euapta lappa,124454,needs_id,2023-04-30,False,0,9.6454900767,-82.6873418137,scientificname,Euapta lappa
124454,Euapta lappa,124454,needs_id,2023-04-30,False,0,9.6454900767,-82.6873418137,scientificname,Euapta lappa
291135,Stichodactyla helianthus,291135,research,2023-04-30,False,0,9.6454900767,-82.6873418137,scientificname,Stichodactyla helianthus
288456,Palythoa caribaeorum,288456,research,2023-04-30,False,0,9.6454900767,-82.6873418137,scientificname,Palythoa caribaeorum
179659,Echinometra,179659,needs_id,2023-04-30,False,0,9.6454900767,-82.6873418137,scientificname,Echinometra
123084,Ophiuroidea,123084,needs_id,2023-04-30,False,0,9.6454900767,-82.6873418137,scientificname,Ophiuroidea
159786,Thalassoma bifasciatum,159786,research,2023-04-30,True,3,9.6454900767,-82.6873418137,scientificname,Thalassoma bifasciatum
205902,Millepora,205902,needs_id,2023-04-30,False,0,9.6454900767,-82.6873418137,scientificname,Millepora
287421,Millepora complanata,287421,needs_id,2023-04-30,False,0,9.6454900767,-82.6873418137,scientificname,Millepora complanata
396741,Eucidaris tribuloides,396741,needs_id,2023-04-30,False,0,9.6454900767,-82.6873418137,scientificname,Eucidaris tribuloides
422493,Echinometra viridis,422493,needs_id,2023-04-30,False,0,9.6454900767,-82.6873418137,scientificname,Echinometra viridis
124332,Diadema antillarum,124332,needs_id,2023-04-30,False,0,9.6454900767,-82.6873418137,scientificname,Diadema antillarum
828326,Pseudodiploria clivosa,828326,needs_id,2023-04-30,False,0,9.6454900767,-82.6873418137,scientificname,Pseudodiploria clivosa
124332,Diadema antillarum,124332,needs_id,2023-04-30,False,0,9.6454900767,-82.6873418137,scientificname,Diadema antillarum
289826,Diploria labyrinthiformis,289826,needs_id,2023-04-30,False,0,9.6454900767,-82.6873418137,scientificname,Diploria labyrinthiformis
422490,Tripneustes ventricosus,422490,needs_id,2023-04-30,False,0,9.6454900767,-82.6873418137,scientificname,Tripneustes ventricosus
287916,Agaricia tenuifolia,287916,needs_id,2023-04-30,False,0,9.7877339665,-82.6790261697,scientificname,Agaricia tenuifolia
422490,Tripneustes ventricosus,422490,needs_id,2023-04-30,False,0,9.6454900767,-82.6873418137,scientificname,Tripneustes ventricosus
828326,Pseudodiploria clivosa,828326,needs_id,2023-04-30,False,0,9.6454900767,-82.6873418137,scientificname,Pseudodiploria clivosa
207517,Siderastrea radians,207517,needs_id,2023-04-30,False,0,9.6454900767,-82.6873418137,scientificname,Siderastrea radians
100682,Arachnactidae,100682,needs_id,2023-04-30,True,1,9.6454900767,-82.6873418137,scientificname,Arachnactidae
828326,Pseudodiploria clivosa,828326,needs_id,2023-04-30,False,0,9.6454900767,-82.6873418137,scientificname,Pseudodiploria clivosa
287421,Millepora complanata,287421,needs_id,2023-04-29,False,0,9.7395788739,-82.8174400058,scientificname,Millepora complanata
123083,Holothuroidea,123083,needs_id,2023-04-29,False,0,9.7395788739,-82.8174400058,scientificname,Holothuroidea
123083,Holothuroidea,123083,needs_id,2023-04-29,False,0,9.7395788739,-82.8174400058,scientificname,Holothuroidea
123083,Holothuroidea,123083,needs_id,2023-04-29,False,0,9.7395788739,-82.8174400058,scientificname,Holothuroidea
123083,Holothuroidea,123083,needs_id,2023-04-29,False,0,9.7395788739,-82.8174400058,scientificname,Holothuroidea
123083,Holothuroidea,123083,needs_id,2023-04-29,False,0,9.7395788739,-82.8174400058,scientificname,Holothuroidea
123083,Holothuroidea,123083,needs_id,2023-04-29,False,0,9.7395788739,-82.8174400058,scientificname,Holothuroidea
123083,Holothuroidea,123083,needs_id,2023-04-29,False,0,9.7395788739,-82.8174400058,scientificname,Holothuroidea
302432,Caranx ruber,302432,research,2023-04-29,True,1,9.7395788739,-82.8174400058,scientificname,Caranx ruber
129831,Hermodice carunculata,129831,research,2023-04-29,False,0,9.7395788739,-82.8174400058,scientificname,Hermodice carunculata
123083,Holothuroidea,123083,needs_id,2023-04-29,False,0,9.7395788739,-82.8174400058,scientificname,Holothuroidea
159559,Pterois volitans,159559,research,2023-04-29,True,1,9.7395788739,-82.8174400058,scientificname,Pterois volitans
275727,Haemulon flavolineatum,275727,research,2023-04-29,False,0,9.7395788739,-82.8174400058,scientificname,Haemulon flavolineatum
159797,Lutjanus griseus,159797,research,2023-04-29,True,1,9.7395788739,-82.8174400058,scientificname,Lutjanus griseus
279625,Anisotremus virginicus,279625,research,2023-04-29,True,1,9.7395788739,-82.8174400058,scientificname,Anisotremus virginicus
302312,Caranx bartholomaei,302312,research,2023-04-29,True,1,9.7395788739,-82.8174400058,scientificname,Caranx bartholomaei
159581,Acanthurus coeruleus,159581,needs_id,2023-04-29,True,1,9.7395788739,-82.8174400058,scientificname,Acanthurus coeruleus
125540,Kyphosidae,125540,needs_id,2023-04-29,False,0,9.7395788739,-82.8174400058,scientificname,Kyphosidae
396741,Eucidaris tribuloides,396741,needs_id,2023-04-29,False,0,9.7395788739,-82.8174400058,scientificname,Eucidaris tribuloides
124332,Diadema antillarum,124332,needs_id,2023-04-29,False,0,9.7395788739,-82.8174400058,scientificname,Diadema antillarum
124332,Diadema antillarum,124332,needs_id,2023-04-29,False,0,9.7395788739,-82.8174400058,scientificname,Diadema antillarum
207516,Siderastrea siderea,207516,needs_id,2023-04-29,False,0,9.7395788739,-82.8174400058,scientificname,Siderastrea siderea
708859,Antillogorgia americana,708859,needs_id,2023-04-29,False,0,9.7395788739,-82.8174400058,scientificname,Antillogorgia americana
828326,Pseudodiploria clivosa,828326,needs_id,2023-04-29,False,0,9.7395788739,-82.8174400058,scientificname,Pseudodiploria clivosa
207516,Siderastrea siderea,207516,needs_id,2023-04-29,False,0,9.7395788739,-82.8174400058,scientificname,Siderastrea siderea
125277,Plexauridae,125277,needs_id,2023-04-29,False,0,9.7395788739,-82.8174400058,scientificname,Plexauridae
288227,Acropora palmata,288227,research,2023-04-29,False,0,9.7912710479,-82.8450940607,scientificname,Acropora palmata
140059,Haliotis tuberculata,140059,research,2018-03-24,True,1,28.5766924755,-16.329363585,scientificname,Haliotis tuberculata
135181,Balanophyllia (Balanophyllia) regia,1442415,needs_id,2018-03-24,False,0,28.5766924755,-16.329363585,scientificname,Balanophyllia regia
123795,Coscinasterias tenuispina,123795,research,2018-03-24,True,1,28.5766924755,-16.329363585,scientificname,Coscinasterias tenuispina
126772,Parablennius parvicornis,126772,research,2018-03-24,False,0,28.5766924755,-16.329363585,scientificname,Parablennius parvicornis
123795,Coscinasterias tenuispina,123795,research,2018-03-24,False,0,28.5766924755,-16.329363585,scientificname,Coscinasterias tenuispina
126970,Thalassoma pavo,126970,research,2018-03-24,True,1,28.5766924755,-16.329363585,scientificname,Thalassoma pavo
149855,Echinacea,149855,needs_id,2018-03-24,True,2,28.5766924755,-16.329363585,scientificname,Echinacea
124316,Paracentrotus lividus,124316,research,2018-03-24,True,1,28.5766924755,-16.329363585,scientificname,Paracentrotus lividus
888371,Enthemonae,888371,needs_id,2018-03-24,True,2,28.5766924755,-16.329363585,scientificname,Enthemonae
100808,Anemonia viridis,100808,research,2018-03-24,False,0,28.5766924755,-16.329363585,scientificname,Anemonia viridis
135479,Physalia physalis,135479,research,2018-03-24,True,2,28.5766924755,-16.329363585,scientificname,Physalia physalis
124316,Paracentrotus lividus,124316,research,2018-03-24,False,0,28.5766924755,-16.329363585,scientificname,Paracentrotus lividus
124316,Paracentrotus lividus,124316,research,2018-03-24,False,0,28.5766924755,-16.329363585,scientificname,Paracentrotus lividus
138758,Aplysia punctata,138758,needs_id,2018-03-24,True,1,28.5766924755,-16.329363585,scientificname,Aplysia punctata
123795,Coscinasterias tenuispina,123795,research,2018-03-24,True,1,28.5766924755,-16.329363585,scientificname,Coscinasterias tenuispina
100808,Anemonia viridis,100808,research,2018-03-24,True,1,28.5766924755,-16.329363585,scientificname,Anemonia viridis
889885,Similiparma lurida,889885,research,2018-03-24,True,1,28.5766924755,-16.329363585,scientificname,Similiparma lurida
123795,Coscinasterias tenuispina,123795,research,2018-03-24,False,0,28.5766924755,-16.329363585,scientificname,Coscinasterias tenuispina
135181,Balanophyllia (Balanophyllia) regia,1442415,needs_id,2018-03-24,False,0,28.5766924755,-16.329363585,scientificname,Balanophyllia regia
138753,Aplysia dactylomela,138753,research,2018-03-24,True,2,28.5766924755,-16.329363585,scientificname,Aplysia dactylomela
100770,Metridium,100770,needs_id,2019-07-30,False,0,48.5455569954,-123.0130950756,scientificname,Metridium
1718121,Haliclystus sanjuanensis,1718121,research,2019-07-31,False,0,48.4509722222,-122.9621361111,scientificname,Haliclystus sanjuanensis
558913,Armina californica,558913,research,2019-07-22,False,0,48.5455027778,-123.0134416667,scientificname,Armina californica
100833,Urticina eques,100833,needs_id,2019-08-12,False,0,48.5456194444,-123.0135416667,scientificname,Urticina eques
575156,Haminoea vesicula,575156,needs_id,2019-08-11,False,0,48.5457916667,-123.0129916667,scientificname,Haminoea vesicula
131641,Microcionidae,131641,needs_id,2019-07-31,True,1,48.4507305556,-122.9624472222,scientificname,Microcionidae
369177,Leptasterias hexactis,369177,needs_id,2019-07-31,False,0,48.4509722222,-122.9621361111,scientificname,Leptasterias hexactis
283347,Anthopleura elegantissima,283347,research,2019-07-31,True,1,48.4509472222,-122.9620361111,scientificname,Anthopleura elegantissima
255040,Evasterias troschelii,255040,research,2019-07-31,True,3,48.4509666667,-122.9620277778,scientificname,Evasterias troschelii
283347,Anthopleura elegantissima,283347,research,2019-07-31,True,1,48.4507777778,-122.9619305556,scientificname,Anthopleura elegantissima
535329,Pollicipes polymerus,535329,research,2019-07-31,False,0,48.4514888889,-122.9620972222,scientificname,Pollicipes polymerus
240776,Cryptochiton stelleri,240776,research,2019-07-31,False,0,48.4508944444,-122.9618694444,scientificname,Cryptochiton stelleri
131834,Haliclona,131834,needs_id,2019-07-31,False,0,48.4514916667,-122.9621361111,scientificname,Haliclona
165853,Halichondria (Halichondria) panicea,132627,needs_id,2019-07-31,False,0,48.4515,-122.9620444444,scientificname,Halichondria panicea
1360,Actiniaria,1360,needs_id,2019-07-31,False,0,48.4501833333,-122.9618916667,scientificname,Actiniaria
283347,Anthopleura elegantissima,283347,research,2019-07-31,True,1,48.4516805556,-122.9619138889,scientificname,Anthopleura elegantissima
1360,Actiniaria,1360,needs_id,2019-07-31,False,0,48.4518611111,-122.9619916667,scientificname,Actiniaria
1360,Actiniaria,1360,needs_id,2019-07-31,False,0,48.45165,-122.9620583333,scientificname,Actiniaria
369177,Leptasterias hexactis,369177,needs_id,2019-07-31,False,0,48.4517777778,-122.9618833333,scientificname,Leptasterias hexactis
529305,Eupentacta quinquesemita,529305,needs_id,2019-07-31,False,0,48.4517777778,-122.9618833333,scientificname,Eupentacta quinquesemita
369177,Leptasterias hexactis,369177,needs_id,2019-07-31,False,0,48.4517777778,-122.9618833333,scientificname,Leptasterias hexactis
123390,Strongylocentrotus,123390,needs_id,2019-07-31,False,0,48.4517694444,-122.9619,scientificname,Strongylocentrotus
240747,Strongylocentrotus purpuratus,240747,needs_id,2019-07-31,True,1,48.4518,-122.9618444444,scientificname,Strongylocentrotus purpuratus
242666,Amphiodia occidentalis,242666,needs_id,2019-07-31,False,0,48.4518861111,-122.9618222222,scientificname,Amphiodia occidentalis
369177,Leptasterias hexactis,369177,needs_id,2019-07-31,False,0,48.4518861111,-122.9618527778,scientificname,Leptasterias hexactis
581816,Doris montereyensis,581816,research,2019-07-31,False,0,48.4518361111,-122.9615333333,scientificname,Doris montereyensis
283347,Anthopleura elegantissima,283347,research,2019-07-31,False,0,48.4520138889,-122.9619222222,scientificname,Anthopleura elegantissima
283347,Anthopleura elegantissima,283347,needs_id,2019-07-31,False,0,48.4519527778,-122.9618611111,scientificname,Anthopleura elegantissima
367837,Mytilus californianus,367837,research,2019-07-31,False,0,48.4518916667,-122.9620361111,scientificname,Mytilus californianus
283347,Anthopleura elegantissima,283347,research,2019-07-31,False,0,48.4522472222,-122.9618,scientificname,Anthopleura elegantissima
369117,Henricia leviuscula,369117,needs_id,2019-07-31,True,2,48.4525555556,-122.9622027778,scientificname,Henricia leviuscula
100706,Urticina,100706,needs_id,2019-07-31,True,2,48.4526166667,-122.9622944444,scientificname,Urticina
529305,Eupentacta quinquesemita,529305,needs_id,2019-07-31,False,0,48.4527083333,-122.9623194444,scientificname,Eupentacta quinquesemita
529305,Eupentacta quinquesemita,529305,needs_id,2019-07-31,False,0,48.4527472222,-122.9624472222,scientificname,Eupentacta quinquesemita
123080,Asteroidea,123080,needs_id,2019-07-31,False,0,48.4527083333,-122.9623194444,scientificname,Asteroidea
225807,Cucumaria miniata,225807,research,2019-07-31,False,0,48.4528722222,-122.9624777778,scientificname,Cucumaria miniata
890436,Diaulula odonoghuei,890436,research,2019-07-30,False,0,48.5216777778,-123.0142527778,scientificname,Diaulula odonoghuei
225807,Cucumaria miniata,225807,needs_id,2019-07-30,False,0,48.5216333333,-123.0141666667,scientificname,Cucumaria miniata
240771,Dermasterias imbricata,240771,research,2019-07-30,False,0,48.5216722222,-123.0138638889,scientificname,Dermasterias imbricata
240747,Strongylocentrotus purpuratus,240747,research,2019-07-30,False,0,48.5216222222,-123.0135805556,scientificname,Strongylocentrotus purpuratus
242666,Amphiodia occidentalis,242666,needs_id,2019-07-30,False,0,48.52155,-123.0135027778,scientificname,Amphiodia occidentalis
240747,Strongylocentrotus purpuratus,240747,research,2019-07-30,False,0,48.5216777778,-123.0142138889,scientificname,Strongylocentrotus purpuratus
386353,Mopalia muscosa,386353,research,2019-07-30,False,0,48.486,-123.0691972222,scientificname,Mopalia muscosa
386338,Katharina tunicata,386338,research,2019-07-30,False,0,48.4859166667,-123.0691611111,scientificname,Katharina tunicata
923,Maldanidae,923,needs_id,2019-07-30,True,1,48.4818277778,-123.0717611111,scientificname,Maldanidae
528885,Leptosynapta clarki,528885,needs_id,2019-07-30,False,0,48.4818416667,-123.0717388889,scientificname,Leptosynapta clarki
287192,Cyanea ferruginea,287192,research,2019-07-30,False,0,48.4818694444,-123.0720972222,scientificname,Cyanea ferruginea
170478,Cliona tenuis,170478,needs_id,2019-06-06,False,0,21.8210984213,-89.5442116698,scientificname,Cliona tenuis
558,Porifera,558,needs_id,2019-06-06,False,0,21.8210984213,-89.5442116698,scientificname,Porifera
170478,Cliona tenuis,170478,needs_id,2019-06-06,False,0,21.8210984213,-89.5442116698,scientificname,Cliona tenuis
282139,Pareques acuminatus,282139,research,2019-06-06,True,1,21.8210984213,-89.5442116698,scientificname,Pareques acuminatus
275645,Opsanus beta,275645,needs_id,2019-06-06,False,0,21.8210984213,-89.5442116698,scientificname,Opsanus beta
267790,Pterogorgia,267790,needs_id,2019-06-06,False,0,21.8210984213,-89.5442116698,scientificname,Pterogorgia
127402,Diodon holocanthus,127402,research,2019-06-06,True,1,21.8210984213,-89.5442116698,scientificname,Diodon holocanthus
558,Porifera,558,needs_id,2019-06-06,False,0,21.8210984213,-89.5442116698,scientificname,Porifera
712603,Hypoplectrus ecosur,712603,research,2019-06-06,False,0,21.8210984213,-89.5442116698,scientificname,Hypoplectrus ecosur
558,Porifera,558,needs_id,2019-06-06,False,0,21.8210984213,-89.5442116698,scientificname,Porifera
558,Porifera,558,needs_id,2019-06-06,False,0,21.8210984213,-89.5442116698,scientificname,Porifera
123084,Ophiuroidea,123084,needs_id,2019-06-06,False,0,21.8210984213,-89.5442116698,scientificname,Ophiuroidea
178754,Echinaster (Othilia) spinulosus,178754,needs_id,2019-06-06,False,0,21.8210984213,-89.5442116698,scientificname,Echinaster (Othilia) spinulosus
367850,Lytechinus variegatus,367850,needs_id,2019-06-06,False,0,21.8210984213,-89.5442116698,scientificname,Lytechinus variegatus
178754,Echinaster (Othilia) spinulosus,178754,needs_id,2019-06-06,False,0,21.8210984213,-89.5442116698,scientificname,Echinaster (Othilia) spinulosus
422499,Clypeaster subdepressus,422499,needs_id,2019-06-06,False,0,21.8210984213,-89.5442116698,scientificname,Clypeaster subdepressus
178754,Echinaster (Othilia) spinulosus,178754,needs_id,2019-06-06,False,0,21.8210984213,-89.5442116698,scientificname,Echinaster (Othilia) spinulosus
159350,Diplectrum formosum,159350,needs_id,2019-06-06,False,0,21.8210984213,-89.5442116698,scientificname,Diplectrum formosum
422499,Clypeaster subdepressus,422499,needs_id,2019-06-06,False,0,21.8210984213,-89.5442116698,scientificname,Clypeaster subdepressus
422499,Clypeaster subdepressus,422499,needs_id,2019-06-06,False,0,21.8210984213,-89.5442116698,scientificname,Clypeaster subdepressus
159350,Diplectrum formosum,159350,needs_id,2019-06-06,False,0,21.8210984213,-89.5442116698,scientificname,Diplectrum formosum
367850,Lytechinus variegatus,367850,needs_id,2019-06-06,False,0,21.8210984213,-89.5442116698,scientificname,Lytechinus variegatus
367850,Lytechinus variegatus,367850,needs_id,2019-06-06,False,0,21.8210984213,-89.5442116698,scientificname,Lytechinus variegatus
206485,Porites,206485,needs_id,2017-03-29,False,0,8.5970647922,-83.3023924782,scientificname,Porites
985,Sabellidae,985,needs_id,2017-03-29,False,0,8.5970647922,-83.3023924782,scientificname,Sabellidae
206485,Porites,206485,needs_id,2017-03-29,False,0,8.5970647922,-83.3023924782,scientificname,Porites
206614,Pavona,206614,needs_id,2017-03-29,False,0,8.5970647922,-83.3023924782,scientificname,Pavona
100766,Telmatactis,100766,needs_id,2017-03-29,False,0,8.5970647922,-83.3023924782,scientificname,Telmatactis
275763,Halichoeres dispilus,275763,research,2017-03-29,False,0,8.5970647922,-83.3023924782,scientificname,Halichoeres dispilus
1302,Pycnogonida,1302,needs_id,2017-03-29,False,0,8.5970647922,-83.3023924782,scientificname,Pycnogonida
123084,Ophiuroidea,123084,needs_id,2017-03-29,False,0,8.5970647922,-83.3023924782,scientificname,Ophiuroidea
271825,Gymnothorax castaneus,271825,needs_id,2017-03-29,True,1,8.5970647922,-83.3023924782,scientificname,Gymnothorax castaneus
117305,Macrorhynchia philippina,117305,needs_id,2017-03-29,False,0,8.5970647922,-83.3023924782,scientificname,Macrorhynchia philippina
125302,Leptogorgia,125302,needs_id,2017-03-29,False,0,8.5970647922,-83.3023924782,scientificname,Leptogorgia
281202,Johnrandallia nigrirostris,281202,research,2017-03-29,False,0,8.5970647922,-83.3023924782,scientificname,Johnrandallia nigrirostris
218429,Gnathanodon speciosus,218429,research,2017-03-29,False,0,8.5970647922,-83.3023924782,scientificname,Gnathanodon speciosus
164811,Demospongiae,164811,needs_id,2017-03-29,False,0,8.5970647922,-83.3023924782,scientificname,Demospongiae
164811,Demospongiae,164811,needs_id,2017-03-29,False,0,8.5970647922,-83.3023924782,scientificname,Demospongiae
279152,Cephalopholis panamensis,279152,research,2017-03-29,False,0,8.5970647922,-83.3023924782,scientificname,Cephalopholis panamensis
282104,Parapsettus panamensis,282104,needs_id,2017-03-29,False,0,8.5970647922,-83.3023924782,scientificname,Parapsettus panamensis
1297576,Styracura pacifica,1297576,research,2017-03-29,True,2,8.5318100601,-83.3221831936,scientificname,Styracura pacifica
206485,Porites,206485,needs_id,2017-03-29,False,0,8.5970647922,-83.3023924782,scientificname,Porites
273584,Thalassoma lucasanum,273584,research,2017-03-29,False,0,8.5970647922,-83.3023924782,scientificname,Thalassoma lucasanum
218853,Cirrhitichthys oxycephalus,218853,research,2017-03-29,False,0,8.5970647922,-83.3023924782,scientificname,Cirrhitichthys oxycephalus
135085,Caryophyllia,135085,needs_id,2017-03-29,False,0,8.5970647922,-83.3023924782,scientificname,Caryophyllia
395098,Carijoa riisei,395098,needs_id,2017-03-29,False,0,8.5970647922,-83.3023924782,scientificname,Carijoa riisei
125523,Carangidae,125523,needs_id,2017-03-29,False,0,8.5970647922,-83.3023924782,scientificname,Carangidae
275264,Canthigaster punctatissima,275264,research,2017-03-29,False,0,8.5970647922,-83.3023924782,scientificname,Canthigaster punctatissima
273527,Bodianus diplotaenia,273527,research,2017-03-29,False,0,8.5970647922,-83.3023924782,scientificname,Bodianus diplotaenia
275234,Balistes polylepis,275234,research,2017-03-29,True,1,8.5970647922,-83.3023924782,scientificname,Balistes polylepis
273584,Thalassoma lucasanum,273584,research,2017-03-29,False,0,8.5970647922,-83.3023924782,scientificname,Thalassoma lucasanum
535677,Corambe pacifica,535677,research,2021-03-27,False,0,31.8630666667,-116.6672138889,scientificname,Corambe pacifica
1562,Ammotheidae,1562,needs_id,2021-03-26,False,0,31.8630201534,-116.6673815171,scientificname,Ammotheidae
137954,Eubranchus,137954,casual,2020-02-12,True,2,31.863025,-116.6673444444,scientificname,Eubranchus
385576,Nuttallina,385576,needs_id,2020-08-23,False,0,31.8614104615,-116.6676603109,scientificname,Nuttallina
224570,Caenogastropoda,224570,needs_id,2021-06-01,False,0,31.8630611111,-116.66745,scientificname,Caenogastropoda
528084,Megastraea undosa,528084,needs_id,2021-06-08,False,0,31.8630011013,-116.667327717,scientificname,Megastraea undosa
529363,Apostichopus californicus,529363,needs_id,2021-06-08,False,0,31.8629737649,-116.667327717,scientificname,Apostichopus californicus
580674,Neobernaya spadicea,580674,research,2020-09-15,False,0,31.8629416667,-116.6672888889,scientificname,Neobernaya spadicea
491054,Kelletia kelletii,491054,needs_id,2020-01-31,False,0,31.8629666667,-116.6674055556,scientificname,Kelletia kelletii
123084,Ophiuroidea,123084,needs_id,2020-04-28,False,0,31.8614667004,-116.6677568704,scientificname,Ophiuroidea
240765,Aplysia californica,240765,research,2021-03-26,True,1,31.8614884741,-116.6677139551,scientificname,Aplysia californica
137654,Aplysia,137654,needs_id,2021-03-26,True,2,31.8614884741,-116.6677139551,scientificname,Aplysia
279617,Anisotremus davidsonii,279617,research,2020-10-04,False,0,31.8621346197,-116.6580166942,scientificname,Anisotremus davidsonii
282054,Paralabrax clathratus,282054,research,2020-10-04,True,1,31.8621346197,-116.6580166942,scientificname,Paralabrax clathratus
137654,Aplysia,137654,needs_id,2020-10-04,False,0,31.8621346197,-116.6580166942,scientificname,Aplysia
287556,Muricea californica,287556,research,2020-10-04,False,0,31.8621346197,-116.6580166942,scientificname,Muricea californica
177745,Muricea,177745,needs_id,2020-10-04,False,0,31.8621346197,-116.6580166942,scientificname,Muricea
283377,Anthopleura xanthogrammica,283377,research,2020-08-23,False,0,31.8614429126,-116.6678259363,scientificname,Anthopleura xanthogrammica
341951,Octopus bimaculatus,341951,needs_id,2020-08-23,False,0,31.8614793618,-116.6678410944,scientificname,Octopus bimaculatus
280219,Clinocottus analis,280219,needs_id,2020-08-23,True,1,31.8614793618,-116.6678410944,scientificname,Clinocottus analis
280219,Clinocottus analis,280219,needs_id,2020-08-23,True,1,31.8614793618,-116.6678410944,scientificname,Clinocottus analis
240753,Anthopleura sola,240753,research,2021-02-10,False,0,31.8614611372,-116.6677401056,scientificname,Anthopleura sola
240753,Anthopleura sola,240753,research,2019-12-26,True,1,31.8612833333,-116.6680305556,scientificname,Anthopleura sola
367769,Stenoplax,367769,needs_id,2019-12-26,False,0,31.8613333333,-116.6677694444,scientificname,Stenoplax
591102,Mesocentrotus franciscanus,591102,needs_id,2019-12-28,False,0,31.8614808425,-116.6676820311,scientificname,Mesocentrotus franciscanus
123084,Ophiuroidea,123084,needs_id,2019-12-28,False,0,31.8616472222,-116.6674888889,scientificname,Ophiuroidea
848098,Stenoplax conspicua,848098,research,2019-12-26,False,0,31.8614583333,-116.6673277778,scientificname,Stenoplax conspicua
240747,Strongylocentrotus purpuratus,240747,needs_id,2019-12-28,False,0,31.8613694444,-116.667525,scientificname,Strongylocentrotus purpuratus
568031,Aplysia vaccaria,568031,needs_id,2019-12-28,False,0,31.8615388889,-116.6681277778,scientificname,Aplysia vaccaria
123084,Ophiuroidea,123084,needs_id,2019-12-28,False,0,31.861525,-116.6681277778,scientificname,Ophiuroidea
248339,Heptacarpus,248339,needs_id,2019-12-28,False,0,31.861525,-116.6681277778,scientificname,Heptacarpus
123084,Ophiuroidea,123084,needs_id,2019-12-28,False,0,31.8615222222,-116.6681361111,scientificname,Ophiuroidea
367837,Mytilus californianus,367837,needs_id,2019-12-28,False,0,31.86145,-116.6678388889,scientificname,Mytilus californianus
535329,Pollicipes polymerus,535329,research,2019-12-28,False,0,31.86145,-116.6678388889,scientificname,Pollicipes polymerus
531262,Triopha maculata,531262,research,2020-02-17,False,0,31.8630166667,-116.6673666667,scientificname,Triopha maculata
382131,Patiria miniata,382131,research,2020-02-15,False,0,31.8628666667,-116.6673444444,scientificname,Patiria miniata
575441,Melibe leonina,575441,research,2020-02-07,False,0,31.8630194444,-116.6673444444,scientificname,Melibe leonina
386784,Chiton stokesii,386784,research,2017-04-29,False,0,10.942263,-85.7128096,scientificname,Chiton stokesii
14355,Stomatopoda,14355,needs_id,2017-04-30,False,0,10.9253412257,-85.800109771,scientificname,Stomatopoda
123083,Holothuroidea,123083,needs_id,2017-04-30,False,0,10.9253412257,-85.800109771,scientificname,Holothuroidea
386331,Tonicia forbesii,386331,research,2017-04-30,False,0,10.9253412257,-85.800109771,scientificname,Tonicia forbesii
206125,Iphione,206125,needs_id,2017-04-30,False,0,10.9253412257,-85.800109771,scientificname,Iphione
464493,Pinctada mazatlanica,464493,needs_id,2017-04-30,False,0,10.9253412257,-85.800109771,scientificname,Pinctada mazatlanica
558,Porifera,558,needs_id,2017-04-30,False,0,10.9253412257,-85.800109771,scientificname,Porifera
415414,Gemophos,415414,needs_id,2017-04-30,False,0,10.9253412257,-85.800109771,scientificname,Gemophos
386331,Tonicia forbesii,386331,research,2017-04-30,False,0,10.9253412257,-85.800109771,scientificname,Tonicia forbesii
125185,Holothuria (Thymiosycia) impatiens,732340,needs_id,2017-04-30,False,0,10.9253412257,-85.800109771,scientificname,Holothuria impatiens
513266,Eucidaris thouarsii,513266,needs_id,2017-04-30,False,0,10.9253412257,-85.800109771,scientificname,Eucidaris thouarsii
1264073,Exaiptasia diaphana,1264073,research,2017-04-30,False,0,10.9253412257,-85.800109771,scientificname,Exaiptasia diaphana
117802,Pennaria disticha,117802,needs_id,2017-04-30,False,0,10.9253412257,-85.800109771,scientificname,Pennaria disticha
125185,Holothuria (Thymiosycia) impatiens,732340,needs_id,2017-04-30,False,0,10.9253412257,-85.800109771,scientificname,Holothuria impatiens
513266,Eucidaris thouarsii,513266,needs_id,2017-04-30,False,0,10.9253412257,-85.800109771,scientificname,Eucidaris thouarsii
985,Sabellidae,985,needs_id,2017-04-30,False,0,10.9253412257,-85.800109771,scientificname,Sabellidae
246351,Neaxius,246351,needs_id,2017-04-30,False,0,10.9253412257,-85.800109771,scientificname,Neaxius
181218,Pleurobranchus areolatus,181218,research,2017-04-29,False,0,10.942263,-85.7128096,scientificname,Pleurobranchus areolatus
529627,Pseudocnus californicus,529627,needs_id,2017-04-29,False,0,10.942263,-85.7128096,scientificname,Pseudocnus californicus
266129,Rhopalaea birkelandi,266129,research,2017-04-29,False,0,10.942263,-85.7128096,scientificname,Rhopalaea birkelandi
513266,Eucidaris thouarsii,513266,needs_id,2017-04-29,False,0,10.942263,-85.7128096,scientificname,Eucidaris thouarsii
529627,Pseudocnus californicus,529627,needs_id,2017-04-29,False,0,10.942263,-85.7128096,scientificname,Pseudocnus californicus
123456,Holothuria,123456,needs_id,2017-04-29,False,0,10.942263,-85.7128096,scientificname,Holothuria
123111,Dendrochirotida,123111,needs_id,2017-04-29,False,0,10.942263,-85.7128096,scientificname,Dendrochirotida
1360,Actiniaria,1360,needs_id,2017-04-29,False,0,10.942263,-85.7128096,scientificname,Actiniaria
106325,Bolinopsidae,106325,needs_id,2017-04-29,True,1,10.942263,-85.7128096,scientificname,Bolinopsidae
592954,Bunodosoma grande,592954,research,2017-04-29,False,0,10.942263,-85.7128096,scientificname,Bunodosoma grande
513609,Toxopneustes roseus,513609,research,2017-04-29,False,0,10.942263,-85.7128096,scientificname,Toxopneustes roseus
217469,Echidna nebulosa,217469,research,2017-04-29,False,0,10.942263,-85.7128096,scientificname,Echidna nebulosa
513266,Eucidaris thouarsii,513266,needs_id,2017-04-29,False,0,10.942263,-85.7128096,scientificname,Eucidaris thouarsii
123084,Ophiuroidea,123084,needs_id,2017-04-29,False,0,10.942263,-85.7128096,scientificname,Ophiuroidea
123111,Dendrochirotida,123111,needs_id,2017-04-29,False,0,10.942263,-85.7128096,scientificname,Dendrochirotida
1039511,Catolasmus pilsbryi,1039511,research,2017-04-29,False,0,10.942263,-85.7128096,scientificname,Catolasmus pilsbryi
271900,Muraena lentiginosa,271900,research,2017-04-29,False,0,10.942263,-85.7128096,scientificname,Muraena lentiginosa
513244,Echinometra vanbrunti,513244,needs_id,2017-04-29,False,0,10.942263,-85.7128096,scientificname,Echinometra vanbrunti
273126,Ophioblennius steindachneri,273126,research,2017-04-29,False,0,10.942263,-85.7128096,scientificname,Ophioblennius steindachneri
117190,Pennaria,117190,needs_id,2017-04-29,False,0,10.942263,-85.7128096,scientificname,Pennaria
513609,Toxopneustes roseus,513609,research,2017-04-29,False,0,10.942263,-85.7128096,scientificname,Toxopneustes roseus
276658,Stegastes acapulcoensis,276658,needs_id,2017-04-29,False,0,10.942263,-85.7128096,scientificname,Stegastes acapulcoensis
513223,Diadema mexicanum,513223,needs_id,2017-04-29,False,0,10.942263,-85.7128096,scientificname,Diadema mexicanum
125523,Carangidae,125523,needs_id,2017-04-29,False,0,10.942263,-85.7128096,scientificname,Carangidae
513619,Tripneustes depressus,513619,research,2017-04-29,False,0,10.942263,-85.7128096,scientificname,Tripneustes depressus
513244,Echinometra vanbrunti,513244,needs_id,2017-04-29,False,0,10.942263,-85.7128096,scientificname,Echinometra vanbrunti
712980,Aetobatus laticeps,712980,research,2017-04-29,True,3,10.942263,-85.7128096,scientificname,Aetobatus laticeps
370899,Pentaceraster cumingi,370899,research,2017-04-29,False,0,10.942263,-85.7128096,scientificname,Pentaceraster cumingi
138268,Octopus,138268,needs_id,2017-04-29,False,0,10.942263,-85.7128096,scientificname,Octopus
513619,Tripneustes depressus,513619,research,2017-04-29,False,0,10.942263,-85.7128096,scientificname,Tripneustes depressus
271900,Muraena lentiginosa,271900,research,2017-04-29,False,0,10.942263,-85.7128096,scientificname,Muraena lentiginosa
210968,Euapta godeffroyi,210968,needs_id,2017-04-29,False,0,10.942263,-85.7128096,scientificname,Euapta godeffroyi
513223,Diadema mexicanum,513223,needs_id,2017-04-29,False,0,10.942263,-85.7128096,scientificname,Diadema mexicanum
217966,Fistularia commersonii,217966,research,2017-04-29,False,0,10.942263,-85.7128096,scientificname,Fistularia commersonii
513266,Eucidaris thouarsii,513266,needs_id,2017-04-29,False,0,10.942263,-85.7128096,scientificname,Eucidaris thouarsii
513223,Diadema mexicanum,513223,needs_id,2017-04-29,False,0,10.942263,-85.7128096,scientificname,Diadema mexicanum
1264073,Exaiptasia diaphana,1264073,research,2017-04-29,False,0,10.942263,-85.7128096,scientificname,Exaiptasia diaphana
1264073,Exaiptasia diaphana,1264073,research,2017-04-29,False,0,10.942263,-85.7128096,scientificname,Exaiptasia diaphana
132044,Placospongia,132044,needs_id,2017-04-30,False,0,10.9209212,-85.7999758,scientificname,Placospongia
123084,Ophiuroidea,123084,needs_id,2017-04-30,False,0,10.9209212,-85.7999758,scientificname,Ophiuroidea
513619,Tripneustes depressus,513619,needs_id,2017-04-30,False,0,10.9209212,-85.7999758,scientificname,Tripneustes depressus
271900,Muraena lentiginosa,271900,research,2024-05-26,False,0,10.853905667,-85.9544582591,scientificname,Muraena lentiginosa
218853,Cirrhitichthys oxycephalus,218853,research,2024-05-26,True,1,10.853905667,-85.9544582591,scientificname,Cirrhitichthys oxycephalus
275756,Halichoeres chierchiae,275756,research,2024-05-26,False,0,10.853905667,-85.9544582591,scientificname,Halichoeres chierchiae
276016,Holacanthus passer,276016,research,2024-05-26,True,1,10.853905667,-85.9544582591,scientificname,Holacanthus passer
529159,Cucumaria flamma,529159,needs_id,2024-05-26,False,0,10.853905667,-85.9544582591,scientificname,Cucumaria flamma
218865,Oxycirrhites typus,218865,research,2024-05-26,True,1,10.853905667,-85.9544582591,scientificname,Oxycirrhites typus
275264,Canthigaster punctatissima,275264,research,2024-05-26,False,0,10.853905667,-85.9544582591,scientificname,Canthigaster punctatissima
125302,Leptogorgia,125302,needs_id,2024-05-26,False,0,10.853905667,-85.9544582591,scientificname,Leptogorgia
125302,Leptogorgia,125302,needs_id,2024-05-26,False,0,10.853905667,-85.9544582591,scientificname,Leptogorgia
279152,Cephalopholis panamensis,279152,research,2024-05-26,False,0,10.853905667,-85.9544582591,scientificname,Cephalopholis panamensis
286209,Leptogorgia alba,286209,needs_id,2024-05-26,False,0,10.853905667,-85.9544582591,scientificname,Leptogorgia alba
271900,Muraena lentiginosa,271900,needs_id,2024-05-26,True,1,10.853905667,-85.9544582591,scientificname,Muraena lentiginosa
275957,Rypticus bicolor,275957,research,2024-05-26,False,0,10.853905667,-85.9544582591,scientificname,Rypticus bicolor
210873,Holothuria (Stauropora) fuscocinerea,1544535,needs_id,2024-05-26,False,0,10.853905667,-85.9544582591,scientificname,Holothuria fuscocinerea
169650,Aplysina gerardogreeni,169650,research,2024-05-26,True,1,10.853905667,-85.9544582591,scientificname,Aplysina gerardogreeni
291251,Tubastraea coccinea,291251,needs_id,2024-05-26,False,0,10.853905667,-85.9544582591,scientificname,Tubastraea coccinea
513223,Diadema mexicanum,513223,needs_id,2024-05-26,False,0,10.853905667,-85.9544582591,scientificname,Diadema mexicanum
291251,Tubastraea coccinea,291251,needs_id,2024-05-26,False,0,10.853905667,-85.9544582591,scientificname,Tubastraea coccinea
271898,Muraena clepsydra,271898,needs_id,2024-05-26,True,1,10.853905667,-85.9544582591,scientificname,Muraena clepsydra
206485,Porites,206485,needs_id,2024-05-26,False,0,10.853905667,-85.9544582591,scientificname,Porites
210873,Holothuria (Stauropora) fuscocinerea,1544535,needs_id,2024-05-26,False,0,10.853905667,-85.9544582591,scientificname,Holothuria fuscocinerea
1026118,Mobula birostris,1026118,research,2024-05-26,True,1,10.9274725084,-85.9213088285,scientificname,Mobula birostris
273858,Epinephelus labriformis,273858,research,2024-05-26,False,0,10.853905667,-85.9544582591,scientificname,Epinephelus labriformis
273904,Serranus psittacinus,273904,research,2024-05-26,False,0,10.853905667,-85.9544582591,scientificname,Serranus psittacinus
464493,Pinctada mazatlanica,464493,needs_id,2024-05-26,False,0,10.853905667,-85.9544582591,scientificname,Pinctada mazatlanica
105792,Carcharhinus leucas,105792,research,2024-05-26,True,3,10.9501970992,-85.8922836336,scientificname,Carcharhinus leucas
276658,Stegastes acapulcoensis,276658,needs_id,2024-03-03,False,0,11.025629,-85.751292,scientificname,Stegastes acapulcoensis
275264,Canthigaster punctatissima,275264,research,2024-03-03,False,0,11.025629,-85.751292,scientificname,Canthigaster punctatissima
513223,Diadema mexicanum,513223,needs_id,2024-03-03,False,0,11.025629,-85.751292,scientificname,Diadema mexicanum
123111,Dendrochirotida,123111,needs_id,2024-03-03,False,0,11.025629,-85.751292,scientificname,Dendrochirotida
123083,Holothuroidea,123083,needs_id,2024-03-03,False,0,10.942263,-85.7128096,scientificname,Holothuroidea
513244,Echinometra vanbrunti,513244,needs_id,2024-03-03,False,0,11.025629,-85.751292,scientificname,Echinometra vanbrunti
592954,Bunodosoma grande,592954,research,2024-03-03,False,0,11.025629,-85.751292,scientificname,Bunodosoma grande
206938,Pocillopora,206938,needs_id,2024-03-03,False,0,10.942263,-85.7128096,scientificname,Pocillopora
1580692,Azurina atrilobata,1580692,needs_id,2024-03-03,False,0,10.942263,-85.7128096,scientificname,Azurina atrilobata
289201,Pavona gigantea,289201,needs_id,2024-03-03,False,0,10.942263,-85.7128096,scientificname,Pavona gigantea
254919,Nidorellia armata,254919,research,2024-03-03,False,0,10.942263,-85.7128096,scientificname,Nidorellia armata
217966,Fistularia commersonii,217966,research,2024-03-03,False,0,10.942263,-85.7128096,scientificname,Fistularia commersonii
219926,Arothron meleagris,219926,research,2024-03-03,True,1,10.942263,-85.7128096,scientificname,Arothron meleagris
513223,Diadema mexicanum,513223,needs_id,2024-03-03,False,0,10.942263,-85.7128096,scientificname,Diadema mexicanum
125449,Synodontidae,125449,needs_id,2024-03-03,False,0,11.025629,-85.751292,scientificname,Synodontidae
11718,Octopoda,11718,needs_id,2024-03-03,False,0,11.025629,-85.751292,scientificname,Octopoda
145,Naticidae,145,needs_id,2024-03-02,False,0,10.9737363,-85.7461548,scientificname,Naticidae
410241,Malea ringens,410241,research,2024-03-02,False,0,10.9737363,-85.7461548,scientificname,Malea ringens
291114,Stellamedusa ventana,291114,research,2024-03-02,True,3,10.9737363,-85.7461548,scientificname,Stellamedusa ventana
982,Terebellidae,982,needs_id,2024-03-02,False,0,10.9737363,-85.7461548,scientificname,Terebellidae
988,Serpulidae,988,needs_id,2024-03-02,False,0,10.9737363,-85.7461548,scientificname,Serpulidae
529159,Cucumaria flamma,529159,needs_id,2024-03-02,False,0,10.9737363,-85.7461548,scientificname,Cucumaria flamma
988,Serpulidae,988,needs_id,2024-03-02,False,0,10.9737363,-85.7461548,scientificname,Serpulidae
252289,Botrylloides niger,252289,needs_id,2024-03-02,False,0,10.9737363,-85.7461548,scientificname,Botrylloides niger
137224,Pyrosoma,137224,needs_id,2024-03-02,False,0,10.9737363,-85.7461548,scientificname,Pyrosoma
1774,Ostreida,1774,needs_id,2024-03-02,True,1,10.9737363,-85.7461548,scientificname,Ostreida
291251,Tubastraea coccinea,291251,needs_id,2024-03-02,False,0,10.9737363,-85.7461548,scientificname,Tubastraea coccinea
137213,Pyrosomatida,137213,needs_id,2024-03-02,False,0,10.9737363,-85.7461548,scientificname,Pyrosomatida
982,Terebellidae,982,needs_id,2024-03-02,False,0,10.9737363,-85.7461548,scientificname,Terebellidae
513609,Toxopneustes roseus,513609,needs_id,2024-03-02,False,0,10.9737363,-85.7461548,scientificname,Toxopneustes roseus
513266,Eucidaris thouarsii,513266,needs_id,2024-03-02,False,0,10.9737363,-85.7461548,scientificname,Eucidaris thouarsii
292797,Phataria unifascialis,292797,needs_id,2024-03-02,False,0,10.9737363,-85.7461548,scientificname,Phataria unifascialis
286209,Leptogorgia alba,286209,needs_id,2024-03-02,False,0,10.9737363,-85.7461548,scientificname,Leptogorgia alba
529159,Cucumaria flamma,529159,needs_id,2024-03-02,False,0,10.9737363,-85.7461548,scientificname,Cucumaria flamma
123084,Ophiuroidea,123084,needs_id,2024-03-02,False,0,10.9737363,-85.7461548,scientificname,Ophiuroidea
291114,Stellamedusa ventana,291114,research,2024-03-02,True,4,10.9737363,-85.7461548,scientificname,Stellamedusa ventana
441967,Stenorhynchus debilis,441967,research,2024-03-02,False,0,10.9737363,-85.7461548,scientificname,Stenorhynchus debilis
137213,Pyrosomatida,137213,needs_id,2024-03-02,False,0,10.9737363,-85.7461548,scientificname,Pyrosomatida
558502,Chromolaichma sedna,558502,research,2024-03-02,True,2,10.9737363,-85.7461548,scientificname,Chromolaichma sedna
513223,Diadema mexicanum,513223,needs_id,2024-03-02,False,0,10.9737363,-85.7461548,scientificname,Diadema mexicanum
254919,Nidorellia armata,254919,needs_id,2024-03-02,False,0,10.9737363,-85.7461548,scientificname,Nidorellia armata
117802,Pennaria disticha,117802,needs_id,2024-05-25,False,0,10.9443855311,-85.7125593335,scientificname,Pennaria disticha
203822,Stegastes,203822,needs_id,2024-05-25,False,0,10.9437956433,-85.7111002118,scientificname,Stegastes
271898,Muraena clepsydra,271898,research,2024-05-25,True,2,10.9449754176,-85.7129026562,scientificname,Muraena clepsydra
513609,Toxopneustes roseus,513609,needs_id,2024-05-25,False,0,10.9436271037,-85.7109285504,scientificname,Toxopneustes roseus
513609,Toxopneustes roseus,513609,needs_id,2024-05-25,False,0,10.9441327222,-85.711872688,scientificname,Toxopneustes roseus
271900,Muraena lentiginosa,271900,research,2024-05-25,False,0,10.9439641828,-85.7133318097,scientificname,Muraena lentiginosa
206732,Cephalopholis,206732,needs_id,2024-05-25,False,0,10.9443855311,-85.7129884869,scientificname,Cephalopholis
286209,Leptogorgia alba,286209,needs_id,2024-05-25,False,0,10.9444698006,-85.7133318097,scientificname,Leptogorgia alba
266129,Rhopalaea birkelandi,266129,research,2024-05-25,False,0,10.9446383397,-85.7127309948,scientificname,Rhopalaea birkelandi
123179,Toxopneustidae,123179,needs_id,2024-05-25,False,0,10.9449754176,-85.7133318097,scientificname,Toxopneustidae
289201,Pavona gigantea,289201,needs_id,2024-05-25,False,0,10.9444698006,-85.7142759472,scientificname,Pavona gigantea
513609,Toxopneustes roseus,513609,needs_id,2024-05-25,False,0,10.9453124951,-85.7145334393,scientificname,Toxopneustes roseus
513266,Eucidaris thouarsii,513266,needs_id,2024-05-25,False,0,10.9461773805,-85.715659543,scientificname,Eucidaris thouarsii
131868,Clathria,131868,needs_id,2024-05-25,False,0,10.945059687,-85.7138467938,scientificname,Clathria
289201,Pavona gigantea,289201,needs_id,2024-05-25,False,0,10.9448700611,-85.713085462,scientificname,Pavona gigantea
292797,Phataria unifascialis,292797,needs_id,2024-05-25,False,0,10.9448700611,-85.7131712927,scientificname,Phataria unifascialis
529516,Isostichopus fuscus,529516,needs_id,2024-05-25,False,0,10.8074416368,-85.7754379417,scientificname,Isostichopus fuscus
292797,Phataria unifascialis,292797,needs_id,2024-05-25,False,0,10.9447857917,-85.7134287847,scientificname,Phataria unifascialis
291251,Tubastraea coccinea,291251,needs_id,2024-05-25,False,0,10.9442801744,-85.7136004461,scientificname,Tubastraea coccinea
131868,Clathria,131868,needs_id,2024-05-25,False,0,10.9437745562,-85.711712171,scientificname,Clathria
513266,Eucidaris thouarsii,513266,needs_id,2024-05-25,False,0,10.9441959047,-85.7145445837,scientificname,Eucidaris thouarsii
529159,Cucumaria flamma,529159,needs_id,2024-05-25,False,0,10.9445340915,-85.714566039,scientificname,Cucumaria flamma
219925,Arothron hispidus,219925,research,2024-05-25,True,1,10.9435410534,-85.7136648157,scientificname,Arothron hispidus
529159,Cucumaria flamma,529159,needs_id,2024-05-25,False,0,10.943609365,-85.7135789827,scientificname,Cucumaria flamma
513609,Toxopneustes roseus,513609,needs_id,2024-05-25,False,0,10.9434089174,-85.713235656,scientificname,Toxopneustes roseus
1292,Anthozoa,1292,needs_id,2024-05-25,False,0,10.9431823257,-85.7119052789,scientificname,Anthozoa
123084,Ophiuroidea,123084,needs_id,2024-05-25,False,0,10.942897683,-85.7131927353,scientificname,Ophiuroidea
513266,Eucidaris thouarsii,513266,needs_id,2024-05-25,False,0,10.9432034598,-85.7106738953,scientificname,Eucidaris thouarsii
292795,Pharia pyramidata,292795,needs_id,2024-05-25,False,0,10.9421074776,-85.7133083443,scientificname,Pharia pyramidata
1475481,Ascidia sideralis,1475481,needs_id,2024-05-25,False,0,10.9448841131,-85.7120274141,scientificname,Ascidia sideralis
1475481,Ascidia sideralis,1475481,needs_id,2024-05-25,False,0,10.9445470351,-85.71151243,scientificname,Ascidia sideralis
266129,Rhopalaea birkelandi,266129,needs_id,2024-05-25,False,0,10.9445470351,-85.7117699221,scientificname,Rhopalaea birkelandi
291251,Tubastraea coccinea,291251,needs_id,2024-05-25,False,0,10.9442942264,-85.7117699221,scientificname,Tubastraea coccinea
291251,Tubastraea coccinea,291251,needs_id,2024-05-25,False,0,10.9447155742,-85.71151243,scientificname,Tubastraea coccinea
291251,Tubastraea coccinea,291251,needs_id,2024-05-25,False,0,10.9445470351,-85.7115982607,scientificname,Tubastraea coccinea
100766,Telmatactis,100766,needs_id,2024-05-25,False,0,10.9445470351,-85.7112549379,scientificname,Telmatactis
289201,Pavona gigantea,289201,needs_id,2024-05-25,False,0,10.9447155742,-85.7115982607,scientificname,Pavona gigantea
138268,Octopus,138268,needs_id,2024-05-25,False,0,10.9446313047,-85.7112549379,scientificname,Octopus
138268,Octopus,138268,needs_id,2024-05-25,False,0,10.9442942264,-85.7113407686,scientificname,Octopus
131868,Clathria,131868,needs_id,2024-05-25,False,0,10.944378496,-85.7111691072,scientificname,Clathria
513266,Eucidaris thouarsii,513266,needs_id,2024-05-25,False,0,10.9445470351,-85.7112549379,scientificname,Eucidaris thouarsii
513266,Eucidaris thouarsii,513266,needs_id,2024-05-25,False,0,10.9444832582,-85.7111690994,scientificname,Eucidaris thouarsii
131868,Clathria,131868,needs_id,2024-05-25,False,0,10.9445993773,-85.711254934,scientificname,Clathria
513266,Eucidaris thouarsii,513266,needs_id,2024-05-25,False,0,10.9439458208,-85.7108257727,scientificname,Eucidaris thouarsii
127403,Diodon hystrix,127403,research,2024-05-25,True,1,10.9439982774,-85.7109974302,scientificname,Diodon hystrix
206732,Cephalopholis,206732,needs_id,2024-05-25,False,0,10.9441509139,-85.7112549183,scientificname,Cephalopholis
513138,Astropyga pulvinata,513138,needs_id,2024-05-25,False,0,10.9436135041,-85.7112549144,scientificname,Astropyga pulvinata
290437,Myriopathes panamensis,290437,needs_id,2024-03-02,False,0,10.9433763512,-85.7125955269,scientificname,Myriopathes panamensis
370915,Mithrodia bradleyi,370915,needs_id,2024-03-02,False,0,10.9436291608,-85.7122522041,scientificname,Mithrodia bradleyi
271900,Muraena lentiginosa,271900,research,2024-03-02,True,1,10.9437134306,-85.7126813576,scientificname,Muraena lentiginosa
367402,Aniculus elegans,367402,research,2024-03-03,False,0,10.9443033185,-85.7126813576,scientificname,Aniculus elegans
513266,Eucidaris thouarsii,513266,needs_id,2024-03-03,False,0,10.9438819701,-85.712853019,scientificname,Eucidaris thouarsii
513266,Eucidaris thouarsii,513266,needs_id,2024-03-03,False,0,10.9440505095,-85.7130246803,scientificname,Eucidaris thouarsii
273584,Thalassoma lucasanum,273584,research,2024-03-02,True,1,10.9445401723,-85.7131963417,scientificname,Thalassoma lucasanum
513223,Diadema mexicanum,513223,needs_id,2024-03-02,False,0,10.945214328,-85.712853019,scientificname,Diadema mexicanum
513223,Diadema mexicanum,513223,needs_id,2024-03-02,False,0,10.9443716332,-85.7131963417,scientificname,Diadema mexicanum
529159,Cucumaria flamma,529159,needs_id,2024-03-02,False,0,10.9446244419,-85.712853019,scientificname,Cucumaria flamma
529159,Cucumaria flamma,529159,needs_id,2024-03-02,False,0,10.944203094,-85.712853019,scientificname,Cucumaria flamma
291251,Tubastraea coccinea,291251,needs_id,2024-03-02,False,0,10.944203094,-85.7129388497,scientificname,Tubastraea coccinea
513619,Tripneustes depressus,513619,needs_id,2024-03-02,False,0,10.9443716332,-85.7125955269,scientificname,Tripneustes depressus
274726,Scorpaena mystes,274726,needs_id,2024-03-02,False,0,10.9442873636,-85.7130246803,scientificname,Scorpaena mystes
206938,Pocillopora,206938,needs_id,2024-03-03,False,0,10.9439502849,-85.7126813576,scientificname,Pocillopora
292797,Phataria unifascialis,292797,needs_id,2024-03-02,False,0,10.9443716332,-85.7123380348,scientificname,Phataria unifascialis
292795,Pharia pyramidata,292795,needs_id,2024-03-02,False,0,10.9439502849,-85.712853019,scientificname,Pharia pyramidata
289201,Pavona gigantea,289201,needs_id,2024-03-02,False,0,10.9436655075,-85.7130246764,scientificname,Pavona gigantea
464493,Pinctada mazatlanica,464493,needs_id,2024-03-02,False,0,10.9436655075,-85.7122307453,scientificname,Pinctada mazatlanica
219925,Arothron hispidus,219925,research,2024-03-02,True,1,10.9436916751,-85.7134752768,scientificname,Arothron hispidus
1475481,Ascidia sideralis,1475481,needs_id,2024-03-02,False,0,10.9430698969,-85.7127027967,scientificname,Ascidia sideralis
117190,Pennaria,117190,needs_id,2024-06-23,False,0,10.9699023348,-85.7244825736,scientificname,Pennaria
